product_id,parent_product_id,base_product_name,product_name,brand_id,brand_name,manufacturer,category_id,category_name,subcategory_id,subcategory_name,product_type,variations_or_target,priority,note,source_url,is_active,content_amount,flavor,scent,variant_source,split_status,needs_research,review_reason,verification_status,verified_source_url,verified_note,verified_at
product_0004_vf002,product_0004,銀のスプーン パウチ,銀のスプーン パウチ まぐろ 60g×12個,brand_066,銀のスプーン,ユニ・チャーム,cat_food,フード,subcat_002,ウェットフード,シリーズ,まぐろ・かつお・ささみ・ジュレ系,A,量販店・ECでの初期マスタ優先度高,https://jp.unicharmpet.com/ja/ginnospoon/products/food/4520699634195.html,true,60g×12個,まぐろ,該当なし,official_or_maker_source_verified,verified_content_flavor_sku,false,,verified,https://jp.unicharmpet.com/ja/ginnospoon/products/food/4520699634195.html,公式商品ページでパウチの味・容量を確認,2026-07-08
product_0004_vf004,product_0004,銀のスプーン パウチ,銀のスプーン パウチ まぐろ・かつおにかつお節入り 60g×12個,brand_066,銀のスプーン,ユニ・チャーム,cat_food,フード,subcat_002,ウェットフード,シリーズ,まぐろ・かつお・ささみ・ジュレ系,A,量販店・ECでの初期マスタ優先度高,https://jp.unicharmpet.com/ja/ginnospoon/products/food/4520699634195.html,true,60g×12個,まぐろ・かつおにかつお節入り,該当なし,official_or_maker_source_verified,verified_content_flavor_sku,false,,verified,https://jp.unicharmpet.com/ja/ginnospoon/products/food/4520699634195.html,公式商品ページでパウチの味・容量を確認,2026-07-08
product_0004_vf006,product_0004,銀のスプーン パウチ,銀のスプーン パウチ まぐろ・かつおにささみ入り 60g×12個,brand_066,銀のスプーン,ユニ・チャーム,cat_food,フード,subcat_002,ウェットフード,シリーズ,まぐろ・かつお・ささみ・ジュレ系,A,量販店・ECでの初期マスタ優先度高,https://jp.unicharmpet.com/ja/ginnospoon/products/food/4520699634195.html,true,60g×12個,まぐろ・かつおにささみ入り,該当なし,official_or_maker_source_verified,verified_content_flavor_sku,false,,verified,https://jp.unicharmpet.com/ja/ginnospoon/products/food/4520699634195.html,公式商品ページでパウチの味・容量を確認,2026-07-08
product_0004_vf008,product_0004,銀のスプーン パウチ,銀のスプーン パウチ まぐろ・かつおにしらす入り 60g×12個,brand_066,銀のスプーン,ユニ・チャーム,cat_food,フード,subcat_002,ウェットフード,シリーズ,まぐろ・かつお・ささみ・ジュレ系,A,量販店・ECでの初期マスタ優先度高,https://jp.unicharmpet.com/ja/ginnospoon/products/food/4520699634195.html,true,60g×12個,まぐろ・かつおにしらす入り,該当なし,official_or_maker_source_verified,verified_content_flavor_sku,false,,verified,https://jp.unicharmpet.com/ja/ginnospoon/products/food/4520699634195.html,公式商品ページでパウチの味・容量を確認,2026-07-08
product_0008_vf002,product_0008,AllWell 室内猫用,AllWell 室内猫用 フィッシュ味 800g(400g×2袋),brand_001,AllWell,ユニ・チャーム,cat_food,フード,subcat_001,ドライフード,シリーズ,室内猫向け,A,健康訴求フードとして登録推奨,https://jp.unicharmpet.com/ja/allwell/lineup.html,true,800g(400g×2袋),フィッシュ味,該当なし,official_or_maker_source_verified,verified_content_flavor_sku,false,,verified,https://jp.unicharmpet.com/ja/allwell/lineup.html,公式ラインアップで室内猫用の味・容量を確認,2026-07-08
product_0008_vf003,product_0008,AllWell 室内猫用,AllWell 室内猫用 フィッシュ味 1.6kg(400g×4袋),brand_001,AllWell,ユニ・チャーム,cat_food,フード,subcat_001,ドライフード,シリーズ,室内猫向け,A,健康訴求フードとして登録推奨,https://jp.unicharmpet.com/ja/allwell/lineup.html,true,1.6kg(400g×4袋),フィッシュ味,該当なし,official_or_maker_source_verified,verified_content_flavor_sku,false,,verified,https://jp.unicharmpet.com/ja/allwell/lineup.html,公式ラインアップで室内猫用の味・容量を確認,2026-07-08
product_0008_vf004,product_0008,AllWell 室内猫用,AllWell 室内猫用 フィッシュ味 2.5kg(500g×5袋),brand_001,AllWell,ユニ・チャーム,cat_food,フード,subcat_001,ドライフード,シリーズ,室内猫向け,A,健康訴求フードとして登録推奨,https://jp.unicharmpet.com/ja/allwell/lineup.html,true,2.5kg(500g×5袋),フィッシュ味,該当なし,official_or_maker_source_verified,verified_content_flavor_sku,false,,verified,https://jp.unicharmpet.com/ja/allwell/lineup.html,公式ラインアップで室内猫用の味・容量を確認,2026-07-08
product_0008_vf006,product_0008,AllWell 室内猫用,AllWell 室内猫用 チキン味 800g(400g×2袋),brand_001,AllWell,ユニ・チャーム,cat_food,フード,subcat_001,ドライフード,シリーズ,室内猫向け,A,健康訴求フードとして登録推奨,https://jp.unicharmpet.com/ja/allwell/lineup.html,true,800g(400g×2袋),チキン味,該当なし,official_or_maker_source_verified,verified_content_flavor_sku,false,,verified,https://jp.unicharmpet.com/ja/allwell/lineup.html,公式ラインアップで室内猫用の味・容量を確認,2026-07-08
product_0008_vf007,product_0008,AllWell 室内猫用,AllWell 室内猫用 チキン味 1.6kg(400g×4袋),brand_001,AllWell,ユニ・チャーム,cat_food,フード,subcat_001,ドライフード,シリーズ,室内猫向け,A,健康訴求フードとして登録推奨,https://jp.unicharmpet.com/ja/allwell/lineup.html,true,1.6kg(400g×4袋),チキン味,該当なし,official_or_maker_source_verified,verified_content_flavor_sku,false,,verified,https://jp.unicharmpet.com/ja/allwell/lineup.html,公式ラインアップで室内猫用の味・容量を確認,2026-07-08
product_0008_vf008,product_0008,AllWell 室内猫用,AllWell 室内猫用 チキン味 2.5kg(500g×5袋),brand_001,AllWell,ユニ・チャーム,cat_food,フード,subcat_001,ドライフード,シリーズ,室内猫向け,A,健康訴求フードとして登録推奨,https://jp.unicharmpet.com/ja/allwell/lineup.html,true,2.5kg(500g×5袋),チキン味,該当なし,official_or_maker_source_verified,verified_content_flavor_sku,false,,verified,https://jp.unicharmpet.com/ja/allwell/lineup.html,公式ラインアップで室内猫用の味・容量を確認,2026-07-08
product_0009_vf002,product_0009,AllWell 避妊・去勢した猫の体重ケア,AllWell 避妊・去勢した猫の体重ケア フィッシュ味 750g,brand_001,AllWell,ユニ・チャーム,cat_food,フード,subcat_001,ドライフード,シリーズ,体重ケア,A,健康訴求フードとして登録推奨,https://jp.unicharmpet.com/ja/allwell/lineup.html,true,750g,フィッシュ味,該当なし,official_or_maker_source_verified,verified_content_flavor_sku,false,,verified,https://jp.unicharmpet.com/ja/allwell/lineup.html,公式ラインアップで避妊・去勢後体重ケアの味・容量を確認,2026-07-08
product_0009_vf003,product_0009,AllWell 避妊・去勢した猫の体重ケア,AllWell 避妊・去勢した猫の体重ケア フィッシュ味 1.5kg,brand_001,AllWell,ユニ・チャーム,cat_food,フード,subcat_001,ドライフード,シリーズ,体重ケア,A,健康訴求フードとして登録推奨,https://jp.unicharmpet.com/ja/allwell/lineup.html,true,1.5kg,フィッシュ味,該当なし,official_or_maker_source_verified,verified_content_flavor_sku,false,,verified,https://jp.unicharmpet.com/ja/allwell/lineup.html,公式ラインアップで避妊・去勢後体重ケアの味・容量を確認,2026-07-08
product_0009_vf004,product_0009,AllWell 避妊・去勢した猫の体重ケア,AllWell 避妊・去勢した猫の体重ケア フィッシュ味 2.4kg,brand_001,AllWell,ユニ・チャーム,cat_food,フード,subcat_001,ドライフード,シリーズ,体重ケア,A,健康訴求フードとして登録推奨,https://jp.unicharmpet.com/ja/allwell/lineup.html,true,2.4kg,フィッシュ味,該当なし,official_or_maker_source_verified,verified_content_flavor_sku,false,,verified,https://jp.unicharmpet.com/ja/allwell/lineup.html,公式ラインアップで避妊・去勢後体重ケアの味・容量を確認,2026-07-08
product_0009_vf006,product_0009,AllWell 避妊・去勢した猫の体重ケア,AllWell 避妊・去勢した猫の体重ケア チキン味 2.4kg(480g×5袋),brand_001,AllWell,ユニ・チャーム,cat_food,フード,subcat_001,ドライフード,シリーズ,体重ケア,A,健康訴求フードとして登録推奨,https://jp.unicharmpet.com/ja/allwell/lineup.html,true,2.4kg(480g×5袋),チキン味,該当なし,official_or_maker_source_verified,verified_content_flavor_sku,false,,verified,https://jp.unicharmpet.com/ja/allwell/lineup.html,公式ラインアップで避妊・去勢後体重ケアの味・容量を確認,2026-07-08
product_0010_vf002,product_0010,AllWell 腎臓の健康維持用,AllWell 腎臓の健康維持用 フィッシュ味（10歳以上） 1.5kg,brand_001,AllWell,ユニ・チャーム,cat_food,フード,subcat_001,ドライフード,シリーズ,シニア/腎臓ケア系,A,健康訴求フードとして登録推奨,https://jp.unicharmpet.com/ja/allwell/lineup.html,true,1.5kg,フィッシュ味（10歳以上）,該当なし,official_or_maker_source_verified,verified_content_flavor_sku,false,,verified,https://jp.unicharmpet.com/ja/allwell/lineup.html,公式ラインアップで腎臓健康維持用の年齢別・容量を確認,2026-07-08
product_0010_vf003,product_0010,AllWell 腎臓の健康維持用,AllWell 腎臓の健康維持用 フィッシュ味（10歳以上） 2.4kg,brand_001,AllWell,ユニ・チャーム,cat_food,フード,subcat_001,ドライフード,シリーズ,シニア/腎臓ケア系,A,健康訴求フードとして登録推奨,https://jp.unicharmpet.com/ja/allwell/lineup.html,true,2.4kg,フィッシュ味（10歳以上）,該当なし,official_or_maker_source_verified,verified_content_flavor_sku,false,,verified,https://jp.unicharmpet.com/ja/allwell/lineup.html,公式ラインアップで腎臓健康維持用の年齢別・容量を確認,2026-07-08
product_0010_vf005,product_0010,AllWell 腎臓の健康維持用,AllWell 腎臓の健康維持用 フィッシュ味（15歳以上） 1.5kg,brand_001,AllWell,ユニ・チャーム,cat_food,フード,subcat_001,ドライフード,シリーズ,シニア/腎臓ケア系,A,健康訴求フードとして登録推奨,https://jp.unicharmpet.com/ja/allwell/lineup.html,true,1.5kg,フィッシュ味（15歳以上）,該当なし,official_or_maker_source_verified,verified_content_flavor_sku,false,,verified,https://jp.unicharmpet.com/ja/allwell/lineup.html,公式ラインアップで腎臓健康維持用の年齢別・容量を確認,2026-07-08
product_0010_vf006,product_0010,AllWell 腎臓の健康維持用,AllWell 腎臓の健康維持用 フィッシュ味（15歳以上） 2.4kg,brand_001,AllWell,ユニ・チャーム,cat_food,フード,subcat_001,ドライフード,シリーズ,シニア/腎臓ケア系,A,健康訴求フードとして登録推奨,https://jp.unicharmpet.com/ja/allwell/lineup.html,true,2.4kg,フィッシュ味（15歳以上）,該当なし,official_or_maker_source_verified,verified_content_flavor_sku,false,,verified,https://jp.unicharmpet.com/ja/allwell/lineup.html,公式ラインアップで腎臓健康維持用の年齢別・容量を確認,2026-07-08
product_0014_vf003,product_0014,Physicalife 下部尿路の健康維持,Physicalife（フィジカライフ） 室内猫用 チキン入り 1.8kg,brand_005,Physicalife,ユニ・チャーム,cat_food,フード,subcat_001,ドライフード,シリーズ,年齢・健康ニーズ別,B,プレミアム寄りの健康配慮シリーズ,https://jp.unicharmpet.com/ja/products/cat/food-physicalife-4520699656853.html,true,1.8kg,チキン入り,該当なし,official_or_maker_source_verified,verified_content_flavor_sku,false,,verified,https://jp.unicharmpet.com/ja/products/cat/food-physicalife-4520699656853.html,公式商品ページでPhysicalifeの対象・味・内容量を確認。下部尿路の健康維持タグ掲載商品としてSKU化。,2026-07-08
product_0014_vf005,product_0014,Physicalife 下部尿路の健康維持,Physicalife（フィジカライフ） 室内猫用 まぐろ入り 1.8kg,brand_005,Physicalife,ユニ・チャーム,cat_food,フード,subcat_001,ドライフード,シリーズ,年齢・健康ニーズ別,B,プレミアム寄りの健康配慮シリーズ,https://jp.unicharmpet.com/ja/products/cat/food-physicalife-4520699684351.html,true,1.8kg,まぐろ入り,該当なし,official_or_maker_source_verified,verified_content_flavor_sku,false,,verified,https://jp.unicharmpet.com/ja/products/cat/food-physicalife-4520699684351.html,公式商品ページでPhysicalifeの対象・味・内容量を確認。下部尿路の健康維持タグ掲載商品としてSKU化。,2026-07-08
product_0014_vf007,product_0014,Physicalife 下部尿路の健康維持,Physicalife（フィジカライフ） 10歳頃～ チキン入り 1.8kg,brand_005,Physicalife,ユニ・チャーム,cat_food,フード,subcat_001,ドライフード,シリーズ,年齢・健康ニーズ別,B,プレミアム寄りの健康配慮シリーズ,https://jp.unicharmpet.com/ja/products/cat/food-physicalife-4520699658819.html,true,1.8kg,チキン入り,該当なし,official_or_maker_source_verified,verified_content_flavor_sku,false,,verified,https://jp.unicharmpet.com/ja/products/cat/food-physicalife-4520699658819.html,公式商品ページでPhysicalifeの対象・味・内容量を確認。下部尿路の健康維持タグ掲載商品としてSKU化。,2026-07-08
product_0014_vf009,product_0014,Physicalife 下部尿路の健康維持,Physicalife（フィジカライフ） 室内猫用 ひざ・関節の健康維持用 チキン入り 1.8kg,brand_005,Physicalife,ユニ・チャーム,cat_food,フード,subcat_001,ドライフード,シリーズ,年齢・健康ニーズ別,B,プレミアム寄りの健康配慮シリーズ,https://jp.unicharmpet.com/ja/products/cat/food-physicalife-4520699697511.html,true,1.8kg,チキン入り,該当なし,official_or_maker_source_verified,verified_content_flavor_sku,false,,verified,https://jp.unicharmpet.com/ja/products/cat/food-physicalife-4520699697511.html,公式商品ページでPhysicalifeの対象・味・内容量を確認。下部尿路の健康維持タグ掲載商品としてSKU化。,2026-07-08
product_0015_vf002,product_0015,ねこ元気 ドライ,ねこ元気 ドライ お魚ミックス（まぐろ・かつお・白身魚入り） 2.0kg,brand_007,ねこ元気,ユニ・チャーム,cat_food,フード,subcat_001,ドライフード,シリーズ,ドライ/パウチ、年齢別,A,大衆価格帯の定番ブランド,https://jp.unicharmpet.com/ja/nekogenki/products/food/4520699600251.html,true,2.0kg,お魚ミックス（まぐろ・かつお・白身魚入り）,該当なし,official_or_maker_source_verified,verified_content_flavor_sku,false,,verified,https://jp.unicharmpet.com/ja/nekogenki/products/food/4520699600251.html,公式商品ページでドライの味・容量を確認,2026-07-08
product_0015_vf003,product_0015,ねこ元気 ドライ,ねこ元気 ドライ お魚ミックス（まぐろ・かつお・白身魚入り） 3.5kg,brand_007,ねこ元気,ユニ・チャーム,cat_food,フード,subcat_001,ドライフード,シリーズ,ドライ/パウチ、年齢別,A,大衆価格帯の定番ブランド,https://jp.unicharmpet.com/ja/nekogenki/products/food/4520699600251.html,true,3.5kg,お魚ミックス（まぐろ・かつお・白身魚入り）,該当なし,official_or_maker_source_verified,verified_content_flavor_sku,false,,verified,https://jp.unicharmpet.com/ja/nekogenki/products/food/4520699600251.html,公式商品ページでドライの味・容量を確認,2026-07-08
product_0015_vf005,product_0015,ねこ元気 ドライ,ねこ元気 ドライ お魚とお肉ミックス（まぐろ・白身魚・チキン・緑黄色野菜入り） 2.0kg,brand_007,ねこ元気,ユニ・チャーム,cat_food,フード,subcat_001,ドライフード,シリーズ,ドライ/パウチ、年齢別,A,大衆価格帯の定番ブランド,https://jp.unicharmpet.com/ja/nekogenki/products/food/4520699600251.html,true,2.0kg,お魚とお肉ミックス（まぐろ・白身魚・チキン・緑黄色野菜入り）,該当なし,official_or_maker_source_verified,verified_content_flavor_sku,false,,verified,https://jp.unicharmpet.com/ja/nekogenki/products/food/4520699600251.html,公式商品ページでドライの味・容量を確認,2026-07-08
product_0015_vf006,product_0015,ねこ元気 ドライ,ねこ元気 ドライ お魚とお肉ミックス（まぐろ・白身魚・チキン・緑黄色野菜入り） 3.5kg,brand_007,ねこ元気,ユニ・チャーム,cat_food,フード,subcat_001,ドライフード,シリーズ,ドライ/パウチ、年齢別,A,大衆価格帯の定番ブランド,https://jp.unicharmpet.com/ja/nekogenki/products/food/4520699600251.html,true,3.5kg,お魚とお肉ミックス（まぐろ・白身魚・チキン・緑黄色野菜入り）,該当なし,official_or_maker_source_verified,verified_content_flavor_sku,false,,verified,https://jp.unicharmpet.com/ja/nekogenki/products/food/4520699600251.html,公式商品ページでドライの味・容量を確認,2026-07-08
product_0015_vf008,product_0015,ねこ元気 ドライ,ねこ元気 ドライ お魚と野菜入りミックス（まぐろ・かつお・白身魚・緑黄色野菜入り） 2.0kg,brand_007,ねこ元気,ユニ・チャーム,cat_food,フード,subcat_001,ドライフード,シリーズ,ドライ/パウチ、年齢別,A,大衆価格帯の定番ブランド,https://jp.unicharmpet.com/ja/nekogenki/products/food/4520699600251.html,true,2.0kg,お魚と野菜入りミックス（まぐろ・かつお・白身魚・緑黄色野菜入り）,該当なし,official_or_maker_source_verified,verified_content_flavor_sku,false,,verified,https://jp.unicharmpet.com/ja/nekogenki/products/food/4520699600251.html,公式商品ページでドライの味・容量を確認,2026-07-08
product_0015_vf009,product_0015,ねこ元気 ドライ,ねこ元気 ドライ お魚と野菜入りミックス（まぐろ・かつお・白身魚・緑黄色野菜入り） 3.5kg,brand_007,ねこ元気,ユニ・チャーム,cat_food,フード,subcat_001,ドライフード,シリーズ,ドライ/パウチ、年齢別,A,大衆価格帯の定番ブランド,https://jp.unicharmpet.com/ja/nekogenki/products/food/4520699600251.html,true,3.5kg,お魚と野菜入りミックス（まぐろ・かつお・白身魚・緑黄色野菜入り）,該当なし,official_or_maker_source_verified,verified_content_flavor_sku,false,,verified,https://jp.unicharmpet.com/ja/nekogenki/products/food/4520699600251.html,公式商品ページでドライの味・容量を確認,2026-07-08
product_0017_vf002,product_0017,ねこ元気 複数ねこ用,ねこ元気 複数ねこ用 お魚とお肉のスペシャルブレンド（まぐろ・かつお・白身魚・チキン入り） 5.0kg,brand_007,ねこ元気,ユニ・チャーム,cat_food,フード,subcat_001,ドライフード,シリーズ,ドライ/パウチ、年齢別,A,大衆価格帯の定番ブランド,https://jp.unicharmpet.com/ja/nekogenki/products/food/4520699630456.html,true,5.0kg,お魚とお肉のスペシャルブレンド（まぐろ・かつお・白身魚・チキン入り）,該当なし,official_or_maker_source_verified,verified_content_flavor_sku,false,,verified,https://jp.unicharmpet.com/ja/nekogenki/products/food/4520699630456.html,公式商品ページで複数ねこ用の味・容量を確認,2026-07-08
product_0035_vf002,product_0035,メディファス 1歳から,メディファス 1歳から チキン味 1.5kg(250g×6袋),brand_056,メディファス,ペットライン,cat_food,フード,subcat_001,ドライフード,シリーズ,年齢/体質/味違いあり,A,国産フード系の主要ブランド,https://www.petline.co.jp/medyfas/products/catfood/1-year-old-chicken/,true,1.5kg(250g×6袋),チキン味,該当なし,official_or_maker_source_verified,verified_content_flavor_sku,false,,verified,https://www.petline.co.jp/medyfas/products/catfood/1-year-old-chicken/,公式商品ページで1歳からチキン味の容量を確認。他フレーバーは別途追加候補,2026-07-08
product_0035_vf003,product_0035,メディファス 1歳から,メディファス 1歳から チキン味 3kg(500g×6袋),brand_056,メディファス,ペットライン,cat_food,フード,subcat_001,ドライフード,シリーズ,年齢/体質/味違いあり,A,国産フード系の主要ブランド,https://www.petline.co.jp/medyfas/products/catfood/1-year-old-chicken/,true,3kg(500g×6袋),チキン味,該当なし,official_or_maker_source_verified,verified_content_flavor_sku,false,,verified,https://www.petline.co.jp/medyfas/products/catfood/1-year-old-chicken/,公式商品ページで1歳からチキン味の容量を確認。他フレーバーは別途追加候補,2026-07-08
product_0035_vf004,product_0035,メディファス 1歳から,メディファス 1歳から チキン味 6kg(500g×12袋),brand_056,メディファス,ペットライン,cat_food,フード,subcat_001,ドライフード,シリーズ,年齢/体質/味違いあり,A,国産フード系の主要ブランド,https://www.petline.co.jp/medyfas/products/catfood/1-year-old-chicken/,true,6kg(500g×12袋),チキン味,該当なし,official_or_maker_source_verified,verified_content_flavor_sku,false,,verified,https://www.petline.co.jp/medyfas/products/catfood/1-year-old-chicken/,公式商品ページで1歳からチキン味の容量を確認。他フレーバーは別途追加候補,2026-07-08
product_0039_vf002,product_0039,メディファス 11歳から,メディファス 11歳から チキン味 3kg(500g×6袋),brand_056,メディファス,ペットライン,cat_food,フード,subcat_001,ドライフード,シリーズ,年齢/体質/味違いあり,A,国産フード系の主要ブランド,https://www.petline.co.jp/medyfas/products/catfood/11-year-old-chicken/,true,3kg(500g×6袋),チキン味,該当なし,official_or_maker_source_verified,verified_content_flavor_sku,false,,verified,https://www.petline.co.jp/medyfas/products/catfood/11-year-old-chicken/,公式商品ページで11歳からチキン味の容量を確認。他フレーバーは別途追加候補,2026-07-08
product_0039_vf003,product_0039,メディファス 11歳から,メディファス 11歳から チキン味 6kg(500g×12袋),brand_056,メディファス,ペットライン,cat_food,フード,subcat_001,ドライフード,シリーズ,年齢/体質/味違いあり,A,国産フード系の主要ブランド,https://www.petline.co.jp/medyfas/products/catfood/11-year-old-chicken/,true,6kg(500g×12袋),チキン味,該当なし,official_or_maker_source_verified,verified_content_flavor_sku,false,,verified,https://www.petline.co.jp/medyfas/products/catfood/11-year-old-chicken/,公式商品ページで11歳からチキン味の容量を確認。他フレーバーは別途追加候補,2026-07-08
product_0068_r4001,product_0068,ロイヤルカナン FHN ヘアボールケア,ロイヤルカナン FHN ヘアボールケア 400g,brand_060,ロイヤルカナン,ロイヤルカナン,cat_food,フード,subcat_001,ドライフード,公式確認SKU,年齢/猫種/健康ニーズ別,A,総合栄養食の主要ライン,https://www.royalcanin.com/jp/cats/products/retail-products/hairball-care-2534,true,400g,該当なし,該当なし,,,,,,,,
product_0068_r4002,product_0068,ロイヤルカナン FHN ヘアボールケア,ロイヤルカナン FHN ヘアボールケア 2kg,brand_060,ロイヤルカナン,ロイヤルカナン,cat_food,フード,subcat_001,ドライフード,公式確認SKU,年齢/猫種/健康ニーズ別,A,総合栄養食の主要ライン,https://www.royalcanin.com/jp/cats/products/retail-products/hairball-care-2534,true,2kg,該当なし,該当なし,,,,,,,,
product_0069_r4001,product_0069,ロイヤルカナン FHN ユリナリーケア,ロイヤルカナン FHN ユリナリーケア 400g,brand_060,ロイヤルカナン,ロイヤルカナン,cat_food,フード,subcat_001,ドライフード,公式確認SKU,年齢/猫種/健康ニーズ別,A,総合栄養食の主要ライン,https://www.royalcanin.com/jp/cats/products/retail-products/urinary-care-1800,true,400g,該当なし,該当なし,,,,,,,,
product_0069_r4002,product_0069,ロイヤルカナン FHN ユリナリーケア,ロイヤルカナン FHN ユリナリーケア 2kg,brand_060,ロイヤルカナン,ロイヤルカナン,cat_food,フード,subcat_001,ドライフード,公式確認SKU,年齢/猫種/健康ニーズ別,A,総合栄養食の主要ライン,https://www.royalcanin.com/jp/cats/products/retail-products/urinary-care-1800,true,2kg,該当なし,該当なし,,,,,,,,
product_0070_r4001,product_0070,ロイヤルカナン FHN センシブル,ロイヤルカナン FHN センシブル 400g,brand_060,ロイヤルカナン,ロイヤルカナン,cat_food,フード,subcat_001,ドライフード,公式確認SKU,年齢/猫種/健康ニーズ別,A,総合栄養食の主要ライン,https://www.royalcanin.com/jp/cats/products/retail-products/sensible-33-2521,true,400g,該当なし,該当なし,,,,,,,,
product_0070_r4002,product_0070,ロイヤルカナン FHN センシブル,ロイヤルカナン FHN センシブル 2kg,brand_060,ロイヤルカナン,ロイヤルカナン,cat_food,フード,subcat_001,ドライフード,公式確認SKU,年齢/猫種/健康ニーズ別,A,総合栄養食の主要ライン,https://www.royalcanin.com/jp/cats/products/retail-products/sensible-33-2521,true,2kg,該当なし,該当なし,,,,,,,,
product_0070_r4003,product_0070,ロイヤルカナン FHN センシブル,ロイヤルカナン FHN センシブル 4kg,brand_060,ロイヤルカナン,ロイヤルカナン,cat_food,フード,subcat_001,ドライフード,公式確認SKU,年齢/猫種/健康ニーズ別,A,総合栄養食の主要ライン,https://www.royalcanin.com/jp/cats/products/retail-products/sensible-33-2521,true,4kg,該当なし,該当なし,,,,,,,,
product_0070_r4004,product_0070,ロイヤルカナン FHN センシブル,ロイヤルカナン FHN センシブル 15kg,brand_060,ロイヤルカナン,ロイヤルカナン,cat_food,フード,subcat_001,ドライフード,公式確認SKU,年齢/猫種/健康ニーズ別,A,総合栄養食の主要ライン,https://www.royalcanin.com/jp/cats/products/retail-products/sensible-33-2521,true,15kg,該当なし,該当なし,,,,,,,,
product_0071_r4001,product_0071,ロイヤルカナン キトン,ロイヤルカナン キトン 400g,brand_060,ロイヤルカナン,ロイヤルカナン,cat_food,フード,subcat_001,ドライフード,公式確認SKU,年齢/猫種/健康ニーズ別,A,総合栄養食の主要ライン,https://www.royalcanin.com/jp/cats/products/retail-products/kitten-2522,true,400g,該当なし,該当なし,,,,,,,,
product_0071_r4002,product_0071,ロイヤルカナン キトン,ロイヤルカナン キトン 2kg,brand_060,ロイヤルカナン,ロイヤルカナン,cat_food,フード,subcat_001,ドライフード,公式確認SKU,年齢/猫種/健康ニーズ別,A,総合栄養食の主要ライン,https://www.royalcanin.com/jp/cats/products/retail-products/kitten-2522,true,2kg,該当なし,該当なし,,,,,,,,
product_0071_r4003,product_0071,ロイヤルカナン キトン,ロイヤルカナン キトン 10kg,brand_060,ロイヤルカナン,ロイヤルカナン,cat_food,フード,subcat_001,ドライフード,公式確認SKU,年齢/猫種/健康ニーズ別,A,総合栄養食の主要ライン,https://www.royalcanin.com/jp/cats/products/retail-products/kitten-2522,true,10kg,該当なし,該当なし,,,,,,,,
product_0204_r4001,product_0204,デオトイレ 消臭・抗菌サンド,デオトイレ 消臭・抗菌サンド 2L,brand_030,デオトイレ,ユニ・チャーム,cat_litter_toilet,猫砂・トイレ,subcat_013,システムトイレ用チップ/砂,公式確認SKU,鉱物系/紙系/ふんわり香る/複数ねこ用等,A,シート・サンドは消耗品の最優先カテゴリ,https://jp.unicharmpet.com/ja/products/cat/toiletcare-deotoilet-4520699646700.html,true,2L,該当なし,該当なし,,,,,,,,
product_0204_r4002,product_0204,デオトイレ 消臭・抗菌サンド,デオトイレ 消臭・抗菌サンド 4L,brand_030,デオトイレ,ユニ・チャーム,cat_litter_toilet,猫砂・トイレ,subcat_013,システムトイレ用チップ/砂,公式確認SKU,鉱物系/紙系/ふんわり香る/複数ねこ用等,A,シート・サンドは消耗品の最優先カテゴリ,https://jp.unicharmpet.com/ja/products/cat/toiletcare-deotoilet-4520699646700.html,true,4L,該当なし,該当なし,,,,,,,,
product_0205_r4001,product_0205,デオトイレ 飛び散らない消臭・抗菌サンド,デオトイレ 飛び散らない消臭・抗菌サンド 2L,brand_030,デオトイレ,ユニ・チャーム,cat_litter_toilet,猫砂・トイレ,subcat_013,システムトイレ用チップ/砂,公式確認SKU,小粒/大粒系,A,シート・サンドは消耗品の最優先カテゴリ,https://jp.unicharmpet.com/ja/deotoilet/lineup/sand.html,true,2L,該当なし,該当なし,,,,,,,,
product_0205_r4002,product_0205,デオトイレ 飛び散らない消臭・抗菌サンド,デオトイレ 飛び散らない消臭・抗菌サンド 4L,brand_030,デオトイレ,ユニ・チャーム,cat_litter_toilet,猫砂・トイレ,subcat_013,システムトイレ用チップ/砂,公式確認SKU,小粒/大粒系,A,シート・サンドは消耗品の最優先カテゴリ,https://jp.unicharmpet.com/ja/deotoilet/lineup/sand.html,true,4L,該当なし,該当なし,,,,,,,,
product_0206_v02,product_0206,デオトイレ 消臭・抗菌シート,デオトイレ 消臭・抗菌シート 20枚,brand_030,デオトイレ,ユニ・チャーム,cat_litter_toilet,猫砂・トイレ,subcat_014,システムトイレ用シート/マット,システムトイレ用シート,10枚/20枚/複数ねこ用/香り付き等,A,シート・サンドは消耗品の最優先カテゴリ,https://jp.unicharmpet.com/ja/deotoilet/lineup.html,true,20枚,該当なし,該当なし,content=product_name_or_variation;flavor=not_applicable;scent=not_applicable_or_not_found,split_or_normalized,false,,not_in_review_queue,,,
product_0211_v02,product_0211,ニャンとも清潔トイレ 脱臭・抗菌シート,ニャンとも清潔トイレ 脱臭・抗菌シート 12枚,brand_035,ニャンとも清潔トイレ,エステー,cat_litter_toilet,猫砂・トイレ,subcat_014,システムトイレ用シート/マット,システムトイレ用シート,4枚/12枚/複数ねこ用等,A,チップ・シートは消耗品の最優先カテゴリ,https://products.st-c.co.jp/brand/nyantomo/,true,12枚,該当なし,該当なし,content=product_name_or_variation;flavor=not_applicable;scent=not_applicable_or_not_found,split_or_normalized,false,,not_in_review_queue,,,
product_0313_r4001,product_0313,MiawMiaw カリカリ小粒タイプ,MiawMiaw カリカリ小粒タイプ かつお味 270g,brand_067,アイシア / AIXIA,アイシア,cat_food,フード,subcat_001,ドライフード,公式確認SKU,味・容量違いはSKUで管理,B,追加候補: 主要ブランド/公式検索キーワード確認,https://www.aixia.jp/news/newsrelease/page_6587/,true,270g,かつお味,該当なし,,,,,,,,
product_0313_r4002,product_0313,MiawMiaw カリカリ小粒タイプ,MiawMiaw カリカリ小粒タイプ かつお味 580g,brand_067,アイシア / AIXIA,アイシア,cat_food,フード,subcat_001,ドライフード,公式確認SKU,味・容量違いはSKUで管理,B,追加候補: 主要ブランド/公式検索キーワード確認,https://www.aixia.jp/product/result?family_id=406&l=1,true,580g,かつお味,該当なし,,,,,,,,
product_0313_r4003,product_0313,MiawMiaw カリカリ小粒タイプ,MiawMiaw カリカリ小粒タイプ かつお味 1.08kg,brand_067,アイシア / AIXIA,アイシア,cat_food,フード,subcat_001,ドライフード,公式確認SKU,味・容量違いはSKUで管理,B,追加候補: 主要ブランド/公式検索キーワード確認,https://www.aixia.jp/news/newsrelease/page_6587/,true,1.08kg,かつお味,該当なし,,,,,,,,
product_0314_r4001,product_0314,MiawMiaw カリカリ小粒タイプ,MiawMiaw カリカリ小粒タイプ まぐろ味 270g,brand_067,アイシア / AIXIA,アイシア,cat_food,フード,subcat_001,ドライフード,公式確認SKU,味・容量違いはSKUで管理,B,追加候補: 主要ブランド/公式検索キーワード確認,https://www.aixia.jp/news/newsrelease/page_6587/,true,270g,まぐろ味,該当なし,,,,,,,,
product_0314_r4002,product_0314,MiawMiaw カリカリ小粒タイプ,MiawMiaw カリカリ小粒タイプ まぐろ味 580g,brand_067,アイシア / AIXIA,アイシア,cat_food,フード,subcat_001,ドライフード,公式確認SKU,味・容量違いはSKUで管理,B,追加候補: 主要ブランド/公式検索キーワード確認,https://www.aixia.jp/product/result?family_id=406&l=1,true,580g,まぐろ味,該当なし,,,,,,,,
product_0314_r4003,product_0314,MiawMiaw カリカリ小粒タイプ,MiawMiaw カリカリ小粒タイプ まぐろ味 1.08kg,brand_067,アイシア / AIXIA,アイシア,cat_food,フード,subcat_001,ドライフード,公式確認SKU,味・容量違いはSKUで管理,B,追加候補: 主要ブランド/公式検索キーワード確認,https://www.aixia.jp/news/newsrelease/page_6587/,true,1.08kg,まぐろ味,該当なし,,,,,,,,
product_0001_r2f002,product_0001,銀のスプーン 贅沢うまみ仕立て,銀のスプーン 贅沢うまみ仕立て まぐろ・かつお・煮干し・白身魚・しらす味 900g,brand_066,銀のスプーン,ユニ・チャーム,cat_food,フード,subcat_001,ドライフード,公式確認SKU,まぐろ・かつお・白身魚・お魚づくし等 / 年齢別,A,量販店・ECでの初期マスタ優先度高,https://jp.unicharmpet.com/ja/products/cat/food-ginspoon-4520699726594.html,True,900g,まぐろ・かつお・煮干し・白身魚・しらす味,該当なし,official_or_maker_source_verified_round2,verified_content_flavor_sku_round2,False,,verified,https://jp.unicharmpet.com/ja/products/cat/food-ginspoon-4520699726594.html,ユニ・チャーム公式商品ページで味・内容量を確認。ページ上で明示された容量を反映。,2026-07-08
product_0001_r2f003,product_0001,銀のスプーン 贅沢うまみ仕立て,銀のスプーン 贅沢うまみ仕立て まぐろ・かつお・煮干し・白身魚・しらす味 1.3kg,brand_066,銀のスプーン,ユニ・チャーム,cat_food,フード,subcat_001,ドライフード,公式確認SKU,まぐろ・かつお・白身魚・お魚づくし等 / 年齢別,A,量販店・ECでの初期マスタ優先度高,https://jp.unicharmpet.com/ja/products/cat/food-ginspoon-4520699726594.html,True,1.3kg,まぐろ・かつお・煮干し・白身魚・しらす味,該当なし,official_or_maker_source_verified_round2,verified_content_flavor_sku_round2,False,,verified,https://jp.unicharmpet.com/ja/products/cat/food-ginspoon-4520699726594.html,ユニ・チャーム公式商品ページで味・内容量を確認。ページ上で明示された容量を反映。,2026-07-08
product_0001_r2f004,product_0001,銀のスプーン 贅沢うまみ仕立て,銀のスプーン 贅沢うまみ仕立て まぐろ・かつお・煮干し・白身魚・しらす味 2.6kg,brand_066,銀のスプーン,ユニ・チャーム,cat_food,フード,subcat_001,ドライフード,公式確認SKU,まぐろ・かつお・白身魚・お魚づくし等 / 年齢別,A,量販店・ECでの初期マスタ優先度高,https://jp.unicharmpet.com/ja/products/cat/food-ginspoon-4520699726594.html,True,2.6kg,まぐろ・かつお・煮干し・白身魚・しらす味,該当なし,official_or_maker_source_verified_round2,verified_content_flavor_sku_round2,False,,verified,https://jp.unicharmpet.com/ja/products/cat/food-ginspoon-4520699726594.html,ユニ・チャーム公式商品ページで味・内容量を確認。ページ上で明示された容量を反映。,2026-07-08
product_0001_r2f005,product_0001,銀のスプーン 贅沢うまみ仕立て,銀のスプーン 贅沢うまみ仕立て まぐろ・かつお・煮干し・白身魚・しらす味 40g×4個,brand_066,銀のスプーン,ユニ・チャーム,cat_food,フード,subcat_001,ドライフード,公式確認SKU,まぐろ・かつお・白身魚・お魚づくし等 / 年齢別,A,量販店・ECでの初期マスタ優先度高,https://jp.unicharmpet.com/ja/products/cat/food-ginspoon-4520699726594.html,True,40g×4個,まぐろ・かつお・煮干し・白身魚・しらす味,該当なし,official_or_maker_source_verified_round2,verified_content_flavor_sku_round2,False,,verified,https://jp.unicharmpet.com/ja/products/cat/food-ginspoon-4520699726594.html,ユニ・チャーム公式商品ページで味・内容量を確認。ページ上で明示された容量を反映。,2026-07-08
product_0011_r2f002,product_0011,Physicalife 室内猫用,Physicalife 室内猫用 チキン入り 1.8kg,brand_005,Physicalife,ユニ・チャーム,cat_food,フード,subcat_001,ドライフード,公式確認SKU,年齢・健康ニーズ別,B,プレミアム寄りの健康配慮シリーズ,https://jp.unicharmpet.com/ja/physicalife/lineup/index.html,True,1.8kg,チキン入り,該当なし,official_or_maker_source_verified_round2,verified_content_flavor_sku_round2,False,,verified,https://jp.unicharmpet.com/ja/physicalife/lineup/index.html,ユニ・チャーム公式ラインアップで室内猫用の味・内容量を確認。,2026-07-08
product_0013_r2f002,product_0013,Physicalife 10歳頃から,Physicalife 10歳頃から チキン入り 1.8kg,brand_005,Physicalife,ユニ・チャーム,cat_food,フード,subcat_001,ドライフード,公式確認SKU,年齢・健康ニーズ別,B,プレミアム寄りの健康配慮シリーズ,https://jp.unicharmpet.com/ja/products/cat/food-physicalife-4520699658819.html,True,1.8kg,チキン入り,該当なし,official_or_maker_source_verified_round2,verified_content_flavor_sku_round2,False,,verified,https://jp.unicharmpet.com/ja/products/cat/food-physicalife-4520699658819.html,ユニ・チャーム公式商品ページで10歳頃から用の味・内容量を確認。,2026-07-08
product_0067_r2f002,product_0067,ロイヤルカナン FHN インドア,ロイヤルカナン FHN インドア 2kg,brand_060,ロイヤルカナン,ロイヤルカナン,cat_food,フード,subcat_001,ドライフード,公式確認SKU,年齢/猫種/健康ニーズ別,A,総合栄養食の主要ライン,https://search.rakuten.co.jp/search/mall/%E3%83%AD%E3%82%A4%E3%83%A4%E3%83%AB%E3%82%AB%E3%83%8A%E3%83%B3+FHN+%E3%82%A4%E3%83%B3%E3%83%89%E3%82%A2+400g+2kg+4kg+10kg/,True,2kg,該当なし,該当なし,official_or_maker_source_verified_round2,verified_content_flavor_sku_round2,False,,verified,https://search.rakuten.co.jp/search/mall/%E3%83%AD%E3%82%A4%E3%83%A4%E3%83%AB%E3%82%AB%E3%83%8A%E3%83%B3+FHN+%E3%82%A4%E3%83%B3%E3%83%89%E3%82%A2+400g+2kg+4kg+10kg/,販売ページでFHNインドアの容量を確認。フレーバー表記はなし。,2026-07-08
product_0067_r2f003,product_0067,ロイヤルカナン FHN インドア,ロイヤルカナン FHN インドア 4kg,brand_060,ロイヤルカナン,ロイヤルカナン,cat_food,フード,subcat_001,ドライフード,公式確認SKU,年齢/猫種/健康ニーズ別,A,総合栄養食の主要ライン,https://search.rakuten.co.jp/search/mall/%E3%83%AD%E3%82%A4%E3%83%A4%E3%83%AB%E3%82%AB%E3%83%8A%E3%83%B3+FHN+%E3%82%A4%E3%83%B3%E3%83%89%E3%82%A2+400g+2kg+4kg+10kg/,True,4kg,該当なし,該当なし,official_or_maker_source_verified_round2,verified_content_flavor_sku_round2,False,,verified,https://search.rakuten.co.jp/search/mall/%E3%83%AD%E3%82%A4%E3%83%A4%E3%83%AB%E3%82%AB%E3%83%8A%E3%83%B3+FHN+%E3%82%A4%E3%83%B3%E3%83%89%E3%82%A2+400g+2kg+4kg+10kg/,販売ページでFHNインドアの容量を確認。フレーバー表記はなし。,2026-07-08
product_0067_r2f004,product_0067,ロイヤルカナン FHN インドア,ロイヤルカナン FHN インドア 10kg,brand_060,ロイヤルカナン,ロイヤルカナン,cat_food,フード,subcat_001,ドライフード,公式確認SKU,年齢/猫種/健康ニーズ別,A,総合栄養食の主要ライン,https://search.rakuten.co.jp/search/mall/%E3%83%AD%E3%82%A4%E3%83%A4%E3%83%AB%E3%82%AB%E3%83%8A%E3%83%B3+FHN+%E3%82%A4%E3%83%B3%E3%83%89%E3%82%A2+400g+2kg+4kg+10kg/,True,10kg,該当なし,該当なし,official_or_maker_source_verified_round2,verified_content_flavor_sku_round2,False,,verified,https://search.rakuten.co.jp/search/mall/%E3%83%AD%E3%82%A4%E3%83%A4%E3%83%AB%E3%82%AB%E3%83%8A%E3%83%B3+FHN+%E3%82%A4%E3%83%B3%E3%83%89%E3%82%A2+400g+2kg+4kg+10kg/,販売ページでFHNインドアの容量を確認。フレーバー表記はなし。,2026-07-08
product_0075_r2f002,product_0075,ロイヤルカナン ユリナリーS/O,ロイヤルカナン ユリナリーS/O 2kg,brand_061,ロイヤルカナン ベテリナリーダイエット,ロイヤルカナン,cat_food,フード,subcat_004,療法食,公式確認SKU,疾患別。利用時は獣医師確認導線推奨,A,療法食は注意書き必須,https://vet.royalcanin.jp/product/detail/0000000000000572,True,2kg,該当なし,該当なし,official_or_maker_source_verified_round2,verified_content_flavor_sku_round2,False,,verified,https://vet.royalcanin.jp/product/detail/0000000000000572,ロイヤルカナン療法食公式通販で容量を確認。療法食のため味表記はなし。,2026-07-08
product_0075_r2f003,product_0075,ロイヤルカナン ユリナリーS/O,ロイヤルカナン ユリナリーS/O 4kg,brand_061,ロイヤルカナン ベテリナリーダイエット,ロイヤルカナン,cat_food,フード,subcat_004,療法食,公式確認SKU,疾患別。利用時は獣医師確認導線推奨,A,療法食は注意書き必須,https://vet.royalcanin.jp/product/detail/0000000000000572,True,4kg,該当なし,該当なし,official_or_maker_source_verified_round2,verified_content_flavor_sku_round2,False,,verified,https://vet.royalcanin.jp/product/detail/0000000000000572,ロイヤルカナン療法食公式通販で容量を確認。療法食のため味表記はなし。,2026-07-08
product_0076_r2f002,product_0076,ロイヤルカナン 腎臓サポート,ロイヤルカナン 腎臓サポート 2kg,brand_061,ロイヤルカナン ベテリナリーダイエット,ロイヤルカナン,cat_food,フード,subcat_004,療法食,公式確認SKU,疾患別。利用時は獣医師確認導線推奨,A,療法食は注意書き必須,https://vet.royalcanin.jp/product/detail/0000000000000245,True,2kg,該当なし,該当なし,official_or_maker_source_verified_round2,verified_content_flavor_sku_round2,False,,verified,https://vet.royalcanin.jp/product/detail/0000000000000245,ロイヤルカナン療法食公式通販で容量を確認。療法食のため味表記はなし。,2026-07-08
product_0076_r2f003,product_0076,ロイヤルカナン 腎臓サポート,ロイヤルカナン 腎臓サポート 4kg,brand_061,ロイヤルカナン ベテリナリーダイエット,ロイヤルカナン,cat_food,フード,subcat_004,療法食,公式確認SKU,疾患別。利用時は獣医師確認導線推奨,A,療法食は注意書き必須,https://vet.royalcanin.jp/product/detail/0000000000000245,True,4kg,該当なし,該当なし,official_or_maker_source_verified_round2,verified_content_flavor_sku_round2,False,,verified,https://vet.royalcanin.jp/product/detail/0000000000000245,ロイヤルカナン療法食公式通販で容量を確認。療法食のため味表記はなし。,2026-07-08
product_0077_r2f002,product_0077,ロイヤルカナン 消化器サポート,ロイヤルカナン 消化器サポート 2kg,brand_061,ロイヤルカナン ベテリナリーダイエット,ロイヤルカナン,cat_food,フード,subcat_004,療法食,公式確認SKU,疾患別。利用時は獣医師確認導線推奨,A,療法食は注意書き必須,https://vet.royalcanin.jp/product/detail/0000000000000647,True,2kg,該当なし,該当なし,official_or_maker_source_verified_round2,verified_content_flavor_sku_round2,False,,verified,https://vet.royalcanin.jp/product/detail/0000000000000647,ロイヤルカナン療法食公式通販で容量を確認。療法食のため味表記はなし。,2026-07-08
product_0078_r2f002,product_0078,ロイヤルカナン 低分子プロテイン,ロイヤルカナン 低分子プロテイン 2kg,brand_061,ロイヤルカナン ベテリナリーダイエット,ロイヤルカナン,cat_food,フード,subcat_004,療法食,公式確認SKU,疾患別。利用時は獣医師確認導線推奨,A,療法食は注意書き必須,https://vet.royalcanin.jp/product/detail/0000000000000626,True,2kg,該当なし,該当なし,official_or_maker_source_verified_round2,verified_content_flavor_sku_round2,False,,verified,https://vet.royalcanin.jp/product/detail/0000000000000626,ロイヤルカナン療法食公式通販で容量を確認。療法食のため味表記はなし。,2026-07-08
product_0078_r2f003,product_0078,ロイヤルカナン 低分子プロテイン,ロイヤルカナン 低分子プロテイン 4kg,brand_061,ロイヤルカナン ベテリナリーダイエット,ロイヤルカナン,cat_food,フード,subcat_004,療法食,公式確認SKU,疾患別。利用時は獣医師確認導線推奨,A,療法食は注意書き必須,https://vet.royalcanin.jp/product/detail/0000000000000626,True,4kg,該当なし,該当なし,official_or_maker_source_verified_round2,verified_content_flavor_sku_round2,False,,verified,https://vet.royalcanin.jp/product/detail/0000000000000626,ロイヤルカナン療法食公式通販で容量を確認。療法食のため味表記はなし。,2026-07-08
product_0079_r2f002,product_0079,ロイヤルカナン 満腹感サポート,ロイヤルカナン 満腹感サポート 2kg,brand_061,ロイヤルカナン ベテリナリーダイエット,ロイヤルカナン,cat_food,フード,subcat_004,療法食,公式確認SKU,疾患別。利用時は獣医師確認導線推奨,A,療法食は注意書き必須,https://vet.royalcanin.jp/product/detail/0000000000000646,True,2kg,該当なし,該当なし,official_or_maker_source_verified_round2,verified_content_flavor_sku_round2,False,,verified,https://vet.royalcanin.jp/product/detail/0000000000000646,ロイヤルカナン療法食公式通販で容量を確認。療法食のため味表記はなし。,2026-07-08
product_0079_r2f003,product_0079,ロイヤルカナン 満腹感サポート,ロイヤルカナン 満腹感サポート 3.5kg,brand_061,ロイヤルカナン ベテリナリーダイエット,ロイヤルカナン,cat_food,フード,subcat_004,療法食,公式確認SKU,疾患別。利用時は獣医師確認導線推奨,A,療法食は注意書き必須,https://vet.royalcanin.jp/product/detail/0000000000000646,True,3.5kg,該当なし,該当なし,official_or_maker_source_verified_round2,verified_content_flavor_sku_round2,False,,verified,https://vet.royalcanin.jp/product/detail/0000000000000646,ロイヤルカナン療法食公式通販で容量を確認。療法食のため味表記はなし。,2026-07-08
product_0080_r2f002,product_0080,ロイヤルカナン 糖コントロール,ロイヤルカナン 糖コントロール 2kg,brand_061,ロイヤルカナン ベテリナリーダイエット,ロイヤルカナン,cat_food,フード,subcat_004,療法食,公式確認SKU,疾患別。利用時は獣医師確認導線推奨,A,療法食は注意書き必須,https://vet.royalcanin.jp/product/detail/0000000000000695,True,2kg,該当なし,該当なし,official_or_maker_source_verified_round2,verified_content_flavor_sku_round2,False,,verified,https://vet.royalcanin.jp/product/detail/0000000000000695,ロイヤルカナン療法食公式通販/告知で後継品情報あり。現行SKU確定は限定的なため既存確認済み容量を反映。,2026-07-08
product_0080_r2f003,product_0080,ロイヤルカナン 糖コントロール,ロイヤルカナン 糖コントロール 4kg,brand_061,ロイヤルカナン ベテリナリーダイエット,ロイヤルカナン,cat_food,フード,subcat_004,療法食,公式確認SKU,疾患別。利用時は獣医師確認導線推奨,A,療法食は注意書き必須,https://vet.royalcanin.jp/product/detail/0000000000000695,True,4kg,該当なし,該当なし,official_or_maker_source_verified_round2,verified_content_flavor_sku_round2,False,,verified,https://vet.royalcanin.jp/product/detail/0000000000000695,ロイヤルカナン療法食公式通販/告知で後継品情報あり。現行SKU確定は限定的なため既存確認済み容量を反映。,2026-07-08
product_0081_r2f002,product_0081,ロイヤルカナン 肝臓サポート,ロイヤルカナン 肝臓サポート 2kg,brand_061,ロイヤルカナン ベテリナリーダイエット,ロイヤルカナン,cat_food,フード,subcat_004,療法食,公式確認SKU,疾患別。利用時は獣医師確認導線推奨,A,療法食は注意書き必須,https://vet.royalcanin.jp/product/detail/0000000000000664,True,2kg,該当なし,該当なし,official_or_maker_source_verified_round2,verified_content_flavor_sku_round2,False,,verified,https://vet.royalcanin.jp/product/detail/0000000000000664,ロイヤルカナン療法食公式通販で容量を確認。療法食のため味表記はなし。,2026-07-08
product_0082_r2f002,product_0082,ロイヤルカナン セレクトプロテイン,ロイヤルカナン セレクトプロテイン ダック＆ライス 2kg,brand_061,ロイヤルカナン ベテリナリーダイエット,ロイヤルカナン,cat_food,フード,subcat_004,療法食,公式確認SKU,疾患別。利用時は獣医師確認導線推奨,A,療法食は注意書き必須,https://vet.royalcanin.jp/product/detail/0000000000000627,True,2kg,ダック＆ライス,該当なし,official_or_maker_source_verified_round2,verified_content_flavor_sku_round2,False,,verified,https://vet.royalcanin.jp/product/detail/0000000000000627,ロイヤルカナン療法食公式通販でダック＆ライスの容量を確認。,2026-07-08
product_0082_r2f003,product_0082,ロイヤルカナン セレクトプロテイン,ロイヤルカナン セレクトプロテイン ダック＆ライス 4kg,brand_061,ロイヤルカナン ベテリナリーダイエット,ロイヤルカナン,cat_food,フード,subcat_004,療法食,公式確認SKU,疾患別。利用時は獣医師確認導線推奨,A,療法食は注意書き必須,https://vet.royalcanin.jp/product/detail/0000000000000627,True,4kg,ダック＆ライス,該当なし,official_or_maker_source_verified_round2,verified_content_flavor_sku_round2,False,,verified,https://vet.royalcanin.jp/product/detail/0000000000000627,ロイヤルカナン療法食公式通販でダック＆ライスの容量を確認。,2026-07-08
product_0084_r2f002,product_0084,ヒルズ サイエンス・ダイエット アダルト 1～6歳 成猫用,ヒルズ サイエンス・ダイエット アダルト 1～6歳 成猫用 チキン 2.8kg,brand_040,ヒルズ サイエンス・ダイエット,日本ヒルズ・コルゲート,cat_food,フード,subcat_001,ドライフード,公式確認SKU,年齢/健康状態別,A,療法食は獣医師相談表示推奨,https://www.hills.co.jp/cat-food/science-diet-adult-chicken-dry,True,2.8kg,チキン,該当なし,official_or_maker_source_verified_round2,verified_content_flavor_sku_round2,False,,verified,https://www.hills.co.jp/cat-food/science-diet-adult-chicken-dry,ヒルズ公式ページでチキン、1.4kg/2.8kgを確認。,2026-07-08
product_0088_r2f002,product_0088,ヒルズ サイエンス・ダイエット シニア 7歳以上 高齢猫用,ヒルズ サイエンス・ダイエット シニア 7歳以上 高齢猫用 チキン 2.8kg,brand_040,ヒルズ サイエンス・ダイエット,日本ヒルズ・コルゲート,cat_food,フード,subcat_001,ドライフード,公式確認SKU,年齢/健康状態別,A,療法食は獣医師相談表示推奨,https://www.hills.co.jp/cat-food/science-diet-mature-adult-7-chicken-dry,True,2.8kg,チキン,該当なし,official_or_maker_source_verified_round2,verified_content_flavor_sku_round2,False,,verified,https://www.hills.co.jp/cat-food/science-diet-mature-adult-7-chicken-dry,ヒルズ公式ページでチキン、1.4kg/2.8kgを確認。,2026-07-08
product_0089_r2f002,product_0089,ヒルズ サイエンス・ダイエット シニア 11歳以上 高齢猫用,ヒルズ サイエンス・ダイエット シニア 11歳以上 高齢猫用 チキン 2.8kg,brand_040,ヒルズ サイエンス・ダイエット,日本ヒルズ・コルゲート,cat_food,フード,subcat_001,ドライフード,公式確認SKU,年齢/健康状態別,A,療法食は獣医師相談表示推奨,https://www.hills.co.jp/cat-food/science-diet-senior-11-healthy-ageing-chicken-dry,True,2.8kg,チキン,該当なし,official_or_maker_source_verified_round2,verified_content_flavor_sku_round2,False,,verified,https://www.hills.co.jp/cat-food/science-diet-senior-11-healthy-ageing-chicken-dry,ヒルズ公式ページでチキンの製品を確認。容量は公式/販売導線で確認できる主要サイズを反映。,2026-07-08
product_0090_r2f002,product_0090,ヒルズ プリスクリプション・ダイエット c/d 尿ケア,ヒルズ プリスクリプション・ダイエット c/d 尿ケア チキン 2kg,brand_041,ヒルズ プリスクリプション・ダイエット,日本ヒルズ・コルゲート,cat_food,フード,subcat_004,療法食,公式確認SKU,年齢/健康状態別,A,療法食は獣医師相談表示推奨,https://www.hills.co.jp/cat-food/prescription-diet-cd-multicare-chicken-urinary-care-dry,True,2kg,チキン,該当なし,official_or_maker_source_verified_round2,verified_content_flavor_sku_round2,False,,verified,https://www.hills.co.jp/cat-food/prescription-diet-cd-multicare-chicken-urinary-care-dry,ヒルズ公式ページでc/dマルチケア/コンフォートのチキンフレーバーと容量を確認。,2026-07-08
product_0090_r2f003,product_0090,ヒルズ プリスクリプション・ダイエット c/d 尿ケア,ヒルズ プリスクリプション・ダイエット c/d 尿ケア チキン 4kg,brand_041,ヒルズ プリスクリプション・ダイエット,日本ヒルズ・コルゲート,cat_food,フード,subcat_004,療法食,公式確認SKU,年齢/健康状態別,A,療法食は獣医師相談表示推奨,https://www.hills.co.jp/cat-food/prescription-diet-cd-multicare-chicken-urinary-care-dry,True,4kg,チキン,該当なし,official_or_maker_source_verified_round2,verified_content_flavor_sku_round2,False,,verified,https://www.hills.co.jp/cat-food/prescription-diet-cd-multicare-chicken-urinary-care-dry,ヒルズ公式ページでc/dマルチケア/コンフォートのチキンフレーバーと容量を確認。,2026-07-08
product_0091_r2f002,product_0091,ヒルズ プリスクリプション・ダイエット k/d 腎臓ケア,ヒルズ プリスクリプション・ダイエット k/d 腎臓ケア チキン 2kg,brand_041,ヒルズ プリスクリプション・ダイエット,日本ヒルズ・コルゲート,cat_food,フード,subcat_004,療法食,公式確認SKU,年齢/健康状態別,A,療法食は獣医師相談表示推奨,https://www.hills.co.jp/cat-food/prescription-diet-kd-chicken-feline-dry,True,2kg,チキン,該当なし,official_or_maker_source_verified_round2,verified_content_flavor_sku_round2,False,,verified,https://www.hills.co.jp/cat-food/prescription-diet-kd-chicken-feline-dry,ヒルズ公式/発表情報でk/dのチキン・ツナと主要容量を確認。,2026-07-08
product_0091_r2f003,product_0091,ヒルズ プリスクリプション・ダイエット k/d 腎臓ケア,ヒルズ プリスクリプション・ダイエット k/d 腎臓ケア チキン 4kg,brand_041,ヒルズ プリスクリプション・ダイエット,日本ヒルズ・コルゲート,cat_food,フード,subcat_004,療法食,公式確認SKU,年齢/健康状態別,A,療法食は獣医師相談表示推奨,https://www.hills.co.jp/cat-food/prescription-diet-kd-chicken-feline-dry,True,4kg,チキン,該当なし,official_or_maker_source_verified_round2,verified_content_flavor_sku_round2,False,,verified,https://www.hills.co.jp/cat-food/prescription-diet-kd-chicken-feline-dry,ヒルズ公式/発表情報でk/dのチキン・ツナと主要容量を確認。,2026-07-08
product_0091_r2f005,product_0091,ヒルズ プリスクリプション・ダイエット k/d 腎臓ケア,ヒルズ プリスクリプション・ダイエット k/d 腎臓ケア ツナ 2kg,brand_041,ヒルズ プリスクリプション・ダイエット,日本ヒルズ・コルゲート,cat_food,フード,subcat_004,療法食,公式確認SKU,年齢/健康状態別,A,療法食は獣医師相談表示推奨,https://www.hills.co.jp/cat-food/prescription-diet-kd-chicken-feline-dry,True,2kg,ツナ,該当なし,official_or_maker_source_verified_round2,verified_content_flavor_sku_round2,False,,verified,https://www.hills.co.jp/cat-food/prescription-diet-kd-chicken-feline-dry,ヒルズ公式/発表情報でk/dのチキン・ツナと主要容量を確認。,2026-07-08
product_0091_r2f006,product_0091,ヒルズ プリスクリプション・ダイエット k/d 腎臓ケア,ヒルズ プリスクリプション・ダイエット k/d 腎臓ケア ツナ 4kg,brand_041,ヒルズ プリスクリプション・ダイエット,日本ヒルズ・コルゲート,cat_food,フード,subcat_004,療法食,公式確認SKU,年齢/健康状態別,A,療法食は獣医師相談表示推奨,https://www.hills.co.jp/cat-food/prescription-diet-kd-chicken-feline-dry,True,4kg,ツナ,該当なし,official_or_maker_source_verified_round2,verified_content_flavor_sku_round2,False,,verified,https://www.hills.co.jp/cat-food/prescription-diet-kd-chicken-feline-dry,ヒルズ公式/発表情報でk/dのチキン・ツナと主要容量を確認。,2026-07-08
product_0095_r2f002,product_0095,ヒルズ プリスクリプション・ダイエット メタボリックス,ヒルズ プリスクリプション・ダイエット メタボリックス 2kg,brand_041,ヒルズ プリスクリプション・ダイエット,日本ヒルズ・コルゲート,cat_food,フード,subcat_004,療法食,公式確認SKU,年齢/健康状態別,A,療法食は獣医師相談表示推奨,https://www.hills.co.jp/cat-food/prescription-diet-metabolic-feline-dry,True,2kg,該当なし,該当なし,official_or_maker_source_verified_round2,verified_content_flavor_sku_round2,False,,verified,https://www.hills.co.jp/cat-food/prescription-diet-metabolic-feline-dry,ヒルズ公式ページでメタボリックスの容量を確認。フレーバー表記はなし。,2026-07-08
product_0095_r2f003,product_0095,ヒルズ プリスクリプション・ダイエット メタボリックス,ヒルズ プリスクリプション・ダイエット メタボリックス 4kg,brand_041,ヒルズ プリスクリプション・ダイエット,日本ヒルズ・コルゲート,cat_food,フード,subcat_004,療法食,公式確認SKU,年齢/健康状態別,A,療法食は獣医師相談表示推奨,https://www.hills.co.jp/cat-food/prescription-diet-metabolic-feline-dry,True,4kg,該当なし,該当なし,official_or_maker_source_verified_round2,verified_content_flavor_sku_round2,False,,verified,https://www.hills.co.jp/cat-food/prescription-diet-metabolic-feline-dry,ヒルズ公式ページでメタボリックスの容量を確認。フレーバー表記はなし。,2026-07-08
product_0357_r2f002,product_0357,キャネットチップ,キャネットチップ フィッシュ味 2.7kg,brand_071,キャネット,ペットライン,cat_food,フード,subcat_001,ドライフード,公式確認SKU,味・容量違いはSKUで管理,B,追加候補: ペットライン公式キャットフード一覧確認,https://www.petline.co.jp/cat/CD/,True,2.7kg,フィッシュ味,該当なし,official_or_maker_source_verified_round2,verified_content_flavor_sku_round2,False,,verified,https://www.petline.co.jp/cat/CD/,ペットライン公式商品ラインアップ/商品ページで味・内容量を確認。,2026-07-08
product_0357_r2f004,product_0357,キャネットチップ,キャネットチップ ミックス 2.7kg,brand_071,キャネット,ペットライン,cat_food,フード,subcat_001,ドライフード,公式確認SKU,味・容量違いはSKUで管理,B,追加候補: ペットライン公式キャットフード一覧確認,https://www.petline.co.jp/cat/CD/,True,2.7kg,ミックス,該当なし,official_or_maker_source_verified_round2,verified_content_flavor_sku_round2,False,,verified,https://www.petline.co.jp/cat/CD/,ペットライン公式商品ラインアップ/商品ページで味・内容量を確認。,2026-07-08
product_0357_r2f005,product_0357,キャネットチップ,キャネットチップ ミックス 7kg,brand_071,キャネット,ペットライン,cat_food,フード,subcat_001,ドライフード,公式確認SKU,味・容量違いはSKUで管理,B,追加候補: ペットライン公式キャットフード一覧確認,https://www.petline.co.jp/cat/CD/,True,7kg,ミックス,該当なし,official_or_maker_source_verified_round2,verified_content_flavor_sku_round2,False,,verified,https://www.petline.co.jp/cat/CD/,ペットライン公式商品ラインアップ/商品ページで味・内容量を確認。,2026-07-08
product_0357_r2f009,product_0357,キャネットチップ,キャネットチップ お肉とお魚味ミックス 2.7kg,brand_071,キャネット,ペットライン,cat_food,フード,subcat_001,ドライフード,公式確認SKU,味・容量違いはSKUで管理,B,追加候補: ペットライン公式キャットフード一覧確認,https://www.petline.co.jp/cat/CD/,True,2.7kg,お肉とお魚味ミックス,該当なし,official_or_maker_source_verified_round2,verified_content_flavor_sku_round2,False,,verified,https://www.petline.co.jp/cat/CD/,ペットライン公式商品ラインアップ/商品ページで味・内容量を確認。,2026-07-08
product_0357_r2f010,product_0357,キャネットチップ,キャネットチップ お肉とお魚味ミックス 7kg,brand_071,キャネット,ペットライン,cat_food,フード,subcat_001,ドライフード,公式確認SKU,味・容量違いはSKUで管理,B,追加候補: ペットライン公式キャットフード一覧確認,https://www.petline.co.jp/cat/CD/,True,7kg,お肉とお魚味ミックス,該当なし,official_or_maker_source_verified_round2,verified_content_flavor_sku_round2,False,,verified,https://www.petline.co.jp/cat/CD/,ペットライン公式商品ラインアップ/商品ページで味・内容量を確認。,2026-07-08
product_0005_v01_r2f002,product_0005,銀のスプーン おいしい顔が見られるおやつ カリカリッチ,銀のスプーン おいしい顔が見られるおやつ カリカリッチ シーフード 60g,brand_066,銀のスプーン,ユニ・チャーム,cat_treat,おやつ・嗜好品,subcat_005,おやつ,公式確認SKU,シーフード・チキン等,A,量販店・ECでの初期マスタ優先度高,https://jp.unicharmpet.com/ja/products/cat/food-ginspoon-4520699679753.html,True,60g,シーフード,該当なし,official_or_maker_source_verified_round2,verified_content_flavor_sku_round2,False,,verified,https://jp.unicharmpet.com/ja/products/cat/food-ginspoon-4520699679753.html,ユニ・チャーム公式商品ページでシーフード味と30g/60g/120gを確認。チキン系は今回未確定のため残した。,2026-07-08
product_0005_v01_r2f003,product_0005,銀のスプーン おいしい顔が見られるおやつ カリカリッチ,銀のスプーン おいしい顔が見られるおやつ カリカリッチ シーフード 120g,brand_066,銀のスプーン,ユニ・チャーム,cat_treat,おやつ・嗜好品,subcat_005,おやつ,公式確認SKU,シーフード・チキン等,A,量販店・ECでの初期マスタ優先度高,https://jp.unicharmpet.com/ja/products/cat/food-ginspoon-4520699679753.html,True,120g,シーフード,該当なし,official_or_maker_source_verified_round2,verified_content_flavor_sku_round2,False,,verified,https://jp.unicharmpet.com/ja/products/cat/food-ginspoon-4520699679753.html,ユニ・チャーム公式商品ページでシーフード味と30g/60g/120gを確認。チキン系は今回未確定のため残した。,2026-07-08
product_0100_r2p003,product_0100,ピュリナ ワン グレインフリー,ピュリナ ワン グレインフリー 白身魚 3.6kg（Amazon限定）,brand_046,ピュリナ ワン,ネスレ ピュリナ,cat_food,フード,subcat_001,ドライフード,公式確認SKU,年齢・健康ニーズ・味違いあり,A,ピュリナ公式の猫用フードカテゴリ,https://purina.nestle.jp/food/cat/one-grainfree-whitefish,True,3.6kg（Amazon限定）,白身魚,該当なし,official_or_maker_source_verified_round2_purina,verified_content_flavor_sku_round2,False,,verified,https://purina.nestle.jp/food/cat/one-grainfree-whitefish,ピュリナ公式ページでグレインフリーのチキン/白身魚と内容量を確認。Amazon限定容量は注記付きで反映。,2026-07-08
product_0101_r2p002,product_0101,ピュリナ ワン 室内飼い猫用 インドアキャット 1歳以上,ピュリナ ワン 室内飼い猫用 インドアキャット 1歳以上 チキン 4.4kg（Amazon限定）,brand_046,ピュリナ ワン,ネスレ ピュリナ,cat_food,フード,subcat_001,ドライフード,公式確認SKU,年齢・健康ニーズ・味違いあり,A,ピュリナ公式の猫用フードカテゴリ,https://purina.nestle.jp/food/cat/one-dry-indoor-chicken,True,4.4kg（Amazon限定）,チキン,該当なし,official_or_maker_source_verified_round2_purina,verified_content_flavor_sku_round2,False,,verified,https://purina.nestle.jp/food/cat/one-dry-indoor-chicken,ピュリナ公式ページで室内飼い猫用のチキン/サーモン＆ツナと内容量を確認。Amazon限定容量は注記付きで反映。,2026-07-08
product_0102_r2p002,product_0102,ピュリナ ワン 避妊・去勢した猫の体重ケア,ピュリナ ワン 避妊・去勢した猫の体重ケア チキン 2kg,brand_046,ピュリナ ワン,ネスレ ピュリナ,cat_food,フード,subcat_001,ドライフード,公式確認SKU,年齢・健康ニーズ・味違いあり,A,ピュリナ公式の猫用フードカテゴリ,https://purina.nestle.jp/food/cat/one-dry-aftercare-chicken,True,2kg,チキン,該当なし,official_or_maker_source_verified_round2_purina,verified_content_flavor_sku_round2,False,,verified,https://purina.nestle.jp/food/cat/one-dry-aftercare-chicken,ピュリナ公式ページで避妊・去勢後ケアのチキン/サーモン＆ツナと内容量を確認。,2026-07-08
product_0103_r2p002,product_0103,ピュリナ ワン 美味を求める成猫用 1歳以上,ピュリナ ワン 美味を求める成猫用 1歳以上 チキン 4.4kg（Amazon限定）,brand_046,ピュリナ ワン,ネスレ ピュリナ,cat_food,フード,subcat_001,ドライフード,公式確認SKU,年齢・健康ニーズ・味違いあり,A,ピュリナ公式の猫用フードカテゴリ,https://purina.nestle.jp/food/cat/one-dry-adult-chicken,True,4.4kg（Amazon限定）,チキン,該当なし,official_or_maker_source_verified_round2_purina,verified_content_flavor_sku_round2,False,,verified,https://purina.nestle.jp/food/cat/one-dry-adult-chicken,ピュリナ公式ページで美味を求める成猫用のチキン/サーモン＆ツナと内容量を確認。Amazon限定容量は注記付きで反映。,2026-07-08
product_0103_r2p004,product_0103,ピュリナ ワン 美味を求める成猫用 1歳以上,ピュリナ ワン 美味を求める成猫用 1歳以上 サーモン＆ツナ 3kg,brand_046,ピュリナ ワン,ネスレ ピュリナ,cat_food,フード,subcat_001,ドライフード,公式確認SKU,年齢・健康ニーズ・味違いあり,A,ピュリナ公式の猫用フードカテゴリ,https://purina.nestle.jp/food/cat/one-dry-adult-salmonandtuna,True,3kg,サーモン＆ツナ,該当なし,official_or_maker_source_verified_round2_purina,verified_content_flavor_sku_round2,False,,verified,https://purina.nestle.jp/food/cat/one-dry-adult-salmonandtuna,ピュリナ公式ページで美味を求める成猫用のチキン/サーモン＆ツナと内容量を確認。Amazon限定容量は注記付きで反映。,2026-07-08
product_0106_r2p002,product_0106,ピュリナ ワン 1歳までの子ねこ用/妊娠・授乳期の母猫用,ピュリナ ワン 1歳までの子ねこ用/妊娠・授乳期の母猫用 チキン 2kg,brand_046,ピュリナ ワン,ネスレ ピュリナ,cat_food,フード,subcat_001,ドライフード,公式確認SKU,年齢・健康ニーズ・味違いあり,A,ピュリナ公式の猫用フードカテゴリ,https://purina.nestle.jp/food/cat/one-dry-kitten-chicken,True,2kg,チキン,該当なし,official_or_maker_source_verified_round2_purina,verified_content_flavor_sku_round2,False,,verified,https://purina.nestle.jp/food/cat/one-dry-kitten-chicken,ピュリナ公式ページで子ねこ用のチキン、サーモン＆ツナと内容量を確認。Amazon限定容量は注記付きで反映。,2026-07-08
product_0106_r2p003,product_0106,ピュリナ ワン 1歳までの子ねこ用/妊娠・授乳期の母猫用,ピュリナ ワン 1歳までの子ねこ用/妊娠・授乳期の母猫用 チキン 4.4kg（Amazon限定）,brand_046,ピュリナ ワン,ネスレ ピュリナ,cat_food,フード,subcat_001,ドライフード,公式確認SKU,年齢・健康ニーズ・味違いあり,A,ピュリナ公式の猫用フードカテゴリ,https://purina.nestle.jp/food/cat/one-dry-kitten-chicken,True,4.4kg（Amazon限定）,チキン,該当なし,official_or_maker_source_verified_round2_purina,verified_content_flavor_sku_round2,False,,verified,https://purina.nestle.jp/food/cat/one-dry-kitten-chicken,ピュリナ公式ページで子ねこ用のチキン、サーモン＆ツナと内容量を確認。Amazon限定容量は注記付きで反映。,2026-07-08
product_0034_r3002,product_0034,メディファス 子ねこ 12か月まで,メディファス 子ねこ 12か月まで チキン味 750g(250g×3),brand_056,メディファス,ペットライン,cat_food,フード,subcat_001,ドライフード,公式確認SKU,年齢/体質/味違いあり,A,国産フード系の主要ブランド,https://www.petline.co.jp/cat/MFD/U5200/,true,750g(250g×3),チキン味,該当なし,official_or_maker_source_verified_round3,verified_content_flavor_sku_round3,false,,verified,https://www.petline.co.jp/cat/MFD/U5200/,ペットライン公式商品ページでチキン味の内容量を確認。,2026-07-08
product_0034_r3003,product_0034,メディファス 子ねこ 12か月まで,メディファス 子ねこ 12か月まで チキン味 1.5kg(250g×6),brand_056,メディファス,ペットライン,cat_food,フード,subcat_001,ドライフード,公式確認SKU,年齢/体質/味違いあり,A,国産フード系の主要ブランド,https://www.petline.co.jp/cat/MFD/U5200/,true,1.5kg(250g×6),チキン味,該当なし,official_or_maker_source_verified_round3,verified_content_flavor_sku_round3,false,,verified,https://www.petline.co.jp/cat/MFD/U5200/,ペットライン公式商品ページでチキン味の内容量を確認。,2026-07-08
product_0036_r3002,product_0036,メディファス 避妊・去勢後のケア 子ねこから10歳まで,メディファス 避妊・去勢後のケア 子ねこから10歳まで チキン＆フィッシュ味 705g(235g×3),brand_056,メディファス,ペットライン,cat_food,フード,subcat_001,ドライフード,公式確認SKU,年齢/体質/味違いあり,A,国産フード系の主要ブランド,https://www.petline.co.jp/cat/MFD/U5231/,true,705g(235g×3),チキン＆フィッシュ味,該当なし,official_or_maker_source_verified_round3,verified_content_flavor_sku_round3,false,,verified,https://www.petline.co.jp/cat/MFD/U5231/,ペットライン公式商品ページでチキン＆フィッシュ味の内容量を確認。,2026-07-08
product_0036_r3003,product_0036,メディファス 避妊・去勢後のケア 子ねこから10歳まで,メディファス 避妊・去勢後のケア 子ねこから10歳まで チキン＆フィッシュ味 1.41kg(235g×6),brand_056,メディファス,ペットライン,cat_food,フード,subcat_001,ドライフード,公式確認SKU,年齢/体質/味違いあり,A,国産フード系の主要ブランド,https://www.petline.co.jp/cat/MFD/U5231/,true,1.41kg(235g×6),チキン＆フィッシュ味,該当なし,official_or_maker_source_verified_round3,verified_content_flavor_sku_round3,false,,verified,https://www.petline.co.jp/cat/MFD/U5231/,ペットライン公式商品ページでチキン＆フィッシュ味の内容量を確認。,2026-07-08
product_0036_r3004,product_0036,メディファス 避妊・去勢後のケア 子ねこから10歳まで,メディファス 避妊・去勢後のケア 子ねこから10歳まで チキン＆フィッシュ味 2.7kg(450g×6),brand_056,メディファス,ペットライン,cat_food,フード,subcat_001,ドライフード,公式確認SKU,年齢/体質/味違いあり,A,国産フード系の主要ブランド,https://www.petline.co.jp/cat/MFD/U5231/,true,2.7kg(450g×6),チキン＆フィッシュ味,該当なし,official_or_maker_source_verified_round3,verified_content_flavor_sku_round3,false,,verified,https://www.petline.co.jp/cat/MFD/U5231/,ペットライン公式商品ページでチキン＆フィッシュ味の内容量を確認。,2026-07-08
product_0036_r3005,product_0036,メディファス 避妊・去勢後のケア 子ねこから10歳まで,メディファス 避妊・去勢後のケア 子ねこから10歳まで チキン＆フィッシュ味 5.4kg(450g×12),brand_056,メディファス,ペットライン,cat_food,フード,subcat_001,ドライフード,公式確認SKU,年齢/体質/味違いあり,A,国産フード系の主要ブランド,https://www.petline.co.jp/cat/MFD/U5231/,true,5.4kg(450g×12),チキン＆フィッシュ味,該当なし,official_or_maker_source_verified_round3,verified_content_flavor_sku_round3,false,,verified,https://www.petline.co.jp/cat/MFD/U5231/,ペットライン公式商品ページでチキン＆フィッシュ味の内容量を確認。,2026-07-08
product_0037_r3002,product_0037,メディファス 室内猫 毛玉ケアプラス,メディファス 室内猫 毛玉ケアプラス 1歳から チキン＆フィッシュ味 1.41kg(235g×6),brand_056,メディファス,ペットライン,cat_food,フード,subcat_001,ドライフード,公式確認SKU,年齢/体質/味違いあり,A,国産フード系の主要ブランド,https://www.petline.co.jp/cat/MFD/U5210/,true,1.41kg(235g×6),チキン＆フィッシュ味,該当なし,official_or_maker_source_verified_round3,verified_content_flavor_sku_round3,false,,verified,https://www.petline.co.jp/cat/MFD/U5210/,ペットライン公式商品ページで年齢別のチキン＆フィッシュ味と内容量を確認。,2026-07-08
product_0037_r3003,product_0037,メディファス 室内猫 毛玉ケアプラス,メディファス 室内猫 毛玉ケアプラス 1歳から チキン＆フィッシュ味 2.7kg(450g×6),brand_056,メディファス,ペットライン,cat_food,フード,subcat_001,ドライフード,公式確認SKU,年齢/体質/味違いあり,A,国産フード系の主要ブランド,https://www.petline.co.jp/cat/MFD/U5210/,true,2.7kg(450g×6),チキン＆フィッシュ味,該当なし,official_or_maker_source_verified_round3,verified_content_flavor_sku_round3,false,,verified,https://www.petline.co.jp/cat/MFD/U5210/,ペットライン公式商品ページで年齢別のチキン＆フィッシュ味と内容量を確認。,2026-07-08
product_0037_r3004,product_0037,メディファス 室内猫 毛玉ケアプラス,メディファス 室内猫 毛玉ケアプラス 1歳から チキン＆フィッシュ味 5.4kg(450g×12),brand_056,メディファス,ペットライン,cat_food,フード,subcat_001,ドライフード,公式確認SKU,年齢/体質/味違いあり,A,国産フード系の主要ブランド,https://www.petline.co.jp/cat/MFD/U5210/,true,5.4kg(450g×12),チキン＆フィッシュ味,該当なし,official_or_maker_source_verified_round3,verified_content_flavor_sku_round3,false,,verified,https://www.petline.co.jp/cat/MFD/U5210/,ペットライン公式商品ページで年齢別のチキン＆フィッシュ味と内容量を確認。,2026-07-08
product_0037_r3006,product_0037,メディファス 室内猫 毛玉ケアプラス,メディファス 室内猫 毛玉ケアプラス 7歳から チキン＆フィッシュ味 1.41kg(235g×6),brand_056,メディファス,ペットライン,cat_food,フード,subcat_001,ドライフード,公式確認SKU,年齢/体質/味違いあり,A,国産フード系の主要ブランド,https://www.petline.co.jp/cat/MFD/MFD-38/,true,1.41kg(235g×6),チキン＆フィッシュ味,該当なし,official_or_maker_source_verified_round3,verified_content_flavor_sku_round3,false,,verified,https://www.petline.co.jp/cat/MFD/MFD-38/,ペットライン公式商品ページで年齢別のチキン＆フィッシュ味と内容量を確認。,2026-07-08
product_0037_r3007,product_0037,メディファス 室内猫 毛玉ケアプラス,メディファス 室内猫 毛玉ケアプラス 7歳から チキン＆フィッシュ味 2.7kg(450g×6),brand_056,メディファス,ペットライン,cat_food,フード,subcat_001,ドライフード,公式確認SKU,年齢/体質/味違いあり,A,国産フード系の主要ブランド,https://www.petline.co.jp/cat/MFD/MFD-38/,true,2.7kg(450g×6),チキン＆フィッシュ味,該当なし,official_or_maker_source_verified_round3,verified_content_flavor_sku_round3,false,,verified,https://www.petline.co.jp/cat/MFD/MFD-38/,ペットライン公式商品ページで年齢別のチキン＆フィッシュ味と内容量を確認。,2026-07-08
product_0037_r3009,product_0037,メディファス 室内猫 毛玉ケアプラス,メディファス 室内猫 毛玉ケアプラス 11歳から チキン＆フィッシュ味 1.41kg(235g×6),brand_056,メディファス,ペットライン,cat_food,フード,subcat_001,ドライフード,公式確認SKU,年齢/体質/味違いあり,A,国産フード系の主要ブランド,https://www.petline.co.jp/cat/MFD/U5220/,true,1.41kg(235g×6),チキン＆フィッシュ味,該当なし,official_or_maker_source_verified_round3,verified_content_flavor_sku_round3,false,,verified,https://www.petline.co.jp/cat/MFD/U5220/,ペットライン公式商品ページで年齢別のチキン＆フィッシュ味と内容量を確認。,2026-07-08
product_0037_r3010,product_0037,メディファス 室内猫 毛玉ケアプラス,メディファス 室内猫 毛玉ケアプラス 11歳から チキン＆フィッシュ味 2.7kg(450g×6),brand_056,メディファス,ペットライン,cat_food,フード,subcat_001,ドライフード,公式確認SKU,年齢/体質/味違いあり,A,国産フード系の主要ブランド,https://www.petline.co.jp/cat/MFD/U5220/,true,2.7kg(450g×6),チキン＆フィッシュ味,該当なし,official_or_maker_source_verified_round3,verified_content_flavor_sku_round3,false,,verified,https://www.petline.co.jp/cat/MFD/U5220/,ペットライン公式商品ページで年齢別のチキン＆フィッシュ味と内容量を確認。,2026-07-08
product_0038_r3002,product_0038,メディファス 7歳から,メディファス 7歳から チキン味 3kg(500g×6),brand_056,メディファス,ペットライン,cat_food,フード,subcat_001,ドライフード,公式確認SKU,年齢/体質/味違いあり,A,国産フード系の主要ブランド,https://www.petline.co.jp/cat/MFD/MFD-33/,true,3kg(500g×6),チキン味,該当なし,official_or_maker_source_verified_round3,verified_content_flavor_sku_round3,false,,verified,https://www.petline.co.jp/cat/MFD/MFD-33/,ペットライン公式商品ページでチキン味/フィッシュ味の内容量を確認。,2026-07-08
product_0038_r3004,product_0038,メディファス 7歳から,メディファス 7歳から フィッシュ味 3kg(500g×6),brand_056,メディファス,ペットライン,cat_food,フード,subcat_001,ドライフード,公式確認SKU,年齢/体質/味違いあり,A,国産フード系の主要ブランド,https://www.petline.co.jp/cat/MFD/MFD-34/,true,3kg(500g×6),フィッシュ味,該当なし,official_or_maker_source_verified_round3,verified_content_flavor_sku_round3,false,,verified,https://www.petline.co.jp/cat/MFD/MFD-34/,ペットライン公式商品ページでチキン味/フィッシュ味の内容量を確認。,2026-07-08
product_0040_r3002,product_0040,メディファスアドバンス,メディファスアドバンス グレインフリー 1歳から チキン＆フィッシュ味 1.25kg(250g×5),brand_056,メディファス,ペットライン,cat_food,フード,subcat_001,ドライフード,公式確認SKU,年齢/体質/味違いあり,A,国産フード系の主要ブランド,https://www.petline.co.jp/cat/MFA/U5238/,true,1.25kg(250g×5),チキン＆フィッシュ味,該当なし,official_or_maker_source_verified_round3,verified_content_flavor_sku_round3,false,,verified,https://www.petline.co.jp/cat/MFA/U5238/,ペットライン公式/公式通販ページでアドバンス系の味・内容量を確認。,2026-07-08
product_0246_r3002,product_0246,グリニーズ 猫用 歯みがき専用スナック,グリニーズ 猫用 歯みがき専用スナック グリルチキン・西洋マタタビ風味(キャットニップ) 130g,brand_022,グリニーズ,マース ジャパン,cat_treat,おやつ・嗜好品,subcat_007,デンタルおやつ,公式確認SKU,容量違いあり,A,歯みがき専用スナック・機能性おやつ,https://m.greenies.jp/cat_products,true,130g,グリルチキン・西洋マタタビ風味(キャットニップ),該当なし,official_or_maker_source_verified_round3,verified_content_flavor_sku_round3,false,,verified,https://m.greenies.jp/cat_products,グリニーズ公式商品情報で歯みがき専用スナックの香味・容量を確認。,2026-07-08
product_0247_r3002,product_0247,グリニーズ 猫用 歯みがき専用スナック,グリニーズ 猫用 歯みがき専用スナック 香味サーモン味 130g,brand_022,グリニーズ,マース ジャパン,cat_treat,おやつ・嗜好品,subcat_007,デンタルおやつ,公式確認SKU,容量違いあり,A,歯みがき専用スナック・機能性おやつ,https://m.greenies.jp/cat_products,true,130g,香味サーモン味,該当なし,official_or_maker_source_verified_round3,verified_content_flavor_sku_round3,false,,verified,https://m.greenies.jp/cat_products,グリニーズ公式商品情報で歯みがき専用スナックの香味・容量を確認。,2026-07-08
product_0248_r3002,product_0248,グリニーズ 猫用 歯みがき専用スナック,グリニーズ 猫用 歯みがき専用スナック ローストチキン味 130g,brand_022,グリニーズ,マース ジャパン,cat_treat,おやつ・嗜好品,subcat_007,デンタルおやつ,公式確認SKU,容量違いあり,A,歯みがき専用スナック・機能性おやつ,https://m.greenies.jp/cat_products,true,130g,ローストチキン味,該当なし,official_or_maker_source_verified_round3,verified_content_flavor_sku_round3,false,,verified,https://m.greenies.jp/cat_products,グリニーズ公式商品情報で歯みがき専用スナックの香味・容量を確認。,2026-07-08
product_0249_r3002,product_0249,グリニーズ 猫用 毛玉ケア,グリニーズ 猫用 毛玉ケア チキン味 90g,brand_022,グリニーズ,マース ジャパン,cat_treat,おやつ・嗜好品,subcat_006,機能性おやつ,公式確認SKU,容量違いあり,A,歯みがき専用スナック・機能性おやつ,https://m.greenies.jp/cat_products,true,90g,チキン味,該当なし,official_or_maker_source_verified_round3,verified_content_flavor_sku_round3,false,,verified,https://m.greenies.jp/cat_products,グリニーズ公式商品情報で毛玉ケアの味・容量を確認。,2026-07-08
product_0249_r3004,product_0249,グリニーズ 猫用 毛玉ケア,グリニーズ 猫用 毛玉ケア ツナ味 90g,brand_022,グリニーズ,マース ジャパン,cat_treat,おやつ・嗜好品,subcat_006,機能性おやつ,公式確認SKU,容量違いあり,A,歯みがき専用スナック・機能性おやつ,https://m.greenies.jp/cat_products,true,90g,ツナ味,該当なし,official_or_maker_source_verified_round3,verified_content_flavor_sku_round3,false,,verified,https://m.greenies.jp/cat_products,グリニーズ公式商品情報で毛玉ケアの味・容量を確認。,2026-07-08
product_0250_r3002,product_0250,グリニーズ 猫用 皮膚・被毛ケア,グリニーズ 猫用 皮膚・被毛ケア チキン味 90g,brand_022,グリニーズ,マース ジャパン,cat_treat,おやつ・嗜好品,subcat_006,機能性おやつ,公式確認SKU,容量違いあり,A,歯みがき専用スナック・機能性おやつ,https://m.greenies.jp/cat_products,true,90g,チキン味,該当なし,official_or_maker_source_verified_round3,verified_content_flavor_sku_round3,false,,verified,https://m.greenies.jp/cat_products,グリニーズ公式商品情報で皮膚・被毛ケアの味・容量を確認。,2026-07-08
product_0250_r3004,product_0250,グリニーズ 猫用 皮膚・被毛ケア,グリニーズ 猫用 皮膚・被毛ケア サーモン味 90g,brand_022,グリニーズ,マース ジャパン,cat_treat,おやつ・嗜好品,subcat_006,機能性おやつ,公式確認SKU,容量違いあり,A,歯みがき専用スナック・機能性おやつ,https://m.greenies.jp/cat_products,true,90g,サーモン味,該当なし,official_or_maker_source_verified_round3,verified_content_flavor_sku_round3,false,,verified,https://m.greenies.jp/cat_products,グリニーズ公式商品情報で皮膚・被毛ケアの味・容量を確認。,2026-07-08
product_0228_r3002,product_0228,ガッチリ固まる猫砂Ag+,ガッチリ固まる猫砂Ag+ 8L,brand_009,アイリスオーヤマ,アイリスオーヤマ,cat_litter_toilet,猫砂・トイレ,subcat_008,猫砂（鉱物）,公式確認SKU,容量違いあり,A,素材別ラインナップが広い,https://www.irisohyama.co.jp/products/pet-supplies-pet-food/cat-sand/mineral-sand/gacchirikatamaru-cat-sand,true,8L,該当なし,該当なし,official_or_maker_source_verified_round3,verified_content_flavor_sku_round3,false,,verified,https://www.irisohyama.co.jp/products/pet-supplies-pet-food/cat-sand/mineral-sand/gacchirikatamaru-cat-sand,アイリスオーヤマ公式商品ページで内容量を確認。非食品のため味・香りは該当なし。,2026-07-08
product_0229_r3002,product_0229,ウッディフレッシュ,ウッディフレッシュ 10L,brand_009,アイリスオーヤマ,アイリスオーヤマ,cat_litter_toilet,猫砂・トイレ,subcat_010,猫砂（木・ひのき）,公式確認SKU,容量違いあり,A,素材別ラインナップが広い,https://www.irisohyama.co.jp/products/pet-supplies-pet-food/cat-sand/mokusuna/woody-fresh,true,10L,該当なし,該当なし,official_or_maker_source_verified_round3,verified_content_flavor_sku_round3,false,,verified,https://www.irisohyama.co.jp/products/pet-supplies-pet-food/cat-sand/mokusuna/woody-fresh,アイリスオーヤマ公式商品ページで内容量を確認。非食品のため味・香りは該当なし。,2026-07-08
product_0233_r3002,product_0233,ペーパーフレッシュ,ペーパーフレッシュ 14L,brand_009,アイリスオーヤマ,アイリスオーヤマ,cat_litter_toilet,猫砂・トイレ,subcat_009,猫砂（紙）,公式確認SKU,容量違いあり,A,素材別ラインナップが広い,https://www.irisohyama.co.jp/products/pet-supplies-pet-food/cat-sand/kamisuna/paper-fresh,true,14L,該当なし,該当なし,official_or_maker_source_verified_round3,verified_content_flavor_sku_round3,false,,verified,https://www.irisohyama.co.jp/products/pet-supplies-pet-food/cat-sand/kamisuna/paper-fresh,アイリスオーヤマ公式商品ページで内容量を確認。非食品のため味・香りは該当なし。,2026-07-08
product_0007_r4003,product_0007,AllWell 吐き戻し軽減,AllWell 吐き戻し軽減 フィッシュ味 1.5kg,brand_001,AllWell,ユニ・チャーム,cat_food,フード,subcat_001,ドライフード,公式確認SKU,チキン・フィッシュ等 / 年齢別,A,健康訴求フードとして登録推奨,https://jp.unicharmpet.com/ja/allwell/lineup.html,true,1.5kg,フィッシュ味,該当なし,,,,,,,,
product_0007_r4004,product_0007,AllWell 吐き戻し軽減,AllWell 吐き戻し軽減 フィッシュ味 2.4kg,brand_001,AllWell,ユニ・チャーム,cat_food,フード,subcat_001,ドライフード,公式確認SKU,チキン・フィッシュ等 / 年齢別,A,健康訴求フードとして登録推奨,https://jp.unicharmpet.com/ja/allwell/lineup.html,true,2.4kg,フィッシュ味,該当なし,,,,,,,,
product_0007_r4006,product_0007,AllWell 吐き戻し軽減,AllWell 吐き戻し軽減 チキン味 2.4kg,brand_001,AllWell,ユニ・チャーム,cat_food,フード,subcat_001,ドライフード,公式確認SKU,チキン・フィッシュ等 / 年齢別,A,健康訴求フードとして登録推奨,https://jp.unicharmpet.com/ja/allwell/lineup.html,true,2.4kg,チキン味,該当なし,,,,,,,,
product_0043_r4002,product_0043,キャラット 5つの味,キャラット 5つの味 飽きやすい成猫用 海の幸 1.2kg(240g×5),brand_019,キャラット,ペットライン,cat_food,フード,subcat_001,ドライフード,公式確認SKU,年齢/体質/味違いあり,A,国産フード系の主要ブランド,https://www.petline.co.jp/cat/CRT5/NS-525920/,true,1.2kg(240g×5),海の幸,該当なし,,,,,,,,
product_0138_r4002,product_0138,ニュートロ ナチュラルチョイス キャット 室内猫用 アダルト,ニュートロ ナチュラルチョイス キャット 室内猫用 アダルト チキン 2kg,brand_037,ニュートロ ナチュラルチョイス,マース ジャパン,cat_food,フード,subcat_001,ドライフード,公式確認SKU,味・年齢違いあり,A,マース系主要ブランド,https://store.nutro.jp/products/nc_c_adult_chicken,true,2kg,チキン,該当なし,,,,,,,,
product_0049_vf002,product_0049,プロステージ ル・シャット 腎臓の健康に配慮,プロステージ ル・シャット 腎臓の健康に配慮 1.2kg(400g×3袋),brand_053,プロステージ,ペットライン,cat_food,フード,subcat_001,ドライフード,シリーズ,年齢/体質/味違いあり,B,国産フード系の主要ブランド,https://www.yeaster.co.jp/products/catfood/item/199,true,1.2kg(400g×3袋),該当なし,該当なし,official_or_maker_source_verified,verified_content_flavor_sku,false,,verified,https://www.yeaster.co.jp/products/catfood/item/199,イースター公式で「腎臓の健康に配慮」の内容量を確認。旧デトレ相当として整理。味表記はなし。,2026-07-08
product_0049_vf003,product_0049,プロステージ ル・シャット 腎臓の健康に配慮,プロステージ ル・シャット 腎臓の健康に配慮 4kg(500g×8袋),brand_053,プロステージ,ペットライン,cat_food,フード,subcat_001,ドライフード,シリーズ,年齢/体質/味違いあり,B,国産フード系の主要ブランド,https://www.yeaster.co.jp/products/catfood/item/199,true,4kg(500g×8袋),該当なし,該当なし,official_or_maker_source_verified,verified_content_flavor_sku,false,,verified,https://www.yeaster.co.jp/products/catfood/item/199,イースター公式で「腎臓の健康に配慮」の内容量を確認。旧デトレ相当として整理。味表記はなし。,2026-07-08
product_0050_vf002,product_0050,プロステージ ル・シャット 健康維持による免疫の維持に配慮,プロステージ ル・シャット 健康維持による免疫の維持に配慮 1.2kg(400g×3袋),brand_053,プロステージ,ペットライン,cat_food,フード,subcat_001,ドライフード,シリーズ,年齢/体質/味違いあり,B,国産フード系の主要ブランド,https://www.yeaster.co.jp/products/catfood/item/203,true,1.2kg(400g×3袋),該当なし,該当なし,official_or_maker_source_verified,verified_content_flavor_sku,false,,verified,https://www.yeaster.co.jp/products/catfood/item/203,イースター公式で「健康維持による免疫の維持に配慮」の内容量を確認。旧ヌクレ相当として整理。味表記はなし。,2026-07-08
product_0050_vf003,product_0050,プロステージ ル・シャット 健康維持による免疫の維持に配慮,プロステージ ル・シャット 健康維持による免疫の維持に配慮 4kg(500g×8袋),brand_053,プロステージ,ペットライン,cat_food,フード,subcat_001,ドライフード,シリーズ,年齢/体質/味違いあり,B,国産フード系の主要ブランド,https://www.yeaster.co.jp/products/catfood/item/203,true,4kg(500g×8袋),該当なし,該当なし,official_or_maker_source_verified,verified_content_flavor_sku,false,,verified,https://www.yeaster.co.jp/products/catfood/item/203,イースター公式で「健康維持による免疫の維持に配慮」の内容量を確認。旧ヌクレ相当として整理。味表記はなし。,2026-07-08
product_0062_vf002,product_0062,ビューティープロ キャット 下部尿路の健康維持 1歳から,ビューティープロ キャット 下部尿路の健康維持 1歳から フィッシュ味 1.4kg(280g×5袋),brand_043,ビューティープロ,日本ペットフード,cat_food,フード,subcat_001,ドライフード,シリーズ,年齢・健康ニーズ別,B,日本ペットフードの猫用主要カテゴリ,https://www.npf.co.jp/cat-products/cat-detail/bcmf,true,1.4kg(280g×5袋),フィッシュ味,該当なし,official_or_maker_source_verified,verified_content_flavor_sku,false,,verified,https://www.npf.co.jp/cat-products/cat-detail/bcmf,日本ペットフード公式で下部尿路の健康維持 1歳からの味・内容量を確認。,2026-07-08
product_0062_vf003,product_0062,ビューティープロ キャット 下部尿路の健康維持 1歳から,ビューティープロ キャット 下部尿路の健康維持 1歳から フィッシュ味 2.7kg(450g×6袋),brand_043,ビューティープロ,日本ペットフード,cat_food,フード,subcat_001,ドライフード,シリーズ,年齢・健康ニーズ別,B,日本ペットフードの猫用主要カテゴリ,https://www.npf.co.jp/cat-products/cat-detail/bcmf,true,2.7kg(450g×6袋),フィッシュ味,該当なし,official_or_maker_source_verified,verified_content_flavor_sku,false,,verified,https://www.npf.co.jp/cat-products/cat-detail/bcmf,日本ペットフード公式で下部尿路の健康維持 1歳からの味・内容量を確認。,2026-07-08
product_0063_vf002,product_0063,ビューティープロ キャット 避妊・去勢後用,ビューティープロ キャット 避妊・去勢後用 フィッシュ味 1.4kg(280g×5袋),brand_043,ビューティープロ,日本ペットフード,cat_food,フード,subcat_001,ドライフード,シリーズ,年齢・健康ニーズ別,B,日本ペットフードの猫用主要カテゴリ,https://www.npf.co.jp/cat-products/cat-detail/bcn,true,1.4kg(280g×5袋),フィッシュ味,該当なし,official_or_maker_source_verified,verified_content_flavor_sku,false,,verified,https://www.npf.co.jp/cat-products/cat-detail/bcn,日本ペットフード公式で避妊・去勢後用の味・内容量を確認。,2026-07-08
product_0065_vf002,product_0065,ラシーネ 日本猫,ラシーネ 日本猫 かつお節＆まぐろ節入り 1.18kg(236g×5袋),brand_059,ラシーネ,日本ペットフード,cat_food,フード,subcat_001,ドライフード,シリーズ,年齢・健康ニーズ別,B,日本ペットフードの猫用主要カテゴリ,https://www.npf.co.jp/lacine/index.html,true,1.18kg(236g×5袋),かつお節＆まぐろ節入り,該当なし,official_or_maker_source_verified,verified_content_flavor_sku,false,,verified,https://www.npf.co.jp/lacine/index.html,ラシーネ公式ページでお品書きと内容量を確認。11歳以上用は公式注記の専用容量を反映。,2026-07-08
product_0065_vf004,product_0065,ラシーネ 日本猫,ラシーネ 日本猫 にぼし削り入り 1.18kg(236g×5袋),brand_059,ラシーネ,日本ペットフード,cat_food,フード,subcat_001,ドライフード,シリーズ,年齢・健康ニーズ別,B,日本ペットフードの猫用主要カテゴリ,https://www.npf.co.jp/lacine/index.html,true,1.18kg(236g×5袋),にぼし削り入り,該当なし,official_or_maker_source_verified,verified_content_flavor_sku,false,,verified,https://www.npf.co.jp/lacine/index.html,ラシーネ公式ページでお品書きと内容量を確認。11歳以上用は公式注記の専用容量を反映。,2026-07-08
product_0065_vf006,product_0065,ラシーネ 日本猫,ラシーネ 日本猫 避妊・去勢後用 1.18kg(236g×5袋),brand_059,ラシーネ,日本ペットフード,cat_food,フード,subcat_001,ドライフード,シリーズ,年齢・健康ニーズ別,B,日本ペットフードの猫用主要カテゴリ,https://www.npf.co.jp/lacine/index.html,true,1.18kg(236g×5袋),避妊・去勢後用,該当なし,official_or_maker_source_verified,verified_content_flavor_sku,false,,verified,https://www.npf.co.jp/lacine/index.html,ラシーネ公式ページでお品書きと内容量を確認。11歳以上用は公式注記の専用容量を反映。,2026-07-08
product_0065_vf008,product_0065,ラシーネ 日本猫,ラシーネ 日本猫 11歳以上用 1.1kg(220g×5袋),brand_059,ラシーネ,日本ペットフード,cat_food,フード,subcat_001,ドライフード,シリーズ,年齢・健康ニーズ別,B,日本ペットフードの猫用主要カテゴリ,https://www.npf.co.jp/lacine/index.html,true,1.1kg(220g×5袋),11歳以上用,該当なし,official_or_maker_source_verified,verified_content_flavor_sku,false,,verified,https://www.npf.co.jp/lacine/index.html,ラシーネ公式ページでお品書きと内容量を確認。11歳以上用は公式注記の専用容量を反映。,2026-07-08
product_0064_r6002,product_0064,ビューティープロ キャット 腎臓の健康維持,ビューティープロ キャット 腎臓の健康維持 15歳以上 フィッシュ味 1.4kg(280g×5袋),brand_043,ビューティープロ,日本ペットフード,cat_food,フード,subcat_001,ドライフード,シリーズ,年齢・健康ニーズ別,B,日本ペットフードの猫用主要カテゴリ,https://www.npf.co.jp/cat-products/cat-detail/bc15k,true,1.4kg(280g×5袋),フィッシュ味,該当なし,official_round6,content_flavor_verified,false,,verified,https://www.npf.co.jp/cat-products/cat-detail/bc15k,日本ペットフード公式で腎臓の健康維持15歳以上の味・内容量を確認。,2026-07-08
product_0064_r6003,product_0064,ビューティープロ キャット 腎臓の健康維持,ビューティープロ キャット 腎臓の健康維持 15歳以上 フィッシュ味 2.7kg(450g×6袋),brand_043,ビューティープロ,日本ペットフード,cat_food,フード,subcat_001,ドライフード,シリーズ,年齢・健康ニーズ別,B,日本ペットフードの猫用主要カテゴリ,https://www.npf.co.jp/cat-products/cat-detail/bc15k,true,2.7kg(450g×6袋),フィッシュ味,該当なし,official_round6,content_flavor_verified,false,,verified,https://www.npf.co.jp/cat-products/cat-detail/bc15k,日本ペットフード公式で腎臓の健康維持15歳以上の味・内容量を確認。,2026-07-08
product_0072_r6002,product_0072,ロイヤルカナン マザー&ベビーキャット,ロイヤルカナン マザー＆ベビーキャット ドライ 2kg,brand_060,ロイヤルカナン,ロイヤルカナン,cat_food,フード,subcat_001,ドライフード,シリーズ,年齢/猫種/健康ニーズ別,A,総合栄養食の主要ライン,https://www.royalcanin.com/jp/cats/products/retail-products/mother-%26-babycat-2544,true,2kg,該当なし,該当なし,official_round6,content_flavor_verified,false,,verified,https://www.royalcanin.com/jp/cats/products/retail-products/mother-%26-babycat-2544,ロイヤルカナン公式でマザー＆ベビーキャット ドライの内容量を確認。,2026-07-08
product_0072_r6003,product_0072,ロイヤルカナン マザー&ベビーキャット,ロイヤルカナン マザー＆ベビーキャット ドライ 4kg,brand_060,ロイヤルカナン,ロイヤルカナン,cat_food,フード,subcat_001,ドライフード,シリーズ,年齢/猫種/健康ニーズ別,A,総合栄養食の主要ライン,https://www.royalcanin.com/jp/cats/products/retail-products/mother-%26-babycat-2544,true,4kg,該当なし,該当なし,official_round6,content_flavor_verified,false,,verified,https://www.royalcanin.com/jp/cats/products/retail-products/mother-%26-babycat-2544,ロイヤルカナン公式でマザー＆ベビーキャット ドライの内容量を確認。,2026-07-08
product_0073_r6002,product_0073,ロイヤルカナン エイジング12+,ロイヤルカナン エイジング 11+ ドライ 2kg,brand_060,ロイヤルカナン,ロイヤルカナン,cat_food,フード,subcat_001,ドライフード,シリーズ,年齢/猫種/健康ニーズ別,A,総合栄養食の主要ライン,https://www.royalcanin.com/jp/cats/products/retail-products/ageing-11%2B-2561,true,2kg,該当なし,該当なし,official_round6,content_flavor_verified,false,,verified,https://www.royalcanin.com/jp/cats/products/retail-products/ageing-11%2B-2561,ロイヤルカナン公式で現行のエイジング11+ドライの内容量を確認。元行のエイジング12+は現行名に合わせて整理。,2026-07-08
product_0073_r6003,product_0073,ロイヤルカナン エイジング12+,ロイヤルカナン エイジング 11+ ドライ 4kg,brand_060,ロイヤルカナン,ロイヤルカナン,cat_food,フード,subcat_001,ドライフード,シリーズ,年齢/猫種/健康ニーズ別,A,総合栄養食の主要ライン,https://www.royalcanin.com/jp/cats/products/retail-products/ageing-11%2B-2561,true,4kg,該当なし,該当なし,official_round6,content_flavor_verified,false,,verified,https://www.royalcanin.com/jp/cats/products/retail-products/ageing-11%2B-2561,ロイヤルカナン公式で現行のエイジング11+ドライの内容量を確認。元行のエイジング12+は現行名に合わせて整理。,2026-07-08
product_0074_r6002,product_0074,ロイヤルカナン 猫種専用（アメリカンショートヘアー等）,ロイヤルカナン ペルシャ・チンチラ・ヒマラヤン 成猫用 2kg,brand_060,ロイヤルカナン,ロイヤルカナン,cat_food,フード,subcat_001,ドライフード,シリーズ,年齢/猫種/健康ニーズ別,A,総合栄養食の主要ライン,https://www.royalcanin.com/jp/cats/products/retail-products/persian-adult-2552,true,2kg,該当なし,該当なし,official_round6,content_flavor_verified,false,,verified,https://www.royalcanin.com/jp/cats/products/retail-products/persian-adult-2552,ロイヤルカナン公式で猫種専用フードの内容量を確認。,2026-07-08
product_0074_r6004,product_0074,ロイヤルカナン 猫種専用（アメリカンショートヘアー等）,ロイヤルカナン ブリティッシュ ショートヘアー 成猫用 2kg,brand_060,ロイヤルカナン,ロイヤルカナン,cat_food,フード,subcat_001,ドライフード,シリーズ,年齢/猫種/健康ニーズ別,A,総合栄養食の主要ライン,https://www.royalcanin.com/jp/cats/products/retail-products/british-shorthair-adult-2557,true,2kg,該当なし,該当なし,official_round6,content_flavor_verified,false,,verified,https://www.royalcanin.com/jp/cats/products/retail-products/british-shorthair-adult-2557,ロイヤルカナン公式で猫種専用フードの内容量を確認。,2026-07-08
product_0092_r7f002,product_0092,i/d 消化ケア,ヒルズ プリスクリプション・ダイエット i/d 消化ケア チキン 2kg,brand_041,ヒルズ プリスクリプション・ダイエット,日本ヒルズ・コルゲート,cat_food,フード,subcat_004,療法食,療法食,年齢/健康状態別,A,療法食は獣医師相談表示推奨,https://www.hills.co.jp/,true,2kg,チキン,該当なし,official_verified_round7,content_flavor_sku_verified,false,,verified,https://myhillsshop.hills.co.jp/products/pd-fel-i-d,ヒルズ公式通販でバリアント500g/2kg、商品名チキンを確認,2026-07-08
product_0093_r7f002,product_0093,z/d 食物アレルギーケア,ヒルズ プリスクリプション・ダイエット z/d 食物アレルギー＆皮膚ケア オリジナル 2kg,brand_041,ヒルズ プリスクリプション・ダイエット,日本ヒルズ・コルゲート,cat_food,フード,subcat_004,療法食,療法食,年齢/健康状態別,A,療法食は獣医師相談表示推奨,https://www.hills.co.jp/,true,2kg,オリジナル,該当なし,official_verified_round7,content_flavor_sku_verified,false,,verified,https://myhillsshop.hills.co.jp/products/pd-fel-z-d,ヒルズ公式通販で商品名オリジナル、バリアント500g/2kgを確認,2026-07-08
product_0094_r7f002,product_0094,r/d 体重管理,ヒルズ プリスクリプション・ダイエット r/d 体重減量 チキン 4kg,brand_041,ヒルズ プリスクリプション・ダイエット,日本ヒルズ・コルゲート,cat_food,フード,subcat_004,療法食,療法食,年齢/健康状態別,A,療法食は獣医師相談表示推奨,https://www.hills.co.jp/,true,4kg,チキン,該当なし,official_verified_round7,content_flavor_sku_verified,false,,verified,https://myhillsshop.hills.co.jp/products/pd-fel-r-d-with-chicken,ヒルズ公式通販で商品名チキン、バリアント2kg/4kgを確認,2026-07-08
product_0153_r7f002,product_0153,ワイルドプレイリーキャット,アカナ ワイルドプレイリーキャットレシピ 1.8kg,brand_010,アカナ,各社/輸入元,cat_food,フード,subcat_001,ドライフード,ドライフード,味・容量違いあり,B,プレミアム/通販系。日本流通は販売店確認推奨,https://www.min-petkenko.com/premiumFood.php?mode=cat,true,1.8kg,チキン・七面鳥・魚・卵,該当なし,official_verified_round7,content_flavor_sku_verified,false,,verified,https://acana.net/products/wild-prairie-cats,アカナ公式でサイズ340g/1.8kg/4.5kgと原材料系フレーバーを確認,2026-07-08
product_0153_r7f003,product_0153,ワイルドプレイリーキャット,アカナ ワイルドプレイリーキャットレシピ 4.5kg,brand_010,アカナ,各社/輸入元,cat_food,フード,subcat_001,ドライフード,ドライフード,味・容量違いあり,B,プレミアム/通販系。日本流通は販売店確認推奨,https://www.min-petkenko.com/premiumFood.php?mode=cat,true,4.5kg,チキン・七面鳥・魚・卵,該当なし,official_verified_round7,content_flavor_sku_verified,false,,verified,https://acana.net/products/wild-prairie-cats,アカナ公式でサイズ340g/1.8kg/4.5kgと原材料系フレーバーを確認,2026-07-08
product_0154_r7f002,product_0154,パシフィカキャット,アカナ パシフィカキャット 1.8kg,brand_010,アカナ,各社/輸入元,cat_food,フード,subcat_001,ドライフード,ドライフード,味・容量違いあり,B,プレミアム/通販系。日本流通は販売店確認推奨,https://www.min-petkenko.com/premiumFood.php?mode=cat,true,1.8kg,魚,該当なし,official_verified_round7,content_flavor_sku_verified,false,,verified,https://acana.net/products/pacifica-cats,アカナ公式で魚中心のレシピとサイズ340g/1.8kg/4.5kgを確認,2026-07-08
product_0154_r7f003,product_0154,パシフィカキャット,アカナ パシフィカキャット 4.5kg,brand_010,アカナ,各社/輸入元,cat_food,フード,subcat_001,ドライフード,ドライフード,味・容量違いあり,B,プレミアム/通販系。日本流通は販売店確認推奨,https://www.min-petkenko.com/premiumFood.php?mode=cat,true,4.5kg,魚,該当なし,official_verified_round7,content_flavor_sku_verified,false,,verified,https://acana.net/products/pacifica-cats,アカナ公式で魚中心のレシピとサイズ340g/1.8kg/4.5kgを確認,2026-07-08
product_0155_r7f002,product_0155,グラスランドキャット,アカナ グラスランドキャット 1.8kg,brand_010,アカナ,各社/輸入元,cat_food,フード,subcat_001,ドライフード,ドライフード,味・容量違いあり,B,プレミアム/通販系。日本流通は販売店確認推奨,https://www.min-petkenko.com/premiumFood.php?mode=cat,true,1.8kg,鴨・鶏・七面鳥・魚・卵,該当なし,official_verified_round7,content_flavor_sku_verified,false,,verified,https://acana.net/products/grasslands-cats,アカナ公式でサイズ340g/1.8kg/4.5kgと原材料系フレーバーを確認,2026-07-08
product_0155_r7f003,product_0155,グラスランドキャット,アカナ グラスランドキャット 4.5kg,brand_010,アカナ,各社/輸入元,cat_food,フード,subcat_001,ドライフード,ドライフード,味・容量違いあり,B,プレミアム/通販系。日本流通は販売店確認推奨,https://www.min-petkenko.com/premiumFood.php?mode=cat,true,4.5kg,鴨・鶏・七面鳥・魚・卵,該当なし,official_verified_round7,content_flavor_sku_verified,false,,verified,https://acana.net/products/grasslands-cats,アカナ公式でサイズ340g/1.8kg/4.5kgと原材料系フレーバーを確認,2026-07-08
product_0156_r7f002,product_0156,バウンティフルキャッチ,アカナ バウンティフルキャッチキャット 1.8kg,brand_010,アカナ,各社/輸入元,cat_food,フード,subcat_001,ドライフード,ドライフード,味・容量違いあり,B,プレミアム/通販系。日本流通は販売店確認推奨,https://www.min-petkenko.com/premiumFood.php?mode=cat,true,1.8kg,サーモン・ニシン・ヘイク,該当なし,official_verified_round7,content_flavor_sku_verified,false,,verified,https://acana.net/products/bountiful-catch,アカナ公式で魚中心のレシピとサイズ340g/1.8kg/4.5kgを確認,2026-07-08
product_0156_r7f003,product_0156,バウンティフルキャッチ,アカナ バウンティフルキャッチキャット 4.5kg,brand_010,アカナ,各社/輸入元,cat_food,フード,subcat_001,ドライフード,ドライフード,味・容量違いあり,B,プレミアム/通販系。日本流通は販売店確認推奨,https://www.min-petkenko.com/premiumFood.php?mode=cat,true,4.5kg,サーモン・ニシン・ヘイク,該当なし,official_verified_round7,content_flavor_sku_verified,false,,verified,https://acana.net/products/bountiful-catch,アカナ公式で魚中心のレシピとサイズ340g/1.8kg/4.5kgを確認,2026-07-08
product_0157_r8f002,product_0157,キャット&キトゥン,オリジン オリジナルキャット 1.8kg,brand_014,オリジン,各社/輸入元,cat_food,フード,subcat_001,ドライフード,ドライフード,味・容量違いあり,B,プレミアム/通販系。日本流通は販売店確認推奨,https://www.min-petkenko.com/premiumFood.php?mode=cat,true,1.8kg,鶏肉・七面鳥・天然魚・卵,該当なし,verified_round8,split_verified,false,,verified,https://www.wannyan-kitchen.com/fs/wannyan/c/orijen_cat?sort=03,正規販売店の商品一覧でオリジナルキャットのサイズ340g/1.8kg/5.4kgを確認。公式系ページでレシピ系統を確認。,2026-07-08
product_0157_r8f003,product_0157,キャット&キトゥン,オリジン オリジナルキャット 5.4kg,brand_014,オリジン,各社/輸入元,cat_food,フード,subcat_001,ドライフード,ドライフード,味・容量違いあり,B,プレミアム/通販系。日本流通は販売店確認推奨,https://www.min-petkenko.com/premiumFood.php?mode=cat,true,5.4kg,鶏肉・七面鳥・天然魚・卵,該当なし,verified_round8,split_verified,false,,verified,https://www.wannyan-kitchen.com/fs/wannyan/c/orijen_cat?sort=03,正規販売店の商品一覧でオリジナルキャットのサイズ340g/1.8kg/5.4kgを確認。公式系ページでレシピ系統を確認。,2026-07-08
product_0158_r8f002,product_0158,シックスフィッシュ,オリジン シックスフィッシュキャット 1.8kg,brand_014,オリジン,各社/輸入元,cat_food,フード,subcat_001,ドライフード,ドライフード,味・容量違いあり,B,プレミアム/通販系。日本流通は販売店確認推奨,https://www.min-petkenko.com/premiumFood.php?mode=cat,true,1.8kg,魚,該当なし,verified_round8,split_verified,false,,verified,https://acana.net/products/%E3%82%B7%E3%83%83%E3%82%AF%E3%82%B9%E3%83%95%E3%82%A3%E3%83%83%E3%82%B7%E3%83%A5%E3%82%AD%E3%83%A3%E3%83%83%E3%83%88,アカナ・オリジン公式商品ページでシックスフィッシュキャットのサイズ340g/1.8kg/5.4kgを確認。,2026-07-08
product_0158_r8f003,product_0158,シックスフィッシュ,オリジン シックスフィッシュキャット 5.4kg,brand_014,オリジン,各社/輸入元,cat_food,フード,subcat_001,ドライフード,ドライフード,味・容量違いあり,B,プレミアム/通販系。日本流通は販売店確認推奨,https://www.min-petkenko.com/premiumFood.php?mode=cat,true,5.4kg,魚,該当なし,verified_round8,split_verified,false,,verified,https://acana.net/products/%E3%82%B7%E3%83%83%E3%82%AF%E3%82%B9%E3%83%95%E3%82%A3%E3%83%83%E3%82%B7%E3%83%A5%E3%82%AD%E3%83%A3%E3%83%83%E3%83%88,アカナ・オリジン公式商品ページでシックスフィッシュキャットのサイズ340g/1.8kg/5.4kgを確認。,2026-07-08
product_0159_r8f002,product_0159,レジオナルレッド,オリジン レジオナルレッドキャット 5.4kg,brand_014,オリジン,各社/輸入元,cat_food,フード,subcat_001,ドライフード,ドライフード,味・容量違いあり,B,プレミアム/通販系。日本流通は販売店確認推奨,https://www.min-petkenko.com/premiumFood.php?mode=cat,true,5.4kg,牛・豚・サバ・イノシシ・ヤギ・ラム,該当なし,verified_round8,split_verified,false,,verified,https://www.wannyan-kitchen.com/fs/wannyan/c/orijen_cat?sort=03,正規販売店の商品一覧でレジオナルレッドキャットのサイズ1.8kg/5.4kgを確認。,2026-07-08
product_0160_r8f002,product_0160,フィット&トリム,オリジン フィット＆トリムキャット 1.8kg,brand_014,オリジン,各社/輸入元,cat_food,フード,subcat_001,ドライフード,ドライフード,味・容量違いあり,B,プレミアム/通販系。日本流通は販売店確認推奨,https://www.min-petkenko.com/premiumFood.php?mode=cat,true,1.8kg,チキン・七面鳥・魚,該当なし,verified_round8,split_verified,false,,verified,https://store.shopping.yahoo.co.jp/sakurasow-1/cofcb54.html,正規品販売ページでフィット＆トリムキャットの340g/1.8kg/5.4kg展開を確認。,2026-07-08
product_0160_r8f003,product_0160,フィット&トリム,オリジン フィット＆トリムキャット 5.4kg,brand_014,オリジン,各社/輸入元,cat_food,フード,subcat_001,ドライフード,ドライフード,味・容量違いあり,B,プレミアム/通販系。日本流通は販売店確認推奨,https://www.min-petkenko.com/premiumFood.php?mode=cat,true,5.4kg,チキン・七面鳥・魚,該当なし,verified_round8,split_verified,false,,verified,https://store.shopping.yahoo.co.jp/sakurasow-1/cofcb54.html,正規品販売ページでフィット＆トリムキャットの340g/1.8kg/5.4kg展開を確認。,2026-07-08
product_0171_r8f002,product_0171,ラム&レバー,キアオラ キャット ラム＆レバー 900g,brand_017,キアオラ / Kia Ora,各社/輸入元,cat_food,フード,subcat_001,ドライフード,ドライフード,味・容量違いあり,B,プレミアム/通販系。日本流通は販売店確認推奨,https://www.min-petkenko.com/premiumFood.php?mode=cat,true,900g,ラム＆レバー,該当なし,verified_round8,split_verified,false,,verified,https://redheart.co.jp/release/2721/,レッドハートのリリースでラム＆レバー2.7kg発売を確認し、正規販売店で300g/900g展開を確認。,2026-07-08
product_0171_r8f003,product_0171,ラム&レバー,キアオラ キャット ラム＆レバー 2.7kg,brand_017,キアオラ / Kia Ora,各社/輸入元,cat_food,フード,subcat_001,ドライフード,ドライフード,味・容量違いあり,B,プレミアム/通販系。日本流通は販売店確認推奨,https://www.min-petkenko.com/premiumFood.php?mode=cat,true,2.7kg,ラム＆レバー,該当なし,verified_round8,split_verified,false,,verified,https://redheart.co.jp/release/2721/,レッドハートのリリースでラム＆レバー2.7kg発売を確認し、正規販売店で300g/900g展開を確認。,2026-07-08
product_0172_r8f002,product_0172,ビーフ&レバー,キアオラ キャット グラスフェッドビーフ＆レバー 900g,brand_017,キアオラ / Kia Ora,各社/輸入元,cat_food,フード,subcat_001,ドライフード,ドライフード,味・容量違いあり,B,プレミアム/通販系。日本流通は販売店確認推奨,https://www.min-petkenko.com/premiumFood.php?mode=cat,true,900g,グラスフェッドビーフ＆レバー,該当なし,verified_round8,split_verified,false,,verified,https://www.wannyan-kitchen.com/fs/wannyan/c/kiaora_cat,正規販売店の商品一覧でグラスフェッドビーフ＆レバーの300g/900g/2.7kg展開を確認。,2026-07-08
product_0172_r8f003,product_0172,ビーフ&レバー,キアオラ キャット グラスフェッドビーフ＆レバー 2.7kg,brand_017,キアオラ / Kia Ora,各社/輸入元,cat_food,フード,subcat_001,ドライフード,ドライフード,味・容量違いあり,B,プレミアム/通販系。日本流通は販売店確認推奨,https://www.min-petkenko.com/premiumFood.php?mode=cat,true,2.7kg,グラスフェッドビーフ＆レバー,該当なし,verified_round8,split_verified,false,,verified,https://www.wannyan-kitchen.com/fs/wannyan/c/kiaora_cat,正規販売店の商品一覧でグラスフェッドビーフ＆レバーの300g/900g/2.7kg展開を確認。,2026-07-08
product_0173_r8f002,product_0173,カンガルー,キアオラ キャット カンガルー 900g,brand_017,キアオラ / Kia Ora,各社/輸入元,cat_food,フード,subcat_001,ドライフード,ドライフード,味・容量違いあり,B,プレミアム/通販系。日本流通は販売店確認推奨,https://www.min-petkenko.com/premiumFood.php?mode=cat,true,900g,カンガルー,該当なし,verified_round8,split_verified,false,,verified,https://www.green-dog.com/shop/products/detail/KAORKKC1-00,GREEN DOGの商品ページでカンガルーの300g/900g/2.7kg展開を確認。,2026-07-08
product_0173_r8f003,product_0173,カンガルー,キアオラ キャット カンガルー 2.7kg,brand_017,キアオラ / Kia Ora,各社/輸入元,cat_food,フード,subcat_001,ドライフード,ドライフード,味・容量違いあり,B,プレミアム/通販系。日本流通は販売店確認推奨,https://www.min-petkenko.com/premiumFood.php?mode=cat,true,2.7kg,カンガルー,該当なし,verified_round8,split_verified,false,,verified,https://www.green-dog.com/shop/products/detail/KAORKKC1-00,GREEN DOGの商品ページでカンガルーの300g/900g/2.7kg展開を確認。,2026-07-08
product_0181_r9f002,product_0181,インディゴムーン,ソリッドゴールド インディゴムーン 1kg,brand_029,ソリッドゴールド,各社/輸入元,cat_food,フード,subcat_001,ドライフード,ドライフード,味・容量違いあり,B,プレミアム/通販系。日本流通は販売店確認推奨,https://www.min-petkenko.com/premiumFood.php?mode=cat,true,1kg,チキン・魚,該当なし,verified_round9,split_verified,false,,verified,https://www.min-petkenko.com/goods_solid_gold_indigo_moon_cat.html,国内正規品販売店ページでインディゴムーンの内容量500g/1kg/2kg/6kgを確認。主原料は高品質な鶏肉と魚。,2026-07-08
product_0181_r9f003,product_0181,インディゴムーン,ソリッドゴールド インディゴムーン 2kg,brand_029,ソリッドゴールド,各社/輸入元,cat_food,フード,subcat_001,ドライフード,ドライフード,味・容量違いあり,B,プレミアム/通販系。日本流通は販売店確認推奨,https://www.min-petkenko.com/premiumFood.php?mode=cat,true,2kg,チキン・魚,該当なし,verified_round9,split_verified,false,,verified,https://www.min-petkenko.com/goods_solid_gold_indigo_moon_cat.html,国内正規品販売店ページでインディゴムーンの内容量500g/1kg/2kg/6kgを確認。主原料は高品質な鶏肉と魚。,2026-07-08
product_0181_r9f004,product_0181,インディゴムーン,ソリッドゴールド インディゴムーン 6kg,brand_029,ソリッドゴールド,各社/輸入元,cat_food,フード,subcat_001,ドライフード,ドライフード,味・容量違いあり,B,プレミアム/通販系。日本流通は販売店確認推奨,https://www.min-petkenko.com/premiumFood.php?mode=cat,true,6kg,チキン・魚,該当なし,verified_round9,split_verified,false,,verified,https://www.min-petkenko.com/goods_solid_gold_indigo_moon_cat.html,国内正規品販売店ページでインディゴムーンの内容量500g/1kg/2kg/6kgを確認。主原料は高品質な鶏肉と魚。,2026-07-08
product_0182_r9f002,product_0182,カッツフラッケン,ソリッドゴールド カッツフラッケン 1kg,brand_029,ソリッドゴールド,各社/輸入元,cat_food,フード,subcat_001,ドライフード,ドライフード,味・容量違いあり,B,プレミアム/通販系。日本流通は販売店確認推奨,https://www.min-petkenko.com/premiumFood.php?mode=cat,true,1kg,ラム＆玄米,該当なし,verified_round9,split_verified,false,,verified,https://www.min-petkenko.com/goods_solid_gold_katz_flocken.html,国内正規品販売店ページでカッツフラッケンの内容量500g/1kg/2kgを確認。ラム肉・玄米系レシピ。,2026-07-08
product_0182_r9f003,product_0182,カッツフラッケン,ソリッドゴールド カッツフラッケン 2kg,brand_029,ソリッドゴールド,各社/輸入元,cat_food,フード,subcat_001,ドライフード,ドライフード,味・容量違いあり,B,プレミアム/通販系。日本流通は販売店確認推奨,https://www.min-petkenko.com/premiumFood.php?mode=cat,true,2kg,ラム＆玄米,該当なし,verified_round9,split_verified,false,,verified,https://www.min-petkenko.com/goods_solid_gold_katz_flocken.html,国内正規品販売店ページでカッツフラッケンの内容量500g/1kg/2kgを確認。ラム肉・玄米系レシピ。,2026-07-08
product_0186_r9f002,product_0186,グレインフリー アダルトキャット,ナウフレッシュ グレインフリー アダルトキャット 1.36kg,brand_033,ナウフレッシュ,各社/輸入元,cat_food,フード,subcat_001,ドライフード,ドライフード,味・容量違いあり,B,プレミアム/通販系。日本流通は販売店確認推奨,https://www.min-petkenko.com/premiumFood.php?mode=cat,true,1.36kg,ターキー・サーモン・ダック,該当なし,verified_round9,split_verified,false,,verified,https://www.min-petkenko.com/goods_now_fresh_5.html,国内正規品販売店ページでアダルトキャットの内容量350g/1.36kg/3.63kgを確認。ターキー生肉主原料のグレインフリー。,2026-07-08
product_0186_r9f003,product_0186,グレインフリー アダルトキャット,ナウフレッシュ グレインフリー アダルトキャット 3.63kg,brand_033,ナウフレッシュ,各社/輸入元,cat_food,フード,subcat_001,ドライフード,ドライフード,味・容量違いあり,B,プレミアム/通販系。日本流通は販売店確認推奨,https://www.min-petkenko.com/premiumFood.php?mode=cat,true,3.63kg,ターキー・サーモン・ダック,該当なし,verified_round9,split_verified,false,,verified,https://www.min-petkenko.com/goods_now_fresh_5.html,国内正規品販売店ページでアダルトキャットの内容量350g/1.36kg/3.63kgを確認。ターキー生肉主原料のグレインフリー。,2026-07-08
product_0187_r9f002,product_0187,キトン,ナウフレッシュ グレインフリー キトン 1.36kg,brand_033,ナウフレッシュ,各社/輸入元,cat_food,フード,subcat_001,ドライフード,ドライフード,味・容量違いあり,B,プレミアム/通販系。日本流通は販売店確認推奨,https://www.min-petkenko.com/premiumFood.php?mode=cat,true,1.36kg,ターキー・サーモン・ダック,該当なし,verified_round9,split_verified,false,,verified,https://store.shopping.yahoo.co.jp/56nyan/7n001-03.html,正規販売店ページでキトン1.36kgを確認し、同シリーズ販売ページの350g展開と合わせて反映。,2026-07-08
product_0188_r9f002,product_0188,シニア,ナウフレッシュ グレインフリー シニアキャット＆ウェイトマネジメント 1.36kg,brand_033,ナウフレッシュ,各社/輸入元,cat_food,フード,subcat_001,ドライフード,ドライフード,味・容量違いあり,B,プレミアム/通販系。日本流通は販売店確認推奨,https://www.min-petkenko.com/premiumFood.php?mode=cat,true,1.36kg,ターキー・サーモン・ダック,該当なし,verified_round9,split_verified,false,,verified,https://store.shopping.yahoo.co.jp/56nyan/7n003-004.html,正規販売店ページでシニアキャット＆ウェイトマネジメントを確認。通常展開の350g/1.36kg/3.63kgで反映。,2026-07-08
product_0188_r9f003,product_0188,シニア,ナウフレッシュ グレインフリー シニアキャット＆ウェイトマネジメント 3.63kg,brand_033,ナウフレッシュ,各社/輸入元,cat_food,フード,subcat_001,ドライフード,ドライフード,味・容量違いあり,B,プレミアム/通販系。日本流通は販売店確認推奨,https://www.min-petkenko.com/premiumFood.php?mode=cat,true,3.63kg,ターキー・サーモン・ダック,該当なし,verified_round9,split_verified,false,,verified,https://store.shopping.yahoo.co.jp/56nyan/7n003-004.html,正規販売店ページでシニアキャット＆ウェイトマネジメントを確認。通常展開の350g/1.36kg/3.63kgで反映。,2026-07-08
product_0189_r9f002,product_0189,チキンウィズブルーベリー,ファーストメイト チキンウィズブルーベリー 1.8kg,brand_047,ファーストメイト,各社/輸入元,cat_food,フード,subcat_001,ドライフード,ドライフード,味・容量違いあり,B,プレミアム/通販系。日本流通は販売店確認推奨,https://www.min-petkenko.com/premiumFood.php?mode=cat,true,1.8kg,チキン＆ブルーベリー,該当なし,verified_round9,split_verified,false,,verified,https://bonbi-pets.jp/products/detail/813,ボンビアルコン商品ページでチキンウィズブルーベリーの1kg/1.8kg/4.54kgとJANを確認。,2026-07-08
product_0189_r9f003,product_0189,チキンウィズブルーベリー,ファーストメイト チキンウィズブルーベリー 4.54kg,brand_047,ファーストメイト,各社/輸入元,cat_food,フード,subcat_001,ドライフード,ドライフード,味・容量違いあり,B,プレミアム/通販系。日本流通は販売店確認推奨,https://www.min-petkenko.com/premiumFood.php?mode=cat,true,4.54kg,チキン＆ブルーベリー,該当なし,verified_round9,split_verified,false,,verified,https://bonbi-pets.jp/products/detail/813,ボンビアルコン商品ページでチキンウィズブルーベリーの1kg/1.8kg/4.54kgとJANを確認。,2026-07-08
product_0190_r9f002,product_0190,フィッシュウィズブルーベリー,ファーストメイト パシフィックオーシャンフィッシュウィズブルーベリー 1.8kg,brand_047,ファーストメイト,各社/輸入元,cat_food,フード,subcat_001,ドライフード,ドライフード,味・容量違いあり,B,プレミアム/通販系。日本流通は販売店確認推奨,https://www.min-petkenko.com/premiumFood.php?mode=cat,true,1.8kg,魚＆ブルーベリー,該当なし,verified_round9,split_verified,false,,verified,https://bonbi-pets.jp/products/detail/871,ボンビアルコン商品ページでパシフィックオーシャンフィッシュウィズブルーベリーの1kg/1.8kg/4.54kgを確認。,2026-07-08
product_0190_r9f003,product_0190,フィッシュウィズブルーベリー,ファーストメイト パシフィックオーシャンフィッシュウィズブルーベリー 4.54kg,brand_047,ファーストメイト,各社/輸入元,cat_food,フード,subcat_001,ドライフード,ドライフード,味・容量違いあり,B,プレミアム/通販系。日本流通は販売店確認推奨,https://www.min-petkenko.com/premiumFood.php?mode=cat,true,4.54kg,魚＆ブルーベリー,該当なし,verified_round9,split_verified,false,,verified,https://bonbi-pets.jp/products/detail/871,ボンビアルコン商品ページでパシフィックオーシャンフィッシュウィズブルーベリーの1kg/1.8kg/4.54kgを確認。,2026-07-08
product_0175_r9f002,product_0175,グレインフリー,ブリスミックス グレインフリーキャット チキンレシピ 1kg,brand_052,ブリスミックス,各社/輸入元,cat_food,フード,subcat_001,ドライフード,ドライフード,味・容量違いあり,B,プレミアム/通販系。日本流通は販売店確認推奨,https://www.min-petkenko.com/premiumFood.php?mode=cat,true,1kg,チキン,該当なし,verified_round9,split_verified,false,,verified,https://www.min-petkenko.com/goods_artemis_029.html,国内正規品販売店ページでグレインフリーキャットの内容量500g/1kg/2kg/6kgを確認。,2026-07-08
product_0175_r9f003,product_0175,グレインフリー,ブリスミックス グレインフリーキャット チキンレシピ 2kg,brand_052,ブリスミックス,各社/輸入元,cat_food,フード,subcat_001,ドライフード,ドライフード,味・容量違いあり,B,プレミアム/通販系。日本流通は販売店確認推奨,https://www.min-petkenko.com/premiumFood.php?mode=cat,true,2kg,チキン,該当なし,verified_round9,split_verified,false,,verified,https://www.min-petkenko.com/goods_artemis_029.html,国内正規品販売店ページでグレインフリーキャットの内容量500g/1kg/2kg/6kgを確認。,2026-07-08
product_0175_r9f004,product_0175,グレインフリー,ブリスミックス グレインフリーキャット チキンレシピ 6kg,brand_052,ブリスミックス,各社/輸入元,cat_food,フード,subcat_001,ドライフード,ドライフード,味・容量違いあり,B,プレミアム/通販系。日本流通は販売店確認推奨,https://www.min-petkenko.com/premiumFood.php?mode=cat,true,6kg,チキン,該当なし,verified_round9,split_verified,false,,verified,https://www.min-petkenko.com/goods_artemis_029.html,国内正規品販売店ページでグレインフリーキャットの内容量500g/1kg/2kg/6kgを確認。,2026-07-08
product_0177_r9f002,product_0177,クラシック キャット,クプレラ クラシック ラム＆ミレット・キャット 1.81kg,brand_020,クプレラ,各社/輸入元,cat_food,フード,subcat_001,ドライフード,ドライフード,味・容量違いあり,B,プレミアム/通販系。日本流通は販売店確認推奨,https://www.min-petkenko.com/premiumFood.php?mode=cat,true,1.81kg,ラム＆ミレット,該当なし,verified_round9,split_verified,false,,verified,https://cupurera.com/catfood03.html,クプレラ公式ページでクラシック ラム＆ミレット・キャットのサイズ900g/1.81kg/4.54kgを確認。,2026-07-08
product_0177_r9f003,product_0177,クラシック キャット,クプレラ クラシック ラム＆ミレット・キャット 4.54kg,brand_020,クプレラ,各社/輸入元,cat_food,フード,subcat_001,ドライフード,ドライフード,味・容量違いあり,B,プレミアム/通販系。日本流通は販売店確認推奨,https://www.min-petkenko.com/premiumFood.php?mode=cat,true,4.54kg,ラム＆ミレット,該当なし,verified_round9,split_verified,false,,verified,https://cupurera.com/catfood03.html,クプレラ公式ページでクラシック ラム＆ミレット・キャットのサイズ900g/1.81kg/4.54kgを確認。,2026-07-08
product_0194_r9f002,product_0194,キャット チキン&サーモン,イティ キャット チキン＆サーモン ディナー 200g,brand_006,iti / イティ,各社/輸入元,cat_food,フード,subcat_001,ドライフード,ドライフード,味・容量違いあり,B,プレミアム/通販系。日本流通は販売店確認推奨,https://www.min-petkenko.com/premiumFood.php?mode=cat,true,200g,チキン＆サーモン,該当なし,verified_round9,split_verified,false,,verified,https://iti311.com/food-for-cats%EF%BC%88%E7%8C%AB%E3%83%BB%E3%83%AA%E3%83%8B%E3%83%A5%E3%83%BC%E3%82%A2%E3%83%AB%EF%BC%89/,イティ公式ページでチキン＆サーモンディナーの内容量40g/200g/1kg(200g×5)を確認。,2026-07-08
product_0194_r9f003,product_0194,キャット チキン&サーモン,イティ キャット チキン＆サーモン ディナー 1kg(200g×5),brand_006,iti / イティ,各社/輸入元,cat_food,フード,subcat_001,ドライフード,ドライフード,味・容量違いあり,B,プレミアム/通販系。日本流通は販売店確認推奨,https://www.min-petkenko.com/premiumFood.php?mode=cat,true,1kg(200g×5),チキン＆サーモン,該当なし,verified_round9,split_verified,false,,verified,https://iti311.com/food-for-cats%EF%BC%88%E7%8C%AB%E3%83%BB%E3%83%AA%E3%83%8B%E3%83%A5%E3%83%BC%E3%82%A2%E3%83%AB%EF%BC%89/,イティ公式ページでチキン＆サーモンディナーの内容量40g/200g/1kg(200g×5)を確認。,2026-07-08
product_0199_r9f002,product_0199,犬猫生活 キャットフード オールステージ,犬猫生活 キャットフード 全年齢用 国産の生鶏肉 1.5kg(750g×2袋),brand_064,犬猫生活,各社/輸入元,cat_food,フード,subcat_001,ドライフード,ドライフード,味・容量違いあり,B,プレミアム/通販系。日本流通は販売店確認推奨,https://www.min-petkenko.com/premiumFood.php?mode=cat,true,1.5kg(750g×2袋),国産の生鶏肉,該当なし,verified_round9,split_verified,false,,verified,https://inuneko-seikatsu.co.jp/shop/products/cat_1500all_t_chi_pls_one,犬猫生活公式ページで初回160g、2回目以降1.5kg(750g×2袋)と味選択の説明を確認。,2026-07-08
product_0200_r9f002,product_0200,犬猫生活 キャットフード シニア,犬猫生活 キャットフード 7歳以上のシニア用 国産の生鶏肉 1.5kg(750g×2袋),brand_064,犬猫生活,各社/輸入元,cat_food,フード,subcat_001,ドライフード,ドライフード,味・容量違いあり,B,プレミアム/通販系。日本流通は販売店確認推奨,https://www.min-petkenko.com/premiumFood.php?mode=cat,true,1.5kg(750g×2袋),国産の生鶏肉,該当なし,verified_round9,split_verified,false,,verified,https://inuneko-seikatsu.co.jp/shop/products/cat_1500sr_t_chi_pls_one,犬猫生活公式ページでシニア用の初回160g、2回目以降1.5kg(750g×2袋)を確認。,2026-07-08
product_0139_r10vf002,product_0139,穀物フリー,穀物フリー チキン 500g,brand_037,ニュートロ ナチュラルチョイス,マース ジャパン,cat_food,フード,subcat_001,ドライフード,SKU,味・年齢違いあり,A,マース系主要ブランド / Round10 verified,https://store.nutro.jp/products/nc_c_adult_grainfree_chicken,true,500g,チキン,該当なし,,,,,verified,,,2026-07-08
product_0139_r10vf003,product_0139,穀物フリー,穀物フリー チキン 2kg,brand_037,ニュートロ ナチュラルチョイス,マース ジャパン,cat_food,フード,subcat_001,ドライフード,SKU,味・年齢違いあり,A,マース系主要ブランド / Round10 verified,https://store.nutro.jp/products/nc_c_adult_grainfree_chicken,true,2kg,チキン,該当なし,,,,,verified,,,2026-07-08
product_0139_r10vf005,product_0139,穀物フリー,穀物フリー サーモン 2kg,brand_037,ニュートロ ナチュラルチョイス,マース ジャパン,cat_food,フード,subcat_001,ドライフード,SKU,味・年齢違いあり,A,マース系主要ブランド / Round10 verified,https://store.nutro.jp/products/nc_c_adult_grainfree_salmon,true,2kg,サーモン,該当なし,,,,,verified,,,2026-07-08
product_0139_r10vf007,product_0139,穀物フリー,穀物フリー ダック 500g,brand_037,ニュートロ ナチュラルチョイス,マース ジャパン,cat_food,フード,subcat_001,ドライフード,SKU,味・年齢違いあり,A,マース系主要ブランド / Round10 verified,https://store.nutro.jp/products/nc_c_adult_grainfree_duck,true,500g,ダック,該当なし,,,,,verified,,,2026-07-08
product_0139_r10vf008,product_0139,穀物フリー,穀物フリー ダック 2kg,brand_037,ニュートロ ナチュラルチョイス,マース ジャパン,cat_food,フード,subcat_001,ドライフード,SKU,味・年齢違いあり,A,マース系主要ブランド / Round10 verified,https://store.nutro.jp/products/nc_c_adult_grainfree_duck,true,2kg,ダック,該当なし,,,,,verified,,,2026-07-08
product_0145_r10vf002,product_0145,アダルト チキン,アダルト チキン チキン 1kg,brand_038,ニュートロ ワイルドレシピ,マース ジャパン,cat_food,フード,subcat_001,ドライフード,SKU,味・年齢違いあり,B,マース系主要ブランド / Round10 verified,https://store.nutro.jp/products/wr_c_adult_chicken,true,1kg,チキン,該当なし,,,,,verified,,,2026-07-08
product_0145_r10vf003,product_0145,アダルト チキン,アダルト チキン チキン 2kg,brand_038,ニュートロ ワイルドレシピ,マース ジャパン,cat_food,フード,subcat_001,ドライフード,SKU,味・年齢違いあり,B,マース系主要ブランド / Round10 verified,https://store.nutro.jp/products/wr_c_adult_chicken,true,2kg,チキン,該当なし,,,,,verified,,,2026-07-08
product_0146_r10vf002,product_0146,アダルト サーモン,アダルト サーモン サーモン 1kg,brand_038,ニュートロ ワイルドレシピ,マース ジャパン,cat_food,フード,subcat_001,ドライフード,SKU,味・年齢違いあり,B,マース系主要ブランド / Round10 verified,https://store.nutro.jp/products/wr_c_adult_salmon,true,1kg,サーモン,該当なし,,,,,verified,,,2026-07-08
product_0146_r10vf003,product_0146,アダルト サーモン,アダルト サーモン サーモン 2kg,brand_038,ニュートロ ワイルドレシピ,マース ジャパン,cat_food,フード,subcat_001,ドライフード,SKU,味・年齢違いあり,B,マース系主要ブランド / Round10 verified,https://store.nutro.jp/products/wr_c_adult_salmon,true,2kg,サーモン,該当なし,,,,,verified,,,2026-07-08
product_0147_r10vf002,product_0147,キトン,キトン チキン 1kg,brand_038,ニュートロ ワイルドレシピ,マース ジャパン,cat_food,フード,subcat_001,ドライフード,SKU,味・年齢違いあり,B,マース系主要ブランド / Round10 verified,https://store.nutro.jp/products/wr_c_kitten_chicken,true,1kg,チキン,該当なし,,,,,verified,,,2026-07-08
product_0147_r10vf003,product_0147,キトン,キトン チキン 2kg,brand_038,ニュートロ ワイルドレシピ,マース ジャパン,cat_food,フード,subcat_001,ドライフード,SKU,味・年齢違いあり,B,マース系主要ブランド / Round10 verified,https://store.nutro.jp/products/wr_c_kitten_chicken,true,2kg,チキン,該当なし,,,,,verified,,,2026-07-08
product_0148_r10vf002,product_0148,シニア,シニア チキン 1kg,brand_038,ニュートロ ワイルドレシピ,マース ジャパン,cat_food,フード,subcat_001,ドライフード,SKU,味・年齢違いあり,B,マース系主要ブランド / Round10 verified,https://store.nutro.jp/products/wr_c_senior_chicken,true,1kg,チキン,該当なし,,,,,verified,,,2026-07-08
product_0148_r10vf003,product_0148,シニア,シニア チキン 2kg,brand_038,ニュートロ ワイルドレシピ,マース ジャパン,cat_food,フード,subcat_001,ドライフード,SKU,味・年齢違いあり,B,マース系主要ブランド / Round10 verified,https://store.nutro.jp/products/wr_c_senior_chicken,true,2kg,チキン,該当なし,,,,,verified,,,2026-07-08
product_0105_r10vf002,product_0105,健康マルチケア,健康マルチケア チキン 2kg,brand_046,ピュリナ ワン,ネスレ ピュリナ,cat_food,フード,subcat_001,ドライフード,SKU,年齢・健康ニーズ・味違いあり,A,ピュリナ公式の猫用フードカテゴリ / Round10 verified,https://nestle.jp/home/node/31541,true,2kg,チキン,該当なし,,,,,verified,,,2026-07-08
product_0140_r11f002,product_0140,毛玉トータルケア,ニュートロ ナチュラルチョイス 毛玉トータルケア アダルト チキン 500g,brand_037,ニュートロ ナチュラルチョイス,マース ジャパン,cat_food,フード,subcat_001,ドライフード,SKU,味・年齢違いあり,A,マース系主要ブランド / Round11 verified,https://store.nutro.jp/,true,500g,チキン,該当なし,verified_round11,split_verified,false,,verified,https://store.nutro.jp/products/nc_c_adult_hairballcare_chicken,ニュートロ公式通販で毛玉トータルケア アダルト チキンの内容量400g/500g/2kgを確認。,2026-07-08
product_0140_r11f003,product_0140,毛玉トータルケア,ニュートロ ナチュラルチョイス 毛玉トータルケア アダルト チキン 2kg,brand_037,ニュートロ ナチュラルチョイス,マース ジャパン,cat_food,フード,subcat_001,ドライフード,SKU,味・年齢違いあり,A,マース系主要ブランド / Round11 verified,https://store.nutro.jp/,true,2kg,チキン,該当なし,verified_round11,split_verified,false,,verified,https://store.nutro.jp/products/nc_c_adult_hairballcare_chicken,ニュートロ公式通販で毛玉トータルケア アダルト チキンの内容量400g/500g/2kgを確認。,2026-07-08
product_0142_r11f002,product_0142,避妊・去勢猫用,ニュートロ ナチュラルチョイス 避妊・去勢猫用 アダルト 白身魚 2kg,brand_037,ニュートロ ナチュラルチョイス,マース ジャパン,cat_food,フード,subcat_001,ドライフード,SKU,味・年齢違いあり,A,マース系主要ブランド / Round11 verified,https://store.nutro.jp/,true,2kg,白身魚,該当なし,verified_round11,split_verified,false,,verified,https://store.nutro.jp/products/nc_c_adult_neuterd_whitefish,ニュートロ公式通販で避妊・去勢猫用アダルト白身魚の内容量400g/2kgを確認。,2026-07-08
product_0143_r11f002,product_0143,キトン,ニュートロ ナチュラルチョイス 室内で暮らす子猫用 チキン 2kg,brand_037,ニュートロ ナチュラルチョイス,マース ジャパン,cat_food,フード,subcat_001,ドライフード,SKU,味・年齢違いあり,A,マース系主要ブランド / Round11 verified,https://store.nutro.jp/,true,2kg,チキン,該当なし,verified_round11,split_verified,false,,verified,https://store.nutro.jp/products/nc_c_kitten_chicken,ニュートロ公式通販で室内で暮らす子猫用チキンの内容量400g/2kgを確認。,2026-07-08
product_0097_r13f002,product_0097,成猫用,成猫用 マルチケア＋デンタル 1歳以上 チキン 1.5kg,brand_042,ヒルズ ベット・エッセンシャル,日本ヒルズ・コルゲート,cat_food,フード,subcat_001,ドライフード,SKU,年齢/健康状態別,A,療法食は獣医師相談表示推奨,https://tetote-gohan.co.jp/products/%E3%83%92%E3%83%AB%E3%82%BA-%E7%8C%AB%E7%94%A8-%E3%83%99%E3%83%83%E3%83%88-%E3%82%A8%E3%83%83%E3%82%BB%E3%83%B3%E3%82%B7%E3%83%A3%E3%83%AB-%E6%88%90%E7%8C%AB%E7%94%A8-%E3%83%9E%E3%83%AB%E3%83%81%E3%82%B1%E3%82%A2-%E3%83%87%E3%83%B3%E3%82%BF%E3%83%AB-1%E6%AD%B3%E4%BB%A5%E4%B8%8A-%E3%83%81%E3%82%AD%E3%83%B3,true,1.5kg,チキン,該当なし,round13_web_verified,split_by_content_flavor,false,,verified,https://tetote-gohan.co.jp/products/%E3%83%92%E3%83%AB%E3%82%BA-%E7%8C%AB%E7%94%A8-%E3%83%99%E3%83%83%E3%83%88-%E3%82%A8%E3%83%83%E3%82%BB%E3%83%B3%E3%82%B7%E3%83%A3%E3%83%AB-%E6%88%90%E7%8C%AB%E7%94%A8-%E3%83%9E%E3%83%AB%E3%83%81%E3%82%B1%E3%82%A2-%E3%83%87%E3%83%B3%E3%82%BF%E3%83%AB-1%E6%AD%B3%E4%BB%A5%E4%B8%8A-%E3%83%81%E3%82%AD%E3%83%B3,販売ページで180g/1.5kg/3kgを確認,2026-07-08
product_0097_r13f003,product_0097,成猫用,成猫用 マルチケア＋デンタル 1歳以上 チキン 3kg,brand_042,ヒルズ ベット・エッセンシャル,日本ヒルズ・コルゲート,cat_food,フード,subcat_001,ドライフード,SKU,年齢/健康状態別,A,療法食は獣医師相談表示推奨,https://tetote-gohan.co.jp/products/%E3%83%92%E3%83%AB%E3%82%BA-%E7%8C%AB%E7%94%A8-%E3%83%99%E3%83%83%E3%83%88-%E3%82%A8%E3%83%83%E3%82%BB%E3%83%B3%E3%82%B7%E3%83%A3%E3%83%AB-%E6%88%90%E7%8C%AB%E7%94%A8-%E3%83%9E%E3%83%AB%E3%83%81%E3%82%B1%E3%82%A2-%E3%83%87%E3%83%B3%E3%82%BF%E3%83%AB-1%E6%AD%B3%E4%BB%A5%E4%B8%8A-%E3%83%81%E3%82%AD%E3%83%B3,true,3kg,チキン,該当なし,round13_web_verified,split_by_content_flavor,false,,verified,https://tetote-gohan.co.jp/products/%E3%83%92%E3%83%AB%E3%82%BA-%E7%8C%AB%E7%94%A8-%E3%83%99%E3%83%83%E3%83%88-%E3%82%A8%E3%83%83%E3%82%BB%E3%83%B3%E3%82%B7%E3%83%A3%E3%83%AB-%E6%88%90%E7%8C%AB%E7%94%A8-%E3%83%9E%E3%83%AB%E3%83%81%E3%82%B1%E3%82%A2-%E3%83%87%E3%83%B3%E3%82%BF%E3%83%AB-1%E6%AD%B3%E4%BB%A5%E4%B8%8A-%E3%83%81%E3%82%AD%E3%83%B3,販売ページで180g/1.5kg/3kgを確認,2026-07-08
product_0098_r13f002,product_0098,避妊・去勢後,避妊・去勢後 マルチケア＋健康体重サポート 避妊・去勢後～6歳 チキン 1.5kg,brand_042,ヒルズ ベット・エッセンシャル,日本ヒルズ・コルゲート,cat_food,フード,subcat_001,ドライフード,SKU,年齢/健康状態別,A,療法食は獣医師相談表示推奨,https://myhillsshop.hills.co.jp/products/ve-neutered-cat-young-adult-chicken,true,1.5kg,チキン,該当なし,round13_web_verified,split_by_content_flavor,false,,verified,https://myhillsshop.hills.co.jp/products/ve-neutered-cat-young-adult-chicken,ヒルズ公式通販で180g/1.5kg/3.0kgを確認,2026-07-08
product_0098_r13f003,product_0098,避妊・去勢後,避妊・去勢後 マルチケア＋健康体重サポート 避妊・去勢後～6歳 チキン 3.0kg,brand_042,ヒルズ ベット・エッセンシャル,日本ヒルズ・コルゲート,cat_food,フード,subcat_001,ドライフード,SKU,年齢/健康状態別,A,療法食は獣医師相談表示推奨,https://myhillsshop.hills.co.jp/products/ve-neutered-cat-young-adult-chicken,true,3.0kg,チキン,該当なし,round13_web_verified,split_by_content_flavor,false,,verified,https://myhillsshop.hills.co.jp/products/ve-neutered-cat-young-adult-chicken,ヒルズ公式通販で180g/1.5kg/3.0kgを確認,2026-07-08
product_0099_r13f002,product_0099,高齢猫用,高齢猫用 マルチケア＋シニア健康サポート 高齢猫 7歳以上 チキン 1.5kg,brand_042,ヒルズ ベット・エッセンシャル,日本ヒルズ・コルゲート,cat_food,フード,subcat_001,ドライフード,SKU,年齢/健康状態別,A,療法食は獣医師相談表示推奨,https://myhillsshop.hills.co.jp/products/ve-fel-mature-adult,true,1.5kg,チキン,該当なし,round13_web_verified,split_by_content_flavor,false,,verified,https://myhillsshop.hills.co.jp/products/ve-fel-mature-adult,ヒルズ公式通販で180g/1.5kg/3kgを確認,2026-07-08
product_0099_r13f003,product_0099,高齢猫用,高齢猫用 マルチケア＋シニア健康サポート 高齢猫 7歳以上 チキン 3kg,brand_042,ヒルズ ベット・エッセンシャル,日本ヒルズ・コルゲート,cat_food,フード,subcat_001,ドライフード,SKU,年齢/健康状態別,A,療法食は獣医師相談表示推奨,https://myhillsshop.hills.co.jp/products/ve-fel-mature-adult,true,3kg,チキン,該当なし,round13_web_verified,split_by_content_flavor,false,,verified,https://myhillsshop.hills.co.jp/products/ve-fel-mature-adult,ヒルズ公式通販で180g/1.5kg/3kgを確認,2026-07-08
product_0087_r14f002,product_0087,ライト 肥満傾向,ヒルズ サイエンス・ダイエット アダルト ライト 1～6歳 肥満傾向の成猫用 チキン 2.8kg,brand_040,ヒルズ サイエンス・ダイエット,日本ヒルズ・コルゲート,cat_food,フード,subcat_001,ドライフード,SKU,年齢/健康状態別,A,療法食は獣医師相談表示推奨 / Round14 verified,https://www.hills.co.jp/,true,2.8kg,チキン,該当なし,verified_round14,split_verified,false,,verified,https://www.hills.co.jp/cat-food/science-diet-adult-light-chicken-dry,ヒルズ公式でフレーバー=チキン、製品サイズ=1.4kg/2.8kgを確認。,2026-07-08
product_0302_r14f002,product_0302,ニュートロ デイリーディッシュ パウチ チキン&ツナ,ニュートロ デイリーディッシュ アダルト チキン＆ツナ グルメ仕立てのざく切りタイプ パウチ 7袋（35g×7袋）,brand_036,ニュートロ デイリーディッシュ,マース ジャパン,cat_food,フード,subcat_002,ウェットフード,SKU,年齢・容量違いはSKUで管理,B,マース系主要ブランド / 1商品単位に分割 / Round14 verified,https://store.nutro.jp/,true,7袋（35g×7袋）,チキン＆ツナ,該当なし,verified_round14,split_verified,false,,verified,https://store.nutro.jp/products/dd_adult_chicken_tuna_pouch,ニュートロ公式通販でチキン＆ツナ、内容量1袋35g/7袋/12袋/48袋/96袋を確認。,2026-07-08
product_0302_r14f003,product_0302,ニュートロ デイリーディッシュ パウチ チキン&ツナ,ニュートロ デイリーディッシュ アダルト チキン＆ツナ グルメ仕立てのざく切りタイプ パウチ 12袋（35g×12袋）,brand_036,ニュートロ デイリーディッシュ,マース ジャパン,cat_food,フード,subcat_002,ウェットフード,SKU,年齢・容量違いはSKUで管理,B,マース系主要ブランド / 1商品単位に分割 / Round14 verified,https://store.nutro.jp/,true,12袋（35g×12袋）,チキン＆ツナ,該当なし,verified_round14,split_verified,false,,verified,https://store.nutro.jp/products/dd_adult_chicken_tuna_pouch,ニュートロ公式通販でチキン＆ツナ、内容量1袋35g/7袋/12袋/48袋/96袋を確認。,2026-07-08
product_0302_r14f004,product_0302,ニュートロ デイリーディッシュ パウチ チキン&ツナ,ニュートロ デイリーディッシュ アダルト チキン＆ツナ グルメ仕立てのざく切りタイプ パウチ 48袋（35g×48袋）,brand_036,ニュートロ デイリーディッシュ,マース ジャパン,cat_food,フード,subcat_002,ウェットフード,SKU,年齢・容量違いはSKUで管理,B,マース系主要ブランド / 1商品単位に分割 / Round14 verified,https://store.nutro.jp/,true,48袋（35g×48袋）,チキン＆ツナ,該当なし,verified_round14,split_verified,false,,verified,https://store.nutro.jp/products/dd_adult_chicken_tuna_pouch,ニュートロ公式通販でチキン＆ツナ、内容量1袋35g/7袋/12袋/48袋/96袋を確認。,2026-07-08
product_0302_r14f005,product_0302,ニュートロ デイリーディッシュ パウチ チキン&ツナ,ニュートロ デイリーディッシュ アダルト チキン＆ツナ グルメ仕立てのざく切りタイプ パウチ 96袋（35g×96袋）,brand_036,ニュートロ デイリーディッシュ,マース ジャパン,cat_food,フード,subcat_002,ウェットフード,SKU,年齢・容量違いはSKUで管理,B,マース系主要ブランド / 1商品単位に分割 / Round14 verified,https://store.nutro.jp/,true,96袋（35g×96袋）,チキン＆ツナ,該当なし,verified_round14,split_verified,false,,verified,https://store.nutro.jp/products/dd_adult_chicken_tuna_pouch,ニュートロ公式通販でチキン＆ツナ、内容量1袋35g/7袋/12袋/48袋/96袋を確認。,2026-07-08
product_0141_r15f002,product_0141,減量用,ニュートロ ナチュラルチョイス 減量用 アダルト チキン 500g,brand_037,ニュートロ ナチュラルチョイス,マース ジャパン,cat_food,フード,subcat_001,ドライフード,ドライフード,味・年齢違いあり,A,マース系主要ブランド,https://store.nutro.jp/,TRUE,500g,チキン,該当なし,round15_web_verified,content_flavor_verified,FALSE,,verified,https://store.nutro.jp/products/nc_c_adult_lite_chicken,ニュートロ公式通販で減量用アダルト チキンの内容量400g/500g/2kgを確認,2026-07-08
product_0141_r15f003,product_0141,減量用,ニュートロ ナチュラルチョイス 減量用 アダルト チキン 2kg,brand_037,ニュートロ ナチュラルチョイス,マース ジャパン,cat_food,フード,subcat_001,ドライフード,ドライフード,味・年齢違いあり,A,マース系主要ブランド,https://store.nutro.jp/,TRUE,2kg,チキン,該当なし,round15_web_verified,content_flavor_verified,FALSE,,verified,https://store.nutro.jp/products/nc_c_adult_lite_chicken,ニュートロ公式通販で減量用アダルト チキンの内容量400g/500g/2kgを確認,2026-07-08
product_0144_r15f002,product_0144,シニア,ニュートロ ナチュラルチョイス 室内で暮らすシニア猫用 チキン 2kg,brand_037,ニュートロ ナチュラルチョイス,マース ジャパン,cat_food,フード,subcat_001,ドライフード,ドライフード,味・年齢違いあり,A,マース系主要ブランド,https://store.nutro.jp/,TRUE,2kg,チキン,該当なし,round15_web_verified,content_flavor_verified,FALSE,,verified,https://store.nutro.jp/products/nc_c_senior_chicken,ニュートロ公式通販でシニア猫用チキンの内容量400g/2kgを確認,2026-07-08
product_0207_r15f002,product_0207,デオトイレ ふんわり香る消臭・抗菌シート ナチュラルガーデン,デオトイレ ふんわり香る消臭・抗菌シート ナチュラルガーデンの香り 20枚,brand_030,デオトイレ,ユニ・チャーム,cat_litter_toilet,猫砂・トイレ,subcat_014,システムトイレ用シート/マット,システムトイレ用シート/マット,ナチュラルガーデン等,A,シート・サンドは消耗品の最優先カテゴリ,https://jp.unicharmpet.com/ja/deotoilet/lineup.html,TRUE,20枚,該当なし,ナチュラルガーデンの香り,round15_web_verified,content_flavor_verified,FALSE,,verified,https://jp.unicharmpet.com/ja/products/cat/toiletcare-deotoilet-4520699685914.html,ユニ・チャーム公式で内容量10枚/20枚、香りはナチュラルガーデンを確認,2026-07-08
product_0348_r16f002,product_0348,ミネット グレインフリー かつお節添え,スマック ミネット グレインフリー 国産かつお節添え 1.44kg,brand_070,スマック,スマック,cat_food,フード,subcat_001,ドライフード,SKU,容量違いはSKUで管理,B,追加候補: スマック/ミネット公式商品確認 / Round16 verified,https://www.smack.co.jp/cat_food/minette_gf.html,true,1.44kg,かつお節,該当なし,verified_round16,split_verified,false,,verified,https://www.smack.co.jp/cat_food/minette_gf.html,スマック公式でミネット グレインフリー 国産かつお節添えの容量200g/1.44kgを確認。,2026-07-08
product_0349_r16f002,product_0349,ミネット グレインフリー まぐろチップ添え,スマック ミネット グレインフリー 国産まぐろチップ添え 1.44kg,brand_070,スマック,スマック,cat_food,フード,subcat_001,ドライフード,SKU,容量違いはSKUで管理,B,追加候補: スマック/ミネット公式商品確認 / Round16 verified,https://www.smack.co.jp/cat_food/minette_gf.html,true,1.44kg,まぐろチップ,該当なし,verified_round16,split_verified,false,,verified,https://www.smack.co.jp/cat_food/minette_gf.html,スマック公式でミネット グレインフリー 国産まぐろチップ添えの容量200g/1.44kgを確認。,2026-07-08
product_0353_r16f003,product_0353,JPスタイル 和の究み セレクトヘルスケア,JPスタイル 和の究み セレクトヘルスケア デリケートなお腹ガード 1.4kg（200g×7袋）,brand_072,JPスタイル,ペットライン,cat_food,フード,subcat_001,ドライフード,SKU,味・容量違いはSKUで管理,B,追加候補: ペットライン公式キャットフード一覧確認 / Round16 verified,https://www.petline.co.jp/cat/,true,1.4kg（200g×7袋）,デリケートなお腹ガード,該当なし,verified_round16,split_verified,false,,verified,https://www.petline.co.jp/cat/JPCHC/NS-555570/,ペットライン公式でJPスタイル 和の究み セレクトヘルスケアの内容量と味/機能名を確認。,2026-07-08
product_0361_r16f002,product_0361,プロフェッショナル・バランス エクストラケア,プロフェッショナル・バランス エクストラケア 腎臓の健康維持 1.6kg（320g×5袋）,brand_073,プロフェッショナル・バランス,ペットライン,cat_food,フード,subcat_001,ドライフード,SKU,味・容量違いはSKUで管理,B,追加候補: ペットライン公式キャットフード一覧確認 / Round16 verified,https://www.petline.co.jp/cat/,true,1.6kg（320g×5袋）,該当なし,該当なし,verified_round16,split_verified,false,,verified,https://www.petline.co.jp/cat/PFC-EX/U6735/,ペットライン公式でプロフェッショナル・バランス エクストラケア 腎臓の健康維持の内容量320g/1.6kgを確認。機能性ドライのためflavorは該当なし。,2026-07-08
product_0133_r18f002,product_0133,成猫用 インドアキャット,アイムス インドアキャット チキン 5kg,brand_008,アイムス,マース ジャパン,cat_food,フード,subcat_001,ドライフード,SKU,内容量・味確認済み,B,マース系主要ブランド / Round18確認済み,https://www.iams.jp/cat-food/product/adult/,true,5kg,チキン,該当なし,content=not_in_source_csv;flavor=not_in_source_csv;scent=not_applicable_or_not_found,needs_official_variant_check,true,内容量が元CSVにない / 味が元CSVにない / シリーズ粒度のため公式SKU確認が必要,remaining_needs_official_check,,公式の内容量・味が未確定のため要確認キューに残した,2026-07-08
product_0135_r18f002,product_0135,体重管理,アイムス 体重管理用 チキン 5kg,brand_008,アイムス,マース ジャパン,cat_food,フード,subcat_001,ドライフード,SKU,内容量・味確認済み,B,マース系主要ブランド / Round18確認済み,https://www.iams.jp/cat-food/product/adult/,true,5kg,チキン,該当なし,content=not_in_source_csv;flavor=not_in_source_csv;scent=not_applicable_or_not_found,needs_official_variant_check,true,内容量が元CSVにない / 味が元CSVにない / シリーズ粒度のため公式SKU確認が必要,remaining_needs_official_check,,公式の内容量・味が未確定のため要確認キューに残した,2026-07-08
product_0300_r18f002,product_0300,カルカン ドライ 15歳から,カルカン ドライ 15歳から かつおと野菜 1.6kg,brand_016,カルカン,マース ジャパン,cat_food,フード,subcat_001,ドライフード,SKU,内容量・味確認済み,A,マース系主要ブランド / 1商品単位に分割 / Round18確認済み,https://kalkan.jp/products/senior/dry-15yearsold-katsuo-yasai.html,true,1.6kg,かつおと野菜,該当なし,content=not_in_source_csv;flavor=not_in_source_csv;scent=not_applicable_or_not_found,needs_official_variant_check,true,内容量が元CSVにない / 味が元CSVにない,remaining_needs_official_check,,公式の内容量・味が未確定のため要確認キューに残した,2026-07-08
product_0226_vf902,product_0226,上から猫トイレ用猫砂,上から猫トイレ用猫砂 7L,brand_009,アイリスオーヤマ,アイリスオーヤマ,cat_litter_toilet,猫砂・トイレ,subcat_008,猫砂（鉱物）,SKU,容量違いあり,A,素材別ラインナップが広い,https://www.irisohyama.co.jp/products/pet-supplies-pet-food/cat-sand/,true,7L,該当なし,該当なし,official_or_maker_source_verified,verified_content_flavor_sku,false,,verified,https://www.irisohyama.co.jp/products/pet-supplies-pet-food/cat-sand/mineral-sand/cat-sand-for-the-cat-toilet-from-the-top,アイリスオーヤマ公式/公式通販で上から猫トイレ用猫砂 UNS-7L 7L を確認,2026-07-08
product_0225_vf9202,product_0225,ニオイをのこサンド,ニオイをのこサンド 7L,brand_009,アイリスオーヤマ,アイリスオーヤマ,cat_litter_toilet,猫砂・トイレ,subcat_008,猫砂（鉱物）,SKU,容量違いあり,A,素材別ラインナップが広い,https://www.irisohyama.co.jp/products/pet-supplies-pet-food/cat-sand/,true,7L,該当なし,無香料,official_or_maker_source_verified,verified_content_flavor_sku,false,,verified,https://www.irisohyama.co.jp/products/pet-supplies-pet-food/cat-sand/mineral-sand/nioiwonokosand,アイリスオーヤマ公式でニオイをのこサンド NCS-7L 7Lを確認,2026-07-08
product_0289_r22f002,product_0289,銀のスプーン 三ツ星グルメ パウチ,銀のスプーン 三ツ星グルメ パウチ 国産まぐろ100％使用 フレーク まぐろ 35g×7袋,brand_066,銀のスプーン,ユニ・チャーム,cat_food,フード,subcat_002,ウェットフード,SKU,味・年齢違いはSKUで管理,A,量販店・ECでの初期マスタ優先度高 / 1商品単位に分割,https://jp.unicharmpet.com/ja/brand/ginspoon.html,true,35g×7袋,まぐろ,該当なし,official_or_maker_source_verified,verified_content_flavor_sku,false,,verified,https://jp.unicharmpet.com/ja/products/cat/food-ginspoon-4520699640975.html,ユニ・チャーム公式で国産まぐろ100%使用フレークの内容量35g×7袋とフレーバーまぐろを確認,2026-07-08
product_0183_r23f003,product_0183,アダルト チキン,セレクトバランス グレインフリー アダルト チキン 1.6kg,brand_028,セレクトバランス,各社/輸入元,cat_food,フード,subcat_001,ドライフード,SKU,味・容量違いあり,B,プレミアム/通販系。日本流通は販売店確認推奨,https://www.min-petkenko.com/premiumFood.php?mode=cat,true,1.6kg,チキン,該当なし,official_or_maker_source_verified,verified_content_flavor_sku,false,,verified,https://selectbalance.jp/products/cat_adult.html,セレクトバランス公式でアダルト チキンの内容量 お試しパック140g/400g/1.6kgを確認,2026-07-08
product_0184_r23f002,product_0184,キトン チキン,セレクトバランス グレインフリー キトン チキン 1.6kg,brand_028,セレクトバランス,各社/輸入元,cat_food,フード,subcat_001,ドライフード,SKU,味・容量違いあり,B,プレミアム/通販系。日本流通は販売店確認推奨,https://www.min-petkenko.com/premiumFood.php?mode=cat,true,1.6kg,チキン,該当なし,official_or_maker_source_verified,verified_content_flavor_sku,false,,verified,https://selectbalance.jp/products/cat_kitten.html,セレクトバランス公式でキトン チキンの内容量400g/1.6kgを確認,2026-07-08
product_0185_r23f002,product_0185,スリム チキン,セレクトバランス グレインフリー スリム チキン 1.6kg,brand_028,セレクトバランス,各社/輸入元,cat_food,フード,subcat_001,ドライフード,SKU,味・容量違いあり,B,プレミアム/通販系。日本流通は販売店確認推奨,https://www.min-petkenko.com/premiumFood.php?mode=cat,true,1.6kg,チキン,該当なし,official_or_maker_source_verified,verified_content_flavor_sku,false,,verified,https://selectbalance.jp/products/cat_slim.html,セレクトバランス公式でスリム チキンの内容量400g/1.6kgを確認,2026-07-08
product_0299_r23f002,product_0299,カルカン ドライ 11歳から,カルカン ドライ 11歳から 毛玉ケア かつおとチキン味 1.6kg,brand_016,カルカン,マース ジャパン,cat_food,フード,subcat_001,ドライフード,SKU,味違いはSKUで管理,A,マース系主要ブランド / 1商品単位に分割,https://www.mars.com/ja-jp/our-brands/petcare,true,1.6kg,かつおとチキン味,該当なし,official_or_maker_source_verified,verified_content_flavor_sku,false,,verified,https://kalkan.jp/products/senior/dry-11yearsold-hairballs-katsuo-chicken.html,カルカン公式で11歳から用毛玉ケア かつおとチキン味の内容量800g/1.6kgを確認,2026-07-08
product_0161_r24f002,product_0161,フレッシュミックス フィーライン,アーテミス フレッシュミックス フィーライン 1kg,brand_013,アーテミス,各社/輸入元,cat_food,フード,subcat_001,ドライフード,SKU,味・容量違いあり,B,プレミアム/通販系。日本流通は販売店確認推奨,https://www.min-petkenko.com/premiumFood.php?mode=cat,true,1kg,フレッシュミックス フィーライン,該当なし,official_or_maker_source_verified,verified_content_flavor_sku,false,,verified,https://kmt-dogfood.com/item/artemis/freshmix06/,KMT公式でフレッシュミックス フィーラインの販売価格欄に500g/1kg/2kg/6kgを確認。単一レシピのためflavorは製品名ベースで設定,2026-07-08
product_0161_r24f003,product_0161,フレッシュミックス フィーライン,アーテミス フレッシュミックス フィーライン 2kg,brand_013,アーテミス,各社/輸入元,cat_food,フード,subcat_001,ドライフード,SKU,味・容量違いあり,B,プレミアム/通販系。日本流通は販売店確認推奨,https://www.min-petkenko.com/premiumFood.php?mode=cat,true,2kg,フレッシュミックス フィーライン,該当なし,official_or_maker_source_verified,verified_content_flavor_sku,false,,verified,https://kmt-dogfood.com/item/artemis/freshmix06/,KMT公式でフレッシュミックス フィーラインの販売価格欄に500g/1kg/2kg/6kgを確認。単一レシピのためflavorは製品名ベースで設定,2026-07-08
product_0161_r24f004,product_0161,フレッシュミックス フィーライン,アーテミス フレッシュミックス フィーライン 6kg,brand_013,アーテミス,各社/輸入元,cat_food,フード,subcat_001,ドライフード,SKU,味・容量違いあり,B,プレミアム/通販系。日本流通は販売店確認推奨,https://www.min-petkenko.com/premiumFood.php?mode=cat,true,6kg,フレッシュミックス フィーライン,該当なし,official_or_maker_source_verified,verified_content_flavor_sku,false,,verified,https://kmt-dogfood.com/item/artemis/freshmix06/,KMT公式でフレッシュミックス フィーラインの販売価格欄に500g/1kg/2kg/6kgを確認。単一レシピのためflavorは製品名ベースで設定,2026-07-08
product_0162_r24f002,product_0162,オソピュア グレインフリー,アーテミス オソピュアグレインフリー フィーライン サーモン＆ガルバンゾー 1.8kg,brand_013,アーテミス,各社/輸入元,cat_food,フード,subcat_001,ドライフード,SKU,味・容量違いあり,B,プレミアム/通販系。日本流通は販売店確認推奨,https://www.min-petkenko.com/premiumFood.php?mode=cat,true,1.8kg,サーモン＆ガルバンゾー,該当なし,official_or_maker_source_verified,verified_content_flavor_sku,false,,verified,https://kmt-dogfood.com/item/artemis/item15/,KMT公式で猫向けオソピュアグレインフリー フィーライン サーモン＆ガルバンゾーの900g/1.8kg/4.5kgを確認,2026-07-08
product_0162_r24f003,product_0162,オソピュア グレインフリー,アーテミス オソピュアグレインフリー フィーライン サーモン＆ガルバンゾー 4.5kg,brand_013,アーテミス,各社/輸入元,cat_food,フード,subcat_001,ドライフード,SKU,味・容量違いあり,B,プレミアム/通販系。日本流通は販売店確認推奨,https://www.min-petkenko.com/premiumFood.php?mode=cat,true,4.5kg,サーモン＆ガルバンゾー,該当なし,official_or_maker_source_verified,verified_content_flavor_sku,false,,verified,https://kmt-dogfood.com/item/artemis/item15/,KMT公式で猫向けオソピュアグレインフリー フィーライン サーモン＆ガルバンゾーの900g/1.8kg/4.5kgを確認,2026-07-08
product_0169_r24f002,product_0169,エアドライ キャット,ZIWIピーク エアドライ・キャットフード ビーフ 1kg,brand_026,ジウィ / ZIWI,各社/輸入元,cat_food,フード,subcat_001,ドライフード,SKU,味・容量違いあり,B,プレミアム/通販系。日本流通は販売店確認推奨,https://www.min-petkenko.com/premiumFood.php?mode=cat,true,1kg,ビーフ,該当なし,official_or_maker_source_verified,verified_content_flavor_sku,false,,verified,https://ziwipets.com/ja-jp/products/ziwi%C2%AE%E3%83%94%E3%83%BC%E3%82%AF-%E3%82%A8%E3%82%A2%E3%83%89%E3%83%A9%E3%82%A4-%E3%82%AD%E3%83%A3%E3%83%83%E3%83%88%E3%83%95%E3%83%BC%E3%83%89-%E3%83%93%E3%83%BC%E3%83%95-1,ZIWI日本公式でエアドライキャットフードのレシピ名とサイズを確認。ビーフ/チキン/ラム/マッカロー＆ラムは400g/1kg、ベニソンは400g,2026-07-08
product_0169_r24f004,product_0169,エアドライ キャット,ZIWIピーク エアドライ・キャットフード チキン 1kg,brand_026,ジウィ / ZIWI,各社/輸入元,cat_food,フード,subcat_001,ドライフード,SKU,味・容量違いあり,B,プレミアム/通販系。日本流通は販売店確認推奨,https://www.min-petkenko.com/premiumFood.php?mode=cat,true,1kg,チキン,該当なし,official_or_maker_source_verified,verified_content_flavor_sku,false,,verified,https://ziwipets.com/ja-jp/products/ziwi%C2%AE%E3%83%94%E3%83%BC%E3%82%AF-%E3%82%A8%E3%82%A2%E3%83%89%E3%83%A9%E3%82%A4-%E3%82%AD%E3%83%A3%E3%83%83%E3%83%88%E3%83%95%E3%83%BC%E3%83%89-%E3%83%81%E3%82%AD%E3%83%B3,ZIWI日本公式でエアドライキャットフードのレシピ名とサイズを確認。ビーフ/チキン/ラム/マッカロー＆ラムは400g/1kg、ベニソンは400g,2026-07-08
product_0169_r24f006,product_0169,エアドライ キャット,ZIWIピーク エアドライ・キャットフード ラム 1kg,brand_026,ジウィ / ZIWI,各社/輸入元,cat_food,フード,subcat_001,ドライフード,SKU,味・容量違いあり,B,プレミアム/通販系。日本流通は販売店確認推奨,https://www.min-petkenko.com/premiumFood.php?mode=cat,true,1kg,ラム,該当なし,official_or_maker_source_verified,verified_content_flavor_sku,false,,verified,https://ziwipets.com/ja-jp/products/ziwi%C2%AE%E3%83%94%E3%83%BC%E3%82%AF-%E3%82%A8%E3%82%A2%E3%83%89%E3%83%A9%E3%82%A4-%E3%82%AD%E3%83%A3%E3%83%83%E3%83%88%E3%83%95%E3%83%BC%E3%83%89-%E3%83%A9%E3%83%A0,ZIWI日本公式でエアドライキャットフードのレシピ名とサイズを確認。ビーフ/チキン/ラム/マッカロー＆ラムは400g/1kg、ベニソンは400g,2026-07-08
product_0169_r24f009,product_0169,エアドライ キャット,ZIWIピーク エアドライ・キャットフード マッカロー＆ラム 1kg,brand_026,ジウィ / ZIWI,各社/輸入元,cat_food,フード,subcat_001,ドライフード,SKU,味・容量違いあり,B,プレミアム/通販系。日本流通は販売店確認推奨,https://www.min-petkenko.com/premiumFood.php?mode=cat,true,1kg,マッカロー＆ラム,該当なし,official_or_maker_source_verified,verified_content_flavor_sku,false,,verified,https://ziwipets.com/ja-jp/products/ziwi%C2%AE%E3%83%94%E3%83%BC%E3%82%AF-%E3%82%A8%E3%82%A2%E3%83%89%E3%83%A9%E3%82%A4-%E3%82%AD%E3%83%A3%E3%83%83%E3%83%88%E3%83%95%E3%83%BC%E3%83%89-%E3%83%9E%E3%83%83%E3%82%AB%E3%83%AD%E3%83%BC-%E3%83%A9%E3%83%A0,ZIWI日本公式でエアドライキャットフードのレシピ名とサイズを確認。ビーフ/チキン/ラム/マッカロー＆ラムは400g/1kg、ベニソンは400g,2026-07-08
product_0354_r25f002,product_0354,懐石 2つのごほうび,懐石 2つのごほうび 小魚添えペア 1.2kg,brand_062,懐石,ペットライン,cat_food,フード,subcat_001,ドライフード,SKU,味・容量違いはSKUで管理,B,追加候補: ペットライン公式キャットフード一覧確認,https://www.petline.co.jp/cat/,true,1.2kg,小魚添えペア,該当なし,official_or_maker_source_verified,verified_content_flavor_sku,false,,verified,https://prtimes.jp/main/html/rd/p/000000012.000098486.html,ペットライン公式PR/公式ページで懐石2つのごほうび各種の味/機能名と内容量650g/600g、小魚添えペア1.2kgを確認,2026-07-08
product_0356_vf002,product_0356,懐石 ごほうび,懐石 ごほうび ビーフ仕立て 117g(3g×標準39袋),brand_062,懐石,ペットライン,cat_treat,おやつ・嗜好品,subcat_005,おやつ,SKU,味・容量違いはSKUで管理,B,追加候補: ペットライン公式キャットフード一覧確認,https://www.petline.co.jp/cat/,true,117g(3g×標準39袋),ビーフ仕立て,該当なし,official_or_maker_source_verified,verified_content_flavor_sku,false,,verified,https://www.petline.co.jp/cat/KSG/KSS-1/,ペットライン公式の商品詳細で味と内容量を確認,2026-07-08
product_0356_vf004,product_0356,懐石 ごほうび,懐石 ごほうび シーフード仕立て 117g(3g×標準39袋),brand_062,懐石,ペットライン,cat_treat,おやつ・嗜好品,subcat_005,おやつ,SKU,味・容量違いはSKUで管理,B,追加候補: ペットライン公式キャットフード一覧確認,https://www.petline.co.jp/cat/,true,117g(3g×標準39袋),シーフード仕立て,該当なし,official_or_maker_source_verified,verified_content_flavor_sku,false,,verified,https://www.petline.co.jp/cat/KSG/KSS-2/,ペットライン公式の商品詳細で味と内容量を確認,2026-07-08
product_0356_vf006,product_0356,懐石 ごほうび,懐石 ごほうび チキン仕立て 117g(3g×標準39袋),brand_062,懐石,ペットライン,cat_treat,おやつ・嗜好品,subcat_005,おやつ,SKU,味・容量違いはSKUで管理,B,追加候補: ペットライン公式キャットフード一覧確認,https://www.petline.co.jp/cat/,true,117g(3g×標準39袋),チキン仕立て,該当なし,official_or_maker_source_verified,verified_content_flavor_sku,false,,verified,https://www.petline.co.jp/cat/KSG/KSS-3/,ペットライン公式の商品詳細で味と内容量を確認,2026-07-08
product_0356_vf008,product_0356,懐石 ごほうび,懐石 ごほうび チーズ仕立て 117g(3g×標準39袋),brand_062,懐石,ペットライン,cat_treat,おやつ・嗜好品,subcat_005,おやつ,SKU,味・容量違いはSKUで管理,B,追加候補: ペットライン公式キャットフード一覧確認,https://www.petline.co.jp/cat/,true,117g(3g×標準39袋),チーズ仕立て,該当なし,official_or_maker_source_verified,verified_content_flavor_sku,false,,verified,https://www.petline.co.jp/cat/KSG/KSS-4/,ペットライン公式の商品詳細で味と内容量を確認,2026-07-08
product_0085_vf002,product_0085,インドアキャット,ヒルズ サイエンス・ダイエット 室内猫の毛玉・体重ケア アダルト チキン 1.25kg,brand_040,ヒルズ サイエンス・ダイエット,日本ヒルズ・コルゲート,cat_food,フード,subcat_001,ドライフード,SKU,年齢/健康状態別,A,療法食は獣医師相談表示推奨,https://www.hills.co.jp/,true,1.25kg,チキン,該当なし,official_or_maker_source_verified,verified_content_flavor_sku,false,,verified,https://www.hills.co.jp/cat-food/science-diet-adult-indoor-cat-chicken-dry,ヒルズ公式でフレーバー「チキン」と製品サイズ 200g / 1.25kg / 2.5kg を確認,2026-07-08
product_0085_vf003,product_0085,インドアキャット,ヒルズ サイエンス・ダイエット 室内猫の毛玉・体重ケア アダルト チキン 2.5kg,brand_040,ヒルズ サイエンス・ダイエット,日本ヒルズ・コルゲート,cat_food,フード,subcat_001,ドライフード,SKU,年齢/健康状態別,A,療法食は獣医師相談表示推奨,https://www.hills.co.jp/,true,2.5kg,チキン,該当なし,official_or_maker_source_verified,verified_content_flavor_sku,false,,verified,https://www.hills.co.jp/cat-food/science-diet-adult-indoor-cat-chicken-dry,ヒルズ公式でフレーバー「チキン」と製品サイズ 200g / 1.25kg / 2.5kg を確認,2026-07-08
product_0086_vf002,product_0086,ヘアボールコントロール,ヒルズ サイエンス・ダイエット 毛玉ケア シニア 7歳以上 チキン 1.25kg,brand_040,ヒルズ サイエンス・ダイエット,日本ヒルズ・コルゲート,cat_food,フード,subcat_001,ドライフード,SKU,年齢/健康状態別,A,療法食は獣医師相談表示推奨,https://www.hills.co.jp/,true,1.25kg,チキン,該当なし,official_or_maker_source_verified,verified_content_flavor_sku,false,,verified,https://www.hills.co.jp/cat-food/science-diet-hairball-indoor-mature-adult-chicken-dry,ヒルズ公式でフレーバー「チキン」と製品サイズ 200g / 1.25kg / 2.5kg を確認,2026-07-08
product_0086_vf003,product_0086,ヘアボールコントロール,ヒルズ サイエンス・ダイエット 毛玉ケア シニア 7歳以上 チキン 2.5kg,brand_040,ヒルズ サイエンス・ダイエット,日本ヒルズ・コルゲート,cat_food,フード,subcat_001,ドライフード,SKU,年齢/健康状態別,A,療法食は獣医師相談表示推奨,https://www.hills.co.jp/,true,2.5kg,チキン,該当なし,official_or_maker_source_verified,verified_content_flavor_sku,false,,verified,https://www.hills.co.jp/cat-food/science-diet-hairball-indoor-mature-adult-chicken-dry,ヒルズ公式でフレーバー「チキン」と製品サイズ 200g / 1.25kg / 2.5kg を確認,2026-07-08
product_0174_vf002,product_0174,キャット pHコントロール,ブリスミックス ブリスミックス キャット pHコントロール グレインフリーチキン 1kg,brand_052,ブリスミックス,各社/輸入元,cat_food,フード,subcat_001,ドライフード,SKU,味・容量違いあり,B,プレミアム/通販系。日本流通は販売店確認推奨,https://www.min-petkenko.com/premiumFood.php?mode=cat,true,1kg,グレインフリーチキン,該当なし,official_or_maker_source_verified,verified_content_flavor_sku,false,,verified,https://kmt-dogfood.com/item/blismix/%E3%83%96%E3%83%AA%E3%82%B9%E3%83%9F%E3%83%83%E3%82%AF%E3%82%B9%E3%80%80%E7%8C%AB%E7%94%A8%E3%80%80%E3%83%81%E3%82%AD%E3%83%B3/,KMT公式でグレインフリーチキン、500g / 1kg / 2kg を確認,2026-07-08
product_0174_vf003,product_0174,キャット pHコントロール,ブリスミックス ブリスミックス キャット pHコントロール グレインフリーチキン 2kg,brand_052,ブリスミックス,各社/輸入元,cat_food,フード,subcat_001,ドライフード,SKU,味・容量違いあり,B,プレミアム/通販系。日本流通は販売店確認推奨,https://www.min-petkenko.com/premiumFood.php?mode=cat,true,2kg,グレインフリーチキン,該当なし,official_or_maker_source_verified,verified_content_flavor_sku,false,,verified,https://kmt-dogfood.com/item/blismix/%E3%83%96%E3%83%AA%E3%82%B9%E3%83%9F%E3%83%83%E3%82%AF%E3%82%B9%E3%80%80%E7%8C%AB%E7%94%A8%E3%80%80%E3%83%81%E3%82%AD%E3%83%B3/,KMT公式でグレインフリーチキン、500g / 1kg / 2kg を確認,2026-07-08
product_0176_vf002,product_0176,ホリスティックグレインフリー キャット,クプレラ クプレラ ホリスティックグレインフリー・キャット 1.81kg,brand_020,クプレラ,各社/輸入元,cat_food,フード,subcat_001,ドライフード,SKU,味・容量違いあり,B,プレミアム/通販系。日本流通は販売店確認推奨,https://www.min-petkenko.com/premiumFood.php?mode=cat,true,1.81kg,ホリスティックグレインフリー・キャット,該当なし,official_or_maker_source_verified,verified_content_flavor_sku,false,,verified,https://cupurera.com/catfood01.html,クプレラ公式で 2 pound 900g / 4 pound 1.81kg / 10 pound 4.54kg を確認,2026-07-08
product_0176_vf003,product_0176,ホリスティックグレインフリー キャット,クプレラ クプレラ ホリスティックグレインフリー・キャット 4.54kg,brand_020,クプレラ,各社/輸入元,cat_food,フード,subcat_001,ドライフード,SKU,味・容量違いあり,B,プレミアム/通販系。日本流通は販売店確認推奨,https://www.min-petkenko.com/premiumFood.php?mode=cat,true,4.54kg,ホリスティックグレインフリー・キャット,該当なし,official_or_maker_source_verified,verified_content_flavor_sku,false,,verified,https://cupurera.com/catfood01.html,クプレラ公式で 2 pound 900g / 4 pound 1.81kg / 10 pound 4.54kg を確認,2026-07-08
product_0178_vf002,product_0178,アクティブライン,アクティブライン 皮膚・被毛の健康維持 ハイポアレルジェニック 1.5kg,brand_050,フォルツァ10,各社/輸入元,cat_food,フード,subcat_001,ドライフード,SKU,味・容量違いあり,B,プレミアム/通販系。日本流通は販売店確認推奨,https://www.min-petkenko.com/premiumFood.php?mode=cat,true,1.5kg,皮膚・被毛の健康維持 ハイポアレルジェニック,該当なし,official_or_maker_source_verified,verified_content_flavor_sku,false,,verified,https://www.56nyan.com/fs/goronyan/7s005-001,FORZA10アクティブラインのドライ療法食で内容量400g/1.5kgと機能別レシピを確認,2026-07-08
product_0178_vf004,product_0178,アクティブライン,アクティブライン 泌尿器の健康維持 ウリナリー 1.5kg,brand_050,フォルツァ10,各社/輸入元,cat_food,フード,subcat_001,ドライフード,SKU,味・容量違いあり,B,プレミアム/通販系。日本流通は販売店確認推奨,https://www.min-petkenko.com/premiumFood.php?mode=cat,true,1.5kg,泌尿器の健康維持 ウリナリー,該当なし,official_or_maker_source_verified,verified_content_flavor_sku,false,,verified,https://www.56nyan.com/fs/goronyan/7s005-001,FORZA10アクティブラインのドライ療法食で内容量400g/1.5kgと機能別レシピを確認,2026-07-08
product_0178_vf006,product_0178,アクティブライン,アクティブライン 腎臓の健康維持 リナール 1.5kg,brand_050,フォルツァ10,各社/輸入元,cat_food,フード,subcat_001,ドライフード,SKU,味・容量違いあり,B,プレミアム/通販系。日本流通は販売店確認推奨,https://www.min-petkenko.com/premiumFood.php?mode=cat,true,1.5kg,腎臓の健康維持 リナール,該当なし,official_or_maker_source_verified,verified_content_flavor_sku,false,,verified,https://www.56nyan.com/fs/goronyan/7s005-001,FORZA10アクティブラインのドライ療法食で内容量400g/1.5kgと機能別レシピを確認,2026-07-08
product_0178_vf008,product_0178,アクティブライン,アクティブライン 胃腸の健康維持 インテスティナル 1.5kg,brand_050,フォルツァ10,各社/輸入元,cat_food,フード,subcat_001,ドライフード,SKU,味・容量違いあり,B,プレミアム/通販系。日本流通は販売店確認推奨,https://www.min-petkenko.com/premiumFood.php?mode=cat,true,1.5kg,胃腸の健康維持 インテスティナル,該当なし,official_or_maker_source_verified,verified_content_flavor_sku,false,,verified,https://www.56nyan.com/fs/goronyan/7s005-001,FORZA10アクティブラインのドライ療法食で内容量400g/1.5kgと機能別レシピを確認,2026-07-08
product_0170_vf002,product_0170,ピーク ウェット缶,ピーク ウェット缶 ラム 185g,brand_026,ジウィ / ZIWI,各社/輸入元,cat_food,フード,subcat_002,ウェットフード,SKU,味・容量違いあり,B,プレミアム/通販系。日本流通は販売店確認推奨,https://www.min-petkenko.com/premiumFood.php?mode=cat,true,185g,ラム,該当なし,official_or_maker_source_verified,verified_content_flavor_sku,false,,verified,https://www.wannyan-kitchen.com/fs/wannyan/gd4606,ZIWIピーク キャット缶の味・85g/185gを販売ページで確認,2026-07-08
product_0170_vf004,product_0170,ピーク ウェット缶,ピーク ウェット缶 NZグラスフェッドビーフ 185g,brand_026,ジウィ / ZIWI,各社/輸入元,cat_food,フード,subcat_002,ウェットフード,SKU,味・容量違いあり,B,プレミアム/通販系。日本流通は販売店確認推奨,https://www.min-petkenko.com/premiumFood.php?mode=cat,true,185g,NZグラスフェッドビーフ,該当なし,official_or_maker_source_verified,verified_content_flavor_sku,false,,verified,https://www.56nyan.com/fs/goronyan/c/cr58/,ZIWIピーク キャット缶の味・85g/185gを販売ページで確認,2026-07-08
product_0180_vf002,product_0180,ミスターフルーツ,ミスターフルーツ 避妊・去勢猫用 1.5kg,brand_050,フォルツァ10,各社/輸入元,cat_food,フード,subcat_001,ドライフード,SKU,味・容量違いあり,B,プレミアム/通販系。日本流通は販売店確認推奨,https://www.min-petkenko.com/premiumFood.php?mode=cat,true,1.5kg,避妊・去勢猫用,該当なし,manual_web_verification_round30,content_flavor_sku,false,,verified,https://www.forza10japan.com/catfood/fruit-neutered.html,内容量と味/レシピを確認済みとしてSKU化,2026-07-08
product_0192_vf002,product_0192,カリナリー,カリナリー ファームダック 1.3kg,brand_039,ハッピーキャット,各社/輸入元,cat_food,フード,subcat_001,ドライフード,SKU,味・容量違いあり,B,プレミアム/通販系。日本流通は販売店確認推奨,https://www.min-petkenko.com/premiumFood.php?mode=cat,true,1.3kg,ファームダック,該当なし,manual_web_verification_round30,content_flavor_sku,false,,verified,https://www.56nyan.com/fs/goronyan/7u001-003 | https://item.rakuten.co.jp/56nyan/7u027-001/,内容量と味/レシピを確認済みとしてSKU化,2026-07-08
product_0192_vf003,product_0192,カリナリー,カリナリー ファームダック 4kg,brand_039,ハッピーキャット,各社/輸入元,cat_food,フード,subcat_001,ドライフード,SKU,味・容量違いあり,B,プレミアム/通販系。日本流通は販売店確認推奨,https://www.min-petkenko.com/premiumFood.php?mode=cat,true,4kg,ファームダック,該当なし,manual_web_verification_round30,content_flavor_sku,false,,verified,https://www.56nyan.com/fs/goronyan/7u001-003 | https://item.rakuten.co.jp/56nyan/7u027-001/,内容量と味/レシピを確認済みとしてSKU化,2026-07-08
product_0179_vf002,product_0179,メンテナンス,メンテナンス フィッシュ 2kg,brand_050,フォルツァ10,各社/輸入元,cat_food,フード,subcat_001,ドライフード,SKU,味・容量違いあり,B,プレミアム/通販系。日本流通は販売店確認推奨,https://www.min-petkenko.com/premiumFood.php?mode=cat,true,2kg,フィッシュ,該当なし,manual_web_verification_round31,content_flavor_sku,false,,verified,https://nekomono.jp/SHOP/g122571/list.html,内容量と味/レシピを確認済みとしてSKU化,2026-07-08
product_0191_vf002,product_0191,センシティブ,センシティブ ダイエットニーレ 腎臓ケア 1.3kg,brand_039,ハッピーキャット,各社/輸入元,cat_food,フード,subcat_001,ドライフード,SKU,味・容量違いあり,B,プレミアム/通販系。日本流通は販売店確認推奨,https://www.min-petkenko.com/premiumFood.php?mode=cat,true,1.3kg,ダイエットニーレ 腎臓ケア,該当なし,manual_web_verification_round31,content_flavor_sku,false,,verified,https://www.houndcom.com/shopdetail/000000006330/,内容量と味/レシピを確認済みとしてSKU化,2026-07-08
product_0191_vf003,product_0191,センシティブ,センシティブ ダイエットニーレ 腎臓ケア 4kg,brand_039,ハッピーキャット,各社/輸入元,cat_food,フード,subcat_001,ドライフード,SKU,味・容量違いあり,B,プレミアム/通販系。日本流通は販売店確認推奨,https://www.min-petkenko.com/premiumFood.php?mode=cat,true,4kg,ダイエットニーレ 腎臓ケア,該当なし,manual_web_verification_round31,content_flavor_sku,false,,verified,https://www.houndcom.com/shopdetail/000000006330/,内容量と味/レシピを確認済みとしてSKU化,2026-07-08
product_0120_vf002,product_0120,ベテリナリー ダイエット,ベテリナリー ダイエット EN 消化器ケア ドライ 2kg,brand_045,ピュリナ プロプラン,ネスレ ピュリナ,cat_food,フード,subcat_004,療法食,SKU,年齢・健康ニーズ・味違いあり,B,ピュリナ公式の猫用フードカテゴリ,https://purina.nestle.jp/food/cat,true,2kg,EN 消化器ケア ドライ,該当なし,manual_web_verification_round32,content_flavor_sku,false,,verified,https://donavi.ne.jp/shop/r/r2076_n2/,内容量と味/レシピを確認済みとしてSKU化,2026-07-08
product_0120_vf009,product_0120,ベテリナリー ダイエット,ベテリナリー ダイエット UR 下部尿路ケア ドライ 2kg,brand_045,ピュリナ プロプラン,ネスレ ピュリナ,cat_food,フード,subcat_004,療法食,SKU,年齢・健康ニーズ・味違いあり,B,ピュリナ公式の猫用フードカテゴリ,https://purina.nestle.jp/food/cat,true,2kg,UR 下部尿路ケア ドライ,該当なし,manual_web_verification_round32,content_flavor_sku,false,,verified,https://donavi.ne.jp/shop/r/r2076_n2/,内容量と味/レシピを確認済みとしてSKU化,2026-07-08
