product_id,product_name,brand_id,brand_name,manufacturer,category_id,category_name,subcategory_id,subcategory_name,product_type,variations_or_target,priority,note,source_url,is_active,amazon_search_query,amazon_search_url,amazon_search_url_all_departments,amazon_product_url,amazon_asin,amazon_match_status,manual_review_note
product_0007,AllWell 吐き戻し軽減,brand_001,AllWell,ユニ・チャーム,cat_food,フード,subcat_001,ドライフード,シリーズ,チキン・フィッシュ等 / 年齢別,A,健康訴求フードとして登録推奨,https://jp.unicharmpet.com/ja/allwell/home.html,true,AllWell 吐き戻し軽減 猫 キャットフード,https://www.amazon.co.jp/s?k=AllWell+%E5%90%90%E3%81%8D%E6%88%BB%E3%81%97%E8%BB%BD%E6%B8%9B+%E7%8C%AB+%E3%82%AD%E3%83%A3%E3%83%83%E3%83%88%E3%83%95%E3%83%BC%E3%83%89&i=pets,https://www.amazon.co.jp/s?k=AllWell+%E5%90%90%E3%81%8D%E6%88%BB%E3%81%97%E8%BB%BD%E6%B8%9B+%E7%8C%AB+%E3%82%AD%E3%83%A3%E3%83%83%E3%83%88%E3%83%95%E3%83%BC%E3%83%89,,,search_url_generated,Amazon API未使用。検索結果から該当ASIN/商品URLを後で確認して差し替え。
product_0008,AllWell 室内猫用,brand_001,AllWell,ユニ・チャーム,cat_food,フード,subcat_001,ドライフード,シリーズ,室内猫向け,A,健康訴求フードとして登録推奨,https://jp.unicharmpet.com/ja/allwell/home.html,true,AllWell 室内猫用 猫 キャットフード,https://www.amazon.co.jp/s?k=AllWell+%E5%AE%A4%E5%86%85%E7%8C%AB%E7%94%A8+%E7%8C%AB+%E3%82%AD%E3%83%A3%E3%83%83%E3%83%88%E3%83%95%E3%83%BC%E3%83%89&i=pets,https://www.amazon.co.jp/s?k=AllWell+%E5%AE%A4%E5%86%85%E7%8C%AB%E7%94%A8+%E7%8C%AB+%E3%82%AD%E3%83%A3%E3%83%83%E3%83%88%E3%83%95%E3%83%BC%E3%83%89,,,search_url_generated,Amazon API未使用。検索結果から該当ASIN/商品URLを後で確認して差し替え。
product_0010,AllWell 腎臓の健康維持用,brand_001,AllWell,ユニ・チャーム,cat_food,フード,subcat_001,ドライフード,シリーズ,シニア/腎臓ケア系,A,健康訴求フードとして登録推奨,https://jp.unicharmpet.com/ja/allwell/home.html,true,AllWell 腎臓の健康維持用 猫 キャットフード,https://www.amazon.co.jp/s?k=AllWell+%E8%85%8E%E8%87%93%E3%81%AE%E5%81%A5%E5%BA%B7%E7%B6%AD%E6%8C%81%E7%94%A8+%E7%8C%AB+%E3%82%AD%E3%83%A3%E3%83%83%E3%83%88%E3%83%95%E3%83%BC%E3%83%89&i=pets,https://www.amazon.co.jp/s?k=AllWell+%E8%85%8E%E8%87%93%E3%81%AE%E5%81%A5%E5%BA%B7%E7%B6%AD%E6%8C%81%E7%94%A8+%E7%8C%AB+%E3%82%AD%E3%83%A3%E3%83%83%E3%83%88%E3%83%95%E3%83%BC%E3%83%89,,,search_url_generated,Amazon API未使用。検索結果から該当ASIN/商品URLを後で確認して差し替え。
product_0009,AllWell 避妊・去勢した猫の体重ケア,brand_001,AllWell,ユニ・チャーム,cat_food,フード,subcat_001,ドライフード,シリーズ,体重ケア,A,健康訴求フードとして登録推奨,https://jp.unicharmpet.com/ja/allwell/home.html,true,AllWell 避妊・去勢した猫の体重ケア 猫 キャットフード,https://www.amazon.co.jp/s?k=AllWell+%E9%81%BF%E5%A6%8A%E3%83%BB%E5%8E%BB%E5%8B%A2%E3%81%97%E3%81%9F%E7%8C%AB%E3%81%AE%E4%BD%93%E9%87%8D%E3%82%B1%E3%82%A2+%E7%8C%AB+%E3%82%AD%E3%83%A3%E3%83%83%E3%83%88%E3%83%95%E3%83%BC%E3%83%89&i=pets,https://www.amazon.co.jp/s?k=AllWell+%E9%81%BF%E5%A6%8A%E3%83%BB%E5%8E%BB%E5%8B%A2%E3%81%97%E3%81%9F%E7%8C%AB%E3%81%AE%E4%BD%93%E9%87%8D%E3%82%B1%E3%82%A2+%E7%8C%AB+%E3%82%AD%E3%83%A3%E3%83%83%E3%83%88%E3%83%95%E3%83%BC%E3%83%89,,,search_url_generated,Amazon API未使用。検索結果から該当ASIN/商品URLを後で確認して差し替え。
product_0353,JPスタイル 和の究み セレクトヘルスケア,brand_072,JPスタイル,ペットライン,cat_food,フード,subcat_001,ドライフード,ドライフード,味・容量違いはSKUで管理,B,追加候補: ペットライン公式キャットフード一覧確認,https://www.petline.co.jp/cat/,true,JPスタイル 和の究み セレクトヘルスケア 猫 キャットフード,https://www.amazon.co.jp/s?k=JP%E3%82%B9%E3%82%BF%E3%82%A4%E3%83%AB+%E5%92%8C%E3%81%AE%E7%A9%B6%E3%81%BF+%E3%82%BB%E3%83%AC%E3%82%AF%E3%83%88%E3%83%98%E3%83%AB%E3%82%B9%E3%82%B1%E3%82%A2+%E7%8C%AB+%E3%82%AD%E3%83%A3%E3%83%83%E3%83%88%E3%83%95%E3%83%BC%E3%83%89&i=pets,https://www.amazon.co.jp/s?k=JP%E3%82%B9%E3%82%BF%E3%82%A4%E3%83%AB+%E5%92%8C%E3%81%AE%E7%A9%B6%E3%81%BF+%E3%82%BB%E3%83%AC%E3%82%AF%E3%83%88%E3%83%98%E3%83%AB%E3%82%B9%E3%82%B1%E3%82%A2+%E7%8C%AB+%E3%82%AD%E3%83%A3%E3%83%83%E3%83%88%E3%83%95%E3%83%BC%E3%83%89,,,search_url_generated,Amazon API未使用。検索結果から該当ASIN/商品URLを後で確認して差し替え。
product_0013,Physicalife 11歳頃から,brand_005,Physicalife,ユニ・チャーム,cat_food,フード,subcat_001,ドライフード,シリーズ,年齢・健康ニーズ別,B,プレミアム寄りの健康配慮シリーズ,https://jp.unicharmpet.com/ja/brand/ginspoon.html,true,Physicalife 11歳頃から 猫 キャットフード,https://www.amazon.co.jp/s?k=Physicalife+11%E6%AD%B3%E9%A0%83%E3%81%8B%E3%82%89+%E7%8C%AB+%E3%82%AD%E3%83%A3%E3%83%83%E3%83%88%E3%83%95%E3%83%BC%E3%83%89&i=pets,https://www.amazon.co.jp/s?k=Physicalife+11%E6%AD%B3%E9%A0%83%E3%81%8B%E3%82%89+%E7%8C%AB+%E3%82%AD%E3%83%A3%E3%83%83%E3%83%88%E3%83%95%E3%83%BC%E3%83%89,,,search_url_generated,Amazon API未使用。検索結果から該当ASIN/商品URLを後で確認して差し替え。
product_0014,Physicalife 下部尿路の健康維持,brand_005,Physicalife,ユニ・チャーム,cat_food,フード,subcat_001,ドライフード,シリーズ,年齢・健康ニーズ別,B,プレミアム寄りの健康配慮シリーズ,https://jp.unicharmpet.com/ja/brand/ginspoon.html,true,Physicalife 下部尿路の健康維持 猫 キャットフード,https://www.amazon.co.jp/s?k=Physicalife+%E4%B8%8B%E9%83%A8%E5%B0%BF%E8%B7%AF%E3%81%AE%E5%81%A5%E5%BA%B7%E7%B6%AD%E6%8C%81+%E7%8C%AB+%E3%82%AD%E3%83%A3%E3%83%83%E3%83%88%E3%83%95%E3%83%BC%E3%83%89&i=pets,https://www.amazon.co.jp/s?k=Physicalife+%E4%B8%8B%E9%83%A8%E5%B0%BF%E8%B7%AF%E3%81%AE%E5%81%A5%E5%BA%B7%E7%B6%AD%E6%8C%81+%E7%8C%AB+%E3%82%AD%E3%83%A3%E3%83%83%E3%83%88%E3%83%95%E3%83%BC%E3%83%89,,,search_url_generated,Amazon API未使用。検索結果から該当ASIN/商品URLを後で確認して差し替え。
product_0012,Physicalife 子ねこ用,brand_005,Physicalife,ユニ・チャーム,cat_food,フード,subcat_001,ドライフード,シリーズ,年齢・健康ニーズ別,B,プレミアム寄りの健康配慮シリーズ,https://jp.unicharmpet.com/ja/brand/ginspoon.html,true,Physicalife 子ねこ用 猫 キャットフード,https://www.amazon.co.jp/s?k=Physicalife+%E5%AD%90%E3%81%AD%E3%81%93%E7%94%A8+%E7%8C%AB+%E3%82%AD%E3%83%A3%E3%83%83%E3%83%88%E3%83%95%E3%83%BC%E3%83%89&i=pets,https://www.amazon.co.jp/s?k=Physicalife+%E5%AD%90%E3%81%AD%E3%81%93%E7%94%A8+%E7%8C%AB+%E3%82%AD%E3%83%A3%E3%83%83%E3%83%88%E3%83%95%E3%83%BC%E3%83%89,,,search_url_generated,Amazon API未使用。検索結果から該当ASIN/商品URLを後で確認して差し替え。
product_0011,Physicalife 室内猫用,brand_005,Physicalife,ユニ・チャーム,cat_food,フード,subcat_001,ドライフード,シリーズ,年齢・健康ニーズ別,B,プレミアム寄りの健康配慮シリーズ,https://jp.unicharmpet.com/ja/brand/ginspoon.html,true,Physicalife 室内猫用 猫 キャットフード,https://www.amazon.co.jp/s?k=Physicalife+%E5%AE%A4%E5%86%85%E7%8C%AB%E7%94%A8+%E7%8C%AB+%E3%82%AD%E3%83%A3%E3%83%83%E3%83%88%E3%83%95%E3%83%BC%E3%83%89&i=pets,https://www.amazon.co.jp/s?k=Physicalife+%E5%AE%A4%E5%86%85%E7%8C%AB%E7%94%A8+%E7%8C%AB+%E3%82%AD%E3%83%A3%E3%83%83%E3%83%88%E3%83%95%E3%83%BC%E3%83%89,,,search_url_generated,Amazon API未使用。検索結果から該当ASIN/商品URLを後で確認して差し替え。
product_0194,キャット チキン&サーモン,brand_006,iti / イティ,各社/輸入元,cat_food,フード,subcat_001,ドライフード,シリーズ,味・容量違いあり,B,プレミアム/通販系。日本流通は販売店確認推奨,https://www.min-petkenko.com/premiumFood.php?mode=cat,true,iti / イティ キャット チキン&サーモン 猫 キャットフード,https://www.amazon.co.jp/s?k=iti+%2F+%E3%82%A4%E3%83%86%E3%82%A3+%E3%82%AD%E3%83%A3%E3%83%83%E3%83%88+%E3%83%81%E3%82%AD%E3%83%B3%26%E3%82%B5%E3%83%BC%E3%83%A2%E3%83%B3+%E7%8C%AB+%E3%82%AD%E3%83%A3%E3%83%83%E3%83%88%E3%83%95%E3%83%BC%E3%83%89&i=pets,https://www.amazon.co.jp/s?k=iti+%2F+%E3%82%A4%E3%83%86%E3%82%A3+%E3%82%AD%E3%83%A3%E3%83%83%E3%83%88+%E3%83%81%E3%82%AD%E3%83%B3%26%E3%82%B5%E3%83%BC%E3%83%A2%E3%83%B3+%E7%8C%AB+%E3%82%AD%E3%83%A3%E3%83%83%E3%83%88%E3%83%95%E3%83%BC%E3%83%89,,,search_url_generated,Amazon API未使用。検索結果から該当ASIN/商品URLを後で確認して差し替え。
product_0195,ラム&ベニソン,brand_006,iti / イティ,各社/輸入元,cat_food,フード,subcat_001,ドライフード,シリーズ,味・容量違いあり,B,プレミアム/通販系。日本流通は販売店確認推奨,https://www.min-petkenko.com/premiumFood.php?mode=cat,true,iti / イティ ラム&ベニソン 猫 キャットフード,https://www.amazon.co.jp/s?k=iti+%2F+%E3%82%A4%E3%83%86%E3%82%A3+%E3%83%A9%E3%83%A0%26%E3%83%99%E3%83%8B%E3%82%BD%E3%83%B3+%E7%8C%AB+%E3%82%AD%E3%83%A3%E3%83%83%E3%83%88%E3%83%95%E3%83%BC%E3%83%89&i=pets,https://www.amazon.co.jp/s?k=iti+%2F+%E3%82%A4%E3%83%86%E3%82%A3+%E3%83%A9%E3%83%A0%26%E3%83%99%E3%83%8B%E3%82%BD%E3%83%B3+%E7%8C%AB+%E3%82%AD%E3%83%A3%E3%83%83%E3%83%88%E3%83%95%E3%83%BC%E3%83%89,,,search_url_generated,Amazon API未使用。検索結果から該当ASIN/商品URLを後で確認して差し替え。
product_0015,ねこ元気 ドライ,brand_007,ねこ元気,ユニ・チャーム,cat_food,フード,subcat_001,ドライフード,シリーズ,ドライ/パウチ、年齢別,A,大衆価格帯の定番ブランド,https://jp.unicharmpet.com/ja/brand/nekogenki.html,true,ねこ元気 ドライ 猫 キャットフード,https://www.amazon.co.jp/s?k=%E3%81%AD%E3%81%93%E5%85%83%E6%B0%97+%E3%83%89%E3%83%A9%E3%82%A4+%E7%8C%AB+%E3%82%AD%E3%83%A3%E3%83%83%E3%83%88%E3%83%95%E3%83%BC%E3%83%89&i=pets,https://www.amazon.co.jp/s?k=%E3%81%AD%E3%81%93%E5%85%83%E6%B0%97+%E3%83%89%E3%83%A9%E3%82%A4+%E7%8C%AB+%E3%82%AD%E3%83%A3%E3%83%83%E3%83%88%E3%83%95%E3%83%BC%E3%83%89,,,search_url_generated,Amazon API未使用。検索結果から該当ASIN/商品URLを後で確認して差し替え。
product_0018,ねこ元気 健康に育つ子ねこ用,brand_007,ねこ元気,ユニ・チャーム,cat_food,フード,subcat_001,ドライフード,シリーズ,ドライ/パウチ、年齢別,A,大衆価格帯の定番ブランド,https://jp.unicharmpet.com/ja/brand/nekogenki.html,true,ねこ元気 健康に育つ子ねこ用 猫 キャットフード,https://www.amazon.co.jp/s?k=%E3%81%AD%E3%81%93%E5%85%83%E6%B0%97+%E5%81%A5%E5%BA%B7%E3%81%AB%E8%82%B2%E3%81%A4%E5%AD%90%E3%81%AD%E3%81%93%E7%94%A8+%E7%8C%AB+%E3%82%AD%E3%83%A3%E3%83%83%E3%83%88%E3%83%95%E3%83%BC%E3%83%89&i=pets,https://www.amazon.co.jp/s?k=%E3%81%AD%E3%81%93%E5%85%83%E6%B0%97+%E5%81%A5%E5%BA%B7%E3%81%AB%E8%82%B2%E3%81%A4%E5%AD%90%E3%81%AD%E3%81%93%E7%94%A8+%E7%8C%AB+%E3%82%AD%E3%83%A3%E3%83%83%E3%83%88%E3%83%95%E3%83%BC%E3%83%89,,,search_url_generated,Amazon API未使用。検索結果から該当ASIN/商品URLを後で確認して差し替え。
product_0017,ねこ元気 複数ねこ用,brand_007,ねこ元気,ユニ・チャーム,cat_food,フード,subcat_001,ドライフード,シリーズ,ドライ/パウチ、年齢別,A,大衆価格帯の定番ブランド,https://jp.unicharmpet.com/ja/brand/nekogenki.html,true,ねこ元気 複数ねこ用 猫 キャットフード,https://www.amazon.co.jp/s?k=%E3%81%AD%E3%81%93%E5%85%83%E6%B0%97+%E8%A4%87%E6%95%B0%E3%81%AD%E3%81%93%E7%94%A8+%E7%8C%AB+%E3%82%AD%E3%83%A3%E3%83%83%E3%83%88%E3%83%95%E3%83%BC%E3%83%89&i=pets,https://www.amazon.co.jp/s?k=%E3%81%AD%E3%81%93%E5%85%83%E6%B0%97+%E8%A4%87%E6%95%B0%E3%81%AD%E3%81%93%E7%94%A8+%E7%8C%AB+%E3%82%AD%E3%83%A3%E3%83%83%E3%83%88%E3%83%95%E3%83%BC%E3%83%89,,,search_url_generated,Amazon API未使用。検索結果から該当ASIN/商品URLを後で確認して差し替え。
product_0313,MiawMiaw カリカリ小粒タイプ かつお味,brand_067,アイシア / AIXIA,アイシア,cat_food,フード,subcat_001,ドライフード,ドライフード,味・容量違いはSKUで管理,B,追加候補: 主要ブランド/公式検索キーワード確認,https://www.aixia.jp/catfood/,true,アイシア / AIXIA MiawMiaw カリカリ小粒タイプ かつお味 猫 キャットフード,https://www.amazon.co.jp/s?k=%E3%82%A2%E3%82%A4%E3%82%B7%E3%82%A2+%2F+AIXIA+MiawMiaw+%E3%82%AB%E3%83%AA%E3%82%AB%E3%83%AA%E5%B0%8F%E7%B2%92%E3%82%BF%E3%82%A4%E3%83%97+%E3%81%8B%E3%81%A4%E3%81%8A%E5%91%B3+%E7%8C%AB+%E3%82%AD%E3%83%A3%E3%83%83%E3%83%88%E3%83%95%E3%83%BC%E3%83%89&i=pets,https://www.amazon.co.jp/s?k=%E3%82%A2%E3%82%A4%E3%82%B7%E3%82%A2+%2F+AIXIA+MiawMiaw+%E3%82%AB%E3%83%AA%E3%82%AB%E3%83%AA%E5%B0%8F%E7%B2%92%E3%82%BF%E3%82%A4%E3%83%97+%E3%81%8B%E3%81%A4%E3%81%8A%E5%91%B3+%E7%8C%AB+%E3%82%AD%E3%83%A3%E3%83%83%E3%83%88%E3%83%95%E3%83%BC%E3%83%89,,,search_url_generated,Amazon API未使用。検索結果から該当ASIN/商品URLを後で確認して差し替え。
product_0314,MiawMiaw カリカリ小粒タイプ まぐろ味,brand_067,アイシア / AIXIA,アイシア,cat_food,フード,subcat_001,ドライフード,ドライフード,味・容量違いはSKUで管理,B,追加候補: 主要ブランド/公式検索キーワード確認,https://www.aixia.jp/catfood/,true,アイシア / AIXIA MiawMiaw カリカリ小粒タイプ まぐろ味 猫 キャットフード,https://www.amazon.co.jp/s?k=%E3%82%A2%E3%82%A4%E3%82%B7%E3%82%A2+%2F+AIXIA+MiawMiaw+%E3%82%AB%E3%83%AA%E3%82%AB%E3%83%AA%E5%B0%8F%E7%B2%92%E3%82%BF%E3%82%A4%E3%83%97+%E3%81%BE%E3%81%90%E3%82%8D%E5%91%B3+%E7%8C%AB+%E3%82%AD%E3%83%A3%E3%83%83%E3%83%88%E3%83%95%E3%83%BC%E3%83%89&i=pets,https://www.amazon.co.jp/s?k=%E3%82%A2%E3%82%A4%E3%82%B7%E3%82%A2+%2F+AIXIA+MiawMiaw+%E3%82%AB%E3%83%AA%E3%82%AB%E3%83%AA%E5%B0%8F%E7%B2%92%E3%82%BF%E3%82%A4%E3%83%97+%E3%81%BE%E3%81%90%E3%82%8D%E5%91%B3+%E7%8C%AB+%E3%82%AD%E3%83%A3%E3%83%83%E3%83%88%E3%83%95%E3%83%BC%E3%83%89,,,search_url_generated,Amazon API未使用。検索結果から該当ASIN/商品URLを後で確認して差し替え。
product_0137,シニア猫用,brand_008,アイムス,マース ジャパン,cat_food,フード,subcat_001,ドライフード,シリーズ,味・年齢違いあり,B,マース系主要ブランド,https://www.mars.com/ja-jp/our-brands/petcare,true,アイムス シニア猫用 猫 キャットフード,https://www.amazon.co.jp/s?k=%E3%82%A2%E3%82%A4%E3%83%A0%E3%82%B9+%E3%82%B7%E3%83%8B%E3%82%A2%E7%8C%AB%E7%94%A8+%E7%8C%AB+%E3%82%AD%E3%83%A3%E3%83%83%E3%83%88%E3%83%95%E3%83%BC%E3%83%89&i=pets,https://www.amazon.co.jp/s?k=%E3%82%A2%E3%82%A4%E3%83%A0%E3%82%B9+%E3%82%B7%E3%83%8B%E3%82%A2%E7%8C%AB%E7%94%A8+%E7%8C%AB+%E3%82%AD%E3%83%A3%E3%83%83%E3%83%88%E3%83%95%E3%83%BC%E3%83%89,,,search_url_generated,Amazon API未使用。検索結果から該当ASIN/商品URLを後で確認して差し替え。
product_0135,体重管理,brand_008,アイムス,マース ジャパン,cat_food,フード,subcat_001,ドライフード,シリーズ,味・年齢違いあり,B,マース系主要ブランド,https://www.mars.com/ja-jp/our-brands/petcare,true,アイムス 体重管理 猫 キャットフード,https://www.amazon.co.jp/s?k=%E3%82%A2%E3%82%A4%E3%83%A0%E3%82%B9+%E4%BD%93%E9%87%8D%E7%AE%A1%E7%90%86+%E7%8C%AB+%E3%82%AD%E3%83%A3%E3%83%83%E3%83%88%E3%83%95%E3%83%BC%E3%83%89&i=pets,https://www.amazon.co.jp/s?k=%E3%82%A2%E3%82%A4%E3%83%A0%E3%82%B9+%E4%BD%93%E9%87%8D%E7%AE%A1%E7%90%86+%E7%8C%AB+%E3%82%AD%E3%83%A3%E3%83%83%E3%83%88%E3%83%95%E3%83%BC%E3%83%89,,,search_url_generated,Amazon API未使用。検索結果から該当ASIN/商品URLを後で確認して差し替え。
product_0136,子ねこ用,brand_008,アイムス,マース ジャパン,cat_food,フード,subcat_001,ドライフード,シリーズ,味・年齢違いあり,B,マース系主要ブランド,https://www.mars.com/ja-jp/our-brands/petcare,true,アイムス 子ねこ用 猫 キャットフード,https://www.amazon.co.jp/s?k=%E3%82%A2%E3%82%A4%E3%83%A0%E3%82%B9+%E5%AD%90%E3%81%AD%E3%81%93%E7%94%A8+%E7%8C%AB+%E3%82%AD%E3%83%A3%E3%83%83%E3%83%88%E3%83%95%E3%83%BC%E3%83%89&i=pets,https://www.amazon.co.jp/s?k=%E3%82%A2%E3%82%A4%E3%83%A0%E3%82%B9+%E5%AD%90%E3%81%AD%E3%81%93%E7%94%A8+%E7%8C%AB+%E3%82%AD%E3%83%A3%E3%83%83%E3%83%88%E3%83%95%E3%83%BC%E3%83%89,,,search_url_generated,Amazon API未使用。検索結果から該当ASIN/商品URLを後で確認して差し替え。
product_0133,成猫用 インドアキャット,brand_008,アイムス,マース ジャパン,cat_food,フード,subcat_001,ドライフード,シリーズ,味・年齢違いあり,B,マース系主要ブランド,https://www.mars.com/ja-jp/our-brands/petcare,true,アイムス 成猫用 インドアキャット 猫 キャットフード,https://www.amazon.co.jp/s?k=%E3%82%A2%E3%82%A4%E3%83%A0%E3%82%B9+%E6%88%90%E7%8C%AB%E7%94%A8+%E3%82%A4%E3%83%B3%E3%83%89%E3%82%A2%E3%82%AD%E3%83%A3%E3%83%83%E3%83%88+%E7%8C%AB+%E3%82%AD%E3%83%A3%E3%83%83%E3%83%88%E3%83%95%E3%83%BC%E3%83%89&i=pets,https://www.amazon.co.jp/s?k=%E3%82%A2%E3%82%A4%E3%83%A0%E3%82%B9+%E6%88%90%E7%8C%AB%E7%94%A8+%E3%82%A4%E3%83%B3%E3%83%89%E3%82%A2%E3%82%AD%E3%83%A3%E3%83%83%E3%83%88+%E7%8C%AB+%E3%82%AD%E3%83%A3%E3%83%83%E3%83%88%E3%83%95%E3%83%BC%E3%83%89,,,search_url_generated,Amazon API未使用。検索結果から該当ASIN/商品URLを後で確認して差し替え。
product_0134,毛玉ケア,brand_008,アイムス,マース ジャパン,cat_food,フード,subcat_001,ドライフード,シリーズ,味・年齢違いあり,B,マース系主要ブランド,https://www.mars.com/ja-jp/our-brands/petcare,true,アイムス 毛玉ケア 猫 キャットフード,https://www.amazon.co.jp/s?k=%E3%82%A2%E3%82%A4%E3%83%A0%E3%82%B9+%E6%AF%9B%E7%8E%89%E3%82%B1%E3%82%A2+%E7%8C%AB+%E3%82%AD%E3%83%A3%E3%83%83%E3%83%88%E3%83%95%E3%83%BC%E3%83%89&i=pets,https://www.amazon.co.jp/s?k=%E3%82%A2%E3%82%A4%E3%83%A0%E3%82%B9+%E6%AF%9B%E7%8E%89%E3%82%B1%E3%82%A2+%E7%8C%AB+%E3%82%AD%E3%83%A3%E3%83%83%E3%83%88%E3%83%95%E3%83%BC%E3%83%89,,,search_url_generated,Amazon API未使用。検索結果から該当ASIN/商品URLを後で確認して差し替え。
product_0155,グラスランドキャット,brand_010,アカナ,各社/輸入元,cat_food,フード,subcat_001,ドライフード,シリーズ,味・容量違いあり,B,プレミアム/通販系。日本流通は販売店確認推奨,https://www.min-petkenko.com/premiumFood.php?mode=cat,true,アカナ グラスランドキャット 猫 キャットフード,https://www.amazon.co.jp/s?k=%E3%82%A2%E3%82%AB%E3%83%8A+%E3%82%B0%E3%83%A9%E3%82%B9%E3%83%A9%E3%83%B3%E3%83%89%E3%82%AD%E3%83%A3%E3%83%83%E3%83%88+%E7%8C%AB+%E3%82%AD%E3%83%A3%E3%83%83%E3%83%88%E3%83%95%E3%83%BC%E3%83%89&i=pets,https://www.amazon.co.jp/s?k=%E3%82%A2%E3%82%AB%E3%83%8A+%E3%82%B0%E3%83%A9%E3%82%B9%E3%83%A9%E3%83%B3%E3%83%89%E3%82%AD%E3%83%A3%E3%83%83%E3%83%88+%E7%8C%AB+%E3%82%AD%E3%83%A3%E3%83%83%E3%83%88%E3%83%95%E3%83%BC%E3%83%89,,,search_url_generated,Amazon API未使用。検索結果から該当ASIN/商品URLを後で確認して差し替え。
product_0156,バウンティフルキャッチ,brand_010,アカナ,各社/輸入元,cat_food,フード,subcat_001,ドライフード,シリーズ,味・容量違いあり,B,プレミアム/通販系。日本流通は販売店確認推奨,https://www.min-petkenko.com/premiumFood.php?mode=cat,true,アカナ バウンティフルキャッチ 猫 キャットフード,https://www.amazon.co.jp/s?k=%E3%82%A2%E3%82%AB%E3%83%8A+%E3%83%90%E3%82%A6%E3%83%B3%E3%83%86%E3%82%A3%E3%83%95%E3%83%AB%E3%82%AD%E3%83%A3%E3%83%83%E3%83%81+%E7%8C%AB+%E3%82%AD%E3%83%A3%E3%83%83%E3%83%88%E3%83%95%E3%83%BC%E3%83%89&i=pets,https://www.amazon.co.jp/s?k=%E3%82%A2%E3%82%AB%E3%83%8A+%E3%83%90%E3%82%A6%E3%83%B3%E3%83%86%E3%82%A3%E3%83%95%E3%83%AB%E3%82%AD%E3%83%A3%E3%83%83%E3%83%81+%E7%8C%AB+%E3%82%AD%E3%83%A3%E3%83%83%E3%83%88%E3%83%95%E3%83%BC%E3%83%89,,,search_url_generated,Amazon API未使用。検索結果から該当ASIN/商品URLを後で確認して差し替え。
product_0154,パシフィカキャット,brand_010,アカナ,各社/輸入元,cat_food,フード,subcat_001,ドライフード,シリーズ,味・容量違いあり,B,プレミアム/通販系。日本流通は販売店確認推奨,https://www.min-petkenko.com/premiumFood.php?mode=cat,true,アカナ パシフィカキャット 猫 キャットフード,https://www.amazon.co.jp/s?k=%E3%82%A2%E3%82%AB%E3%83%8A+%E3%83%91%E3%82%B7%E3%83%95%E3%82%A3%E3%82%AB%E3%82%AD%E3%83%A3%E3%83%83%E3%83%88+%E7%8C%AB+%E3%82%AD%E3%83%A3%E3%83%83%E3%83%88%E3%83%95%E3%83%BC%E3%83%89&i=pets,https://www.amazon.co.jp/s?k=%E3%82%A2%E3%82%AB%E3%83%8A+%E3%83%91%E3%82%B7%E3%83%95%E3%82%A3%E3%82%AB%E3%82%AD%E3%83%A3%E3%83%83%E3%83%88+%E7%8C%AB+%E3%82%AD%E3%83%A3%E3%83%83%E3%83%88%E3%83%95%E3%83%BC%E3%83%89,,,search_url_generated,Amazon API未使用。検索結果から該当ASIN/商品URLを後で確認して差し替え。
product_0153,ワイルドプレイリーキャット,brand_010,アカナ,各社/輸入元,cat_food,フード,subcat_001,ドライフード,シリーズ,味・容量違いあり,B,プレミアム/通販系。日本流通は販売店確認推奨,https://www.min-petkenko.com/premiumFood.php?mode=cat,true,アカナ ワイルドプレイリーキャット 猫 キャットフード,https://www.amazon.co.jp/s?k=%E3%82%A2%E3%82%AB%E3%83%8A+%E3%83%AF%E3%82%A4%E3%83%AB%E3%83%89%E3%83%97%E3%83%AC%E3%82%A4%E3%83%AA%E3%83%BC%E3%82%AD%E3%83%A3%E3%83%83%E3%83%88+%E7%8C%AB+%E3%82%AD%E3%83%A3%E3%83%83%E3%83%88%E3%83%95%E3%83%BC%E3%83%89&i=pets,https://www.amazon.co.jp/s?k=%E3%82%A2%E3%82%AB%E3%83%8A+%E3%83%AF%E3%82%A4%E3%83%AB%E3%83%89%E3%83%97%E3%83%AC%E3%82%A4%E3%83%AA%E3%83%BC%E3%82%AD%E3%83%A3%E3%83%83%E3%83%88+%E7%8C%AB+%E3%82%AD%E3%83%A3%E3%83%83%E3%83%88%E3%83%95%E3%83%BC%E3%83%89,,,search_url_generated,Amazon API未使用。検索結果から該当ASIN/商品URLを後で確認して差し替え。
product_0162,オソピュア グレインフリー,brand_013,アーテミス,各社/輸入元,cat_food,フード,subcat_001,ドライフード,シリーズ,味・容量違いあり,B,プレミアム/通販系。日本流通は販売店確認推奨,https://www.min-petkenko.com/premiumFood.php?mode=cat,true,アーテミス オソピュア グレインフリー 猫 キャットフード,https://www.amazon.co.jp/s?k=%E3%82%A2%E3%83%BC%E3%83%86%E3%83%9F%E3%82%B9+%E3%82%AA%E3%82%BD%E3%83%94%E3%83%A5%E3%82%A2+%E3%82%B0%E3%83%AC%E3%82%A4%E3%83%B3%E3%83%95%E3%83%AA%E3%83%BC+%E7%8C%AB+%E3%82%AD%E3%83%A3%E3%83%83%E3%83%88%E3%83%95%E3%83%BC%E3%83%89&i=pets,https://www.amazon.co.jp/s?k=%E3%82%A2%E3%83%BC%E3%83%86%E3%83%9F%E3%82%B9+%E3%82%AA%E3%82%BD%E3%83%94%E3%83%A5%E3%82%A2+%E3%82%B0%E3%83%AC%E3%82%A4%E3%83%B3%E3%83%95%E3%83%AA%E3%83%BC+%E7%8C%AB+%E3%82%AD%E3%83%A3%E3%83%83%E3%83%88%E3%83%95%E3%83%BC%E3%83%89,,,search_url_generated,Amazon API未使用。検索結果から該当ASIN/商品URLを後で確認して差し替え。
product_0161,フレッシュミックス フィーライン,brand_013,アーテミス,各社/輸入元,cat_food,フード,subcat_001,ドライフード,シリーズ,味・容量違いあり,B,プレミアム/通販系。日本流通は販売店確認推奨,https://www.min-petkenko.com/premiumFood.php?mode=cat,true,アーテミス フレッシュミックス フィーライン 猫 キャットフード,https://www.amazon.co.jp/s?k=%E3%82%A2%E3%83%BC%E3%83%86%E3%83%9F%E3%82%B9+%E3%83%95%E3%83%AC%E3%83%83%E3%82%B7%E3%83%A5%E3%83%9F%E3%83%83%E3%82%AF%E3%82%B9+%E3%83%95%E3%82%A3%E3%83%BC%E3%83%A9%E3%82%A4%E3%83%B3+%E7%8C%AB+%E3%82%AD%E3%83%A3%E3%83%83%E3%83%88%E3%83%95%E3%83%BC%E3%83%89&i=pets,https://www.amazon.co.jp/s?k=%E3%82%A2%E3%83%BC%E3%83%86%E3%83%9F%E3%82%B9+%E3%83%95%E3%83%AC%E3%83%83%E3%82%B7%E3%83%A5%E3%83%9F%E3%83%83%E3%82%AF%E3%82%B9+%E3%83%95%E3%82%A3%E3%83%BC%E3%83%A9%E3%82%A4%E3%83%B3+%E7%8C%AB+%E3%82%AD%E3%83%A3%E3%83%83%E3%83%88%E3%83%95%E3%83%BC%E3%83%89,,,search_url_generated,Amazon API未使用。検索結果から該当ASIN/商品URLを後で確認して差し替え。
product_0157,キャット&キトゥン,brand_014,オリジン,各社/輸入元,cat_food,フード,subcat_001,ドライフード,シリーズ,味・容量違いあり,B,プレミアム/通販系。日本流通は販売店確認推奨,https://www.min-petkenko.com/premiumFood.php?mode=cat,true,オリジン キャット&キトゥン 猫 キャットフード,https://www.amazon.co.jp/s?k=%E3%82%AA%E3%83%AA%E3%82%B8%E3%83%B3+%E3%82%AD%E3%83%A3%E3%83%83%E3%83%88%26%E3%82%AD%E3%83%88%E3%82%A5%E3%83%B3+%E7%8C%AB+%E3%82%AD%E3%83%A3%E3%83%83%E3%83%88%E3%83%95%E3%83%BC%E3%83%89&i=pets,https://www.amazon.co.jp/s?k=%E3%82%AA%E3%83%AA%E3%82%B8%E3%83%B3+%E3%82%AD%E3%83%A3%E3%83%83%E3%83%88%26%E3%82%AD%E3%83%88%E3%82%A5%E3%83%B3+%E7%8C%AB+%E3%82%AD%E3%83%A3%E3%83%83%E3%83%88%E3%83%95%E3%83%BC%E3%83%89,,,search_url_generated,Amazon API未使用。検索結果から該当ASIN/商品URLを後で確認して差し替え。
product_0158,シックスフィッシュ,brand_014,オリジン,各社/輸入元,cat_food,フード,subcat_001,ドライフード,シリーズ,味・容量違いあり,B,プレミアム/通販系。日本流通は販売店確認推奨,https://www.min-petkenko.com/premiumFood.php?mode=cat,true,オリジン シックスフィッシュ 猫 キャットフード,https://www.amazon.co.jp/s?k=%E3%82%AA%E3%83%AA%E3%82%B8%E3%83%B3+%E3%82%B7%E3%83%83%E3%82%AF%E3%82%B9%E3%83%95%E3%82%A3%E3%83%83%E3%82%B7%E3%83%A5+%E7%8C%AB+%E3%82%AD%E3%83%A3%E3%83%83%E3%83%88%E3%83%95%E3%83%BC%E3%83%89&i=pets,https://www.amazon.co.jp/s?k=%E3%82%AA%E3%83%AA%E3%82%B8%E3%83%B3+%E3%82%B7%E3%83%83%E3%82%AF%E3%82%B9%E3%83%95%E3%82%A3%E3%83%83%E3%82%B7%E3%83%A5+%E7%8C%AB+%E3%82%AD%E3%83%A3%E3%83%83%E3%83%88%E3%83%95%E3%83%BC%E3%83%89,,,search_url_generated,Amazon API未使用。検索結果から該当ASIN/商品URLを後で確認して差し替え。
product_0160,フィット&トリム,brand_014,オリジン,各社/輸入元,cat_food,フード,subcat_001,ドライフード,シリーズ,味・容量違いあり,B,プレミアム/通販系。日本流通は販売店確認推奨,https://www.min-petkenko.com/premiumFood.php?mode=cat,true,オリジン フィット&トリム 猫 キャットフード,https://www.amazon.co.jp/s?k=%E3%82%AA%E3%83%AA%E3%82%B8%E3%83%B3+%E3%83%95%E3%82%A3%E3%83%83%E3%83%88%26%E3%83%88%E3%83%AA%E3%83%A0+%E7%8C%AB+%E3%82%AD%E3%83%A3%E3%83%83%E3%83%88%E3%83%95%E3%83%BC%E3%83%89&i=pets,https://www.amazon.co.jp/s?k=%E3%82%AA%E3%83%AA%E3%82%B8%E3%83%B3+%E3%83%95%E3%82%A3%E3%83%83%E3%83%88%26%E3%83%88%E3%83%AA%E3%83%A0+%E7%8C%AB+%E3%82%AD%E3%83%A3%E3%83%83%E3%83%88%E3%83%95%E3%83%BC%E3%83%89,,,search_url_generated,Amazon API未使用。検索結果から該当ASIN/商品URLを後で確認して差し替え。
product_0159,レジオナルレッド,brand_014,オリジン,各社/輸入元,cat_food,フード,subcat_001,ドライフード,シリーズ,味・容量違いあり,B,プレミアム/通販系。日本流通は販売店確認推奨,https://www.min-petkenko.com/premiumFood.php?mode=cat,true,オリジン レジオナルレッド 猫 キャットフード,https://www.amazon.co.jp/s?k=%E3%82%AA%E3%83%AA%E3%82%B8%E3%83%B3+%E3%83%AC%E3%82%B8%E3%82%AA%E3%83%8A%E3%83%AB%E3%83%AC%E3%83%83%E3%83%89+%E7%8C%AB+%E3%82%AD%E3%83%A3%E3%83%83%E3%83%88%E3%83%95%E3%83%BC%E3%83%89&i=pets,https://www.amazon.co.jp/s?k=%E3%82%AA%E3%83%AA%E3%82%B8%E3%83%B3+%E3%83%AC%E3%82%B8%E3%82%AA%E3%83%8A%E3%83%AB%E3%83%AC%E3%83%83%E3%83%89+%E7%8C%AB+%E3%82%AD%E3%83%A3%E3%83%83%E3%83%88%E3%83%95%E3%83%BC%E3%83%89,,,search_url_generated,Amazon API未使用。検索結果から該当ASIN/商品URLを後で確認して差し替え。
product_0197,カナガン キャットフード サーモン,brand_015,カナガン,各社/輸入元,cat_food,フード,subcat_001,ドライフード,シリーズ,味・容量違いあり,B,プレミアム/通販系。日本流通は販売店確認推奨,https://www.min-petkenko.com/premiumFood.php?mode=cat,true,カナガン キャットフード サーモン 猫 キャットフード,https://www.amazon.co.jp/s?k=%E3%82%AB%E3%83%8A%E3%82%AC%E3%83%B3+%E3%82%AD%E3%83%A3%E3%83%83%E3%83%88%E3%83%95%E3%83%BC%E3%83%89+%E3%82%B5%E3%83%BC%E3%83%A2%E3%83%B3+%E7%8C%AB+%E3%82%AD%E3%83%A3%E3%83%83%E3%83%88%E3%83%95%E3%83%BC%E3%83%89&i=pets,https://www.amazon.co.jp/s?k=%E3%82%AB%E3%83%8A%E3%82%AC%E3%83%B3+%E3%82%AD%E3%83%A3%E3%83%83%E3%83%88%E3%83%95%E3%83%BC%E3%83%89+%E3%82%B5%E3%83%BC%E3%83%A2%E3%83%B3+%E7%8C%AB+%E3%82%AD%E3%83%A3%E3%83%83%E3%83%88%E3%83%95%E3%83%BC%E3%83%89,,,search_url_generated,Amazon API未使用。検索結果から該当ASIN/商品URLを後で確認して差し替え。
product_0196,カナガン キャットフード チキン,brand_015,カナガン,各社/輸入元,cat_food,フード,subcat_001,ドライフード,シリーズ,味・容量違いあり,B,プレミアム/通販系。日本流通は販売店確認推奨,https://www.min-petkenko.com/premiumFood.php?mode=cat,true,カナガン キャットフード チキン 猫 キャットフード,https://www.amazon.co.jp/s?k=%E3%82%AB%E3%83%8A%E3%82%AC%E3%83%B3+%E3%82%AD%E3%83%A3%E3%83%83%E3%83%88%E3%83%95%E3%83%BC%E3%83%89+%E3%83%81%E3%82%AD%E3%83%B3+%E7%8C%AB+%E3%82%AD%E3%83%A3%E3%83%83%E3%83%88%E3%83%95%E3%83%BC%E3%83%89&i=pets,https://www.amazon.co.jp/s?k=%E3%82%AB%E3%83%8A%E3%82%AC%E3%83%B3+%E3%82%AD%E3%83%A3%E3%83%83%E3%83%88%E3%83%95%E3%83%BC%E3%83%89+%E3%83%81%E3%82%AD%E3%83%B3+%E7%8C%AB+%E3%82%AD%E3%83%A3%E3%83%83%E3%83%88%E3%83%95%E3%83%BC%E3%83%89,,,search_url_generated,Amazon API未使用。検索結果から該当ASIN/商品URLを後で確認して差し替え。
product_0299,カルカン ドライ 11歳から,brand_016,カルカン,マース ジャパン,cat_food,フード,subcat_001,ドライフード,ドライフード,味違いはSKUで管理,A,マース系主要ブランド / 1商品単位に分割,https://www.mars.com/ja-jp/our-brands/petcare,true,カルカン ドライ 11歳から 猫 キャットフード,https://www.amazon.co.jp/s?k=%E3%82%AB%E3%83%AB%E3%82%AB%E3%83%B3+%E3%83%89%E3%83%A9%E3%82%A4+11%E6%AD%B3%E3%81%8B%E3%82%89+%E7%8C%AB+%E3%82%AD%E3%83%A3%E3%83%83%E3%83%88%E3%83%95%E3%83%BC%E3%83%89&i=pets,https://www.amazon.co.jp/s?k=%E3%82%AB%E3%83%AB%E3%82%AB%E3%83%B3+%E3%83%89%E3%83%A9%E3%82%A4+11%E6%AD%B3%E3%81%8B%E3%82%89+%E7%8C%AB+%E3%82%AD%E3%83%A3%E3%83%83%E3%83%88%E3%83%95%E3%83%BC%E3%83%89,,,search_url_generated,Amazon API未使用。検索結果から該当ASIN/商品URLを後で確認して差し替え。
product_0300,カルカン ドライ 15歳から,brand_016,カルカン,マース ジャパン,cat_food,フード,subcat_001,ドライフード,ドライフード,味違いはSKUで管理,A,マース系主要ブランド / 1商品単位に分割,https://www.mars.com/ja-jp/our-brands/petcare,true,カルカン ドライ 15歳から 猫 キャットフード,https://www.amazon.co.jp/s?k=%E3%82%AB%E3%83%AB%E3%82%AB%E3%83%B3+%E3%83%89%E3%83%A9%E3%82%A4+15%E6%AD%B3%E3%81%8B%E3%82%89+%E7%8C%AB+%E3%82%AD%E3%83%A3%E3%83%83%E3%83%88%E3%83%95%E3%83%BC%E3%83%89&i=pets,https://www.amazon.co.jp/s?k=%E3%82%AB%E3%83%AB%E3%82%AB%E3%83%B3+%E3%83%89%E3%83%A9%E3%82%A4+15%E6%AD%B3%E3%81%8B%E3%82%89+%E7%8C%AB+%E3%82%AD%E3%83%A3%E3%83%83%E3%83%88%E3%83%95%E3%83%BC%E3%83%89,,,search_url_generated,Amazon API未使用。検索結果から該当ASIN/商品URLを後で確認して差し替え。
product_0301,カルカン ドライ 18歳から,brand_016,カルカン,マース ジャパン,cat_food,フード,subcat_001,ドライフード,ドライフード,味違いはSKUで管理,A,マース系主要ブランド / 1商品単位に分割,https://www.mars.com/ja-jp/our-brands/petcare,true,カルカン ドライ 18歳から 猫 キャットフード,https://www.amazon.co.jp/s?k=%E3%82%AB%E3%83%AB%E3%82%AB%E3%83%B3+%E3%83%89%E3%83%A9%E3%82%A4+18%E6%AD%B3%E3%81%8B%E3%82%89+%E7%8C%AB+%E3%82%AD%E3%83%A3%E3%83%83%E3%83%88%E3%83%95%E3%83%BC%E3%83%89&i=pets,https://www.amazon.co.jp/s?k=%E3%82%AB%E3%83%AB%E3%82%AB%E3%83%B3+%E3%83%89%E3%83%A9%E3%82%A4+18%E6%AD%B3%E3%81%8B%E3%82%89+%E7%8C%AB+%E3%82%AD%E3%83%A3%E3%83%83%E3%83%88%E3%83%95%E3%83%BC%E3%83%89,,,search_url_generated,Amazon API未使用。検索結果から該当ASIN/商品URLを後で確認して差し替え。
product_0298,カルカン ドライ 8歳から,brand_016,カルカン,マース ジャパン,cat_food,フード,subcat_001,ドライフード,ドライフード,味違いはSKUで管理,A,マース系主要ブランド / 1商品単位に分割,https://www.mars.com/ja-jp/our-brands/petcare,true,カルカン ドライ 8歳から 猫 キャットフード,https://www.amazon.co.jp/s?k=%E3%82%AB%E3%83%AB%E3%82%AB%E3%83%B3+%E3%83%89%E3%83%A9%E3%82%A4+8%E6%AD%B3%E3%81%8B%E3%82%89+%E7%8C%AB+%E3%82%AD%E3%83%A3%E3%83%83%E3%83%88%E3%83%95%E3%83%BC%E3%83%89&i=pets,https://www.amazon.co.jp/s?k=%E3%82%AB%E3%83%AB%E3%82%AB%E3%83%B3+%E3%83%89%E3%83%A9%E3%82%A4+8%E6%AD%B3%E3%81%8B%E3%82%89+%E7%8C%AB+%E3%82%AD%E3%83%A3%E3%83%83%E3%83%88%E3%83%95%E3%83%BC%E3%83%89,,,search_url_generated,Amazon API未使用。検索結果から該当ASIN/商品URLを後で確認して差し替え。
product_0125,ドライ,brand_016,カルカン,マース ジャパン,cat_food,フード,subcat_001,ドライフード,シリーズ,味・年齢違いあり,A,マース系主要ブランド,https://www.mars.com/ja-jp/our-brands/petcare,true,カルカン ドライ 猫 キャットフード,https://www.amazon.co.jp/s?k=%E3%82%AB%E3%83%AB%E3%82%AB%E3%83%B3+%E3%83%89%E3%83%A9%E3%82%A4+%E7%8C%AB+%E3%82%AD%E3%83%A3%E3%83%83%E3%83%88%E3%83%95%E3%83%BC%E3%83%89&i=pets,https://www.amazon.co.jp/s?k=%E3%82%AB%E3%83%AB%E3%82%AB%E3%83%B3+%E3%83%89%E3%83%A9%E3%82%A4+%E7%8C%AB+%E3%82%AD%E3%83%A3%E3%83%83%E3%83%88%E3%83%95%E3%83%BC%E3%83%89,,,search_url_generated,Amazon API未使用。検索結果から該当ASIN/商品URLを後で確認して差し替え。
product_0126,子ねこ用,brand_016,カルカン,マース ジャパン,cat_food,フード,subcat_001,ドライフード,シリーズ,味・年齢違いあり,A,マース系主要ブランド,https://www.mars.com/ja-jp/our-brands/petcare,true,カルカン 子ねこ用 猫 キャットフード,https://www.amazon.co.jp/s?k=%E3%82%AB%E3%83%AB%E3%82%AB%E3%83%B3+%E5%AD%90%E3%81%AD%E3%81%93%E7%94%A8+%E7%8C%AB+%E3%82%AD%E3%83%A3%E3%83%83%E3%83%88%E3%83%95%E3%83%BC%E3%83%89&i=pets,https://www.amazon.co.jp/s?k=%E3%82%AB%E3%83%AB%E3%82%AB%E3%83%B3+%E5%AD%90%E3%81%AD%E3%81%93%E7%94%A8+%E7%8C%AB+%E3%82%AD%E3%83%A3%E3%83%83%E3%83%88%E3%83%95%E3%83%BC%E3%83%89,,,search_url_generated,Amazon API未使用。検索結果から該当ASIN/商品URLを後で確認して差し替え。
product_0173,カンガルー,brand_017,キアオラ / Kia Ora,各社/輸入元,cat_food,フード,subcat_001,ドライフード,シリーズ,味・容量違いあり,B,プレミアム/通販系。日本流通は販売店確認推奨,https://www.min-petkenko.com/premiumFood.php?mode=cat,true,キアオラ / Kia Ora カンガルー 猫 キャットフード,https://www.amazon.co.jp/s?k=%E3%82%AD%E3%82%A2%E3%82%AA%E3%83%A9+%2F+Kia+Ora+%E3%82%AB%E3%83%B3%E3%82%AC%E3%83%AB%E3%83%BC+%E7%8C%AB+%E3%82%AD%E3%83%A3%E3%83%83%E3%83%88%E3%83%95%E3%83%BC%E3%83%89&i=pets,https://www.amazon.co.jp/s?k=%E3%82%AD%E3%82%A2%E3%82%AA%E3%83%A9+%2F+Kia+Ora+%E3%82%AB%E3%83%B3%E3%82%AC%E3%83%AB%E3%83%BC+%E7%8C%AB+%E3%82%AD%E3%83%A3%E3%83%83%E3%83%88%E3%83%95%E3%83%BC%E3%83%89,,,search_url_generated,Amazon API未使用。検索結果から該当ASIN/商品URLを後で確認して差し替え。
product_0172,ビーフ&レバー,brand_017,キアオラ / Kia Ora,各社/輸入元,cat_food,フード,subcat_001,ドライフード,シリーズ,味・容量違いあり,B,プレミアム/通販系。日本流通は販売店確認推奨,https://www.min-petkenko.com/premiumFood.php?mode=cat,true,キアオラ / Kia Ora ビーフ&レバー 猫 キャットフード,https://www.amazon.co.jp/s?k=%E3%82%AD%E3%82%A2%E3%82%AA%E3%83%A9+%2F+Kia+Ora+%E3%83%93%E3%83%BC%E3%83%95%26%E3%83%AC%E3%83%90%E3%83%BC+%E7%8C%AB+%E3%82%AD%E3%83%A3%E3%83%83%E3%83%88%E3%83%95%E3%83%BC%E3%83%89&i=pets,https://www.amazon.co.jp/s?k=%E3%82%AD%E3%82%A2%E3%82%AA%E3%83%A9+%2F+Kia+Ora+%E3%83%93%E3%83%BC%E3%83%95%26%E3%83%AC%E3%83%90%E3%83%BC+%E7%8C%AB+%E3%82%AD%E3%83%A3%E3%83%83%E3%83%88%E3%83%95%E3%83%BC%E3%83%89,,,search_url_generated,Amazon API未使用。検索結果から該当ASIN/商品URLを後で確認して差し替え。
product_0171,ラム&レバー,brand_017,キアオラ / Kia Ora,各社/輸入元,cat_food,フード,subcat_001,ドライフード,シリーズ,味・容量違いあり,B,プレミアム/通販系。日本流通は販売店確認推奨,https://www.min-petkenko.com/premiumFood.php?mode=cat,true,キアオラ / Kia Ora ラム&レバー 猫 キャットフード,https://www.amazon.co.jp/s?k=%E3%82%AD%E3%82%A2%E3%82%AA%E3%83%A9+%2F+Kia+Ora+%E3%83%A9%E3%83%A0%26%E3%83%AC%E3%83%90%E3%83%BC+%E7%8C%AB+%E3%82%AD%E3%83%A3%E3%83%83%E3%83%88%E3%83%95%E3%83%BC%E3%83%89&i=pets,https://www.amazon.co.jp/s?k=%E3%82%AD%E3%82%A2%E3%82%AA%E3%83%A9+%2F+Kia+Ora+%E3%83%A9%E3%83%A0%26%E3%83%AC%E3%83%90%E3%83%BC+%E7%8C%AB+%E3%82%AD%E3%83%A3%E3%83%83%E3%83%88%E3%83%95%E3%83%BC%E3%83%89,,,search_url_generated,Amazon API未使用。検索結果から該当ASIN/商品URLを後で確認して差し替え。
product_0357,キャネットチップ,brand_071,キャネット,ペットライン,cat_food,フード,subcat_001,ドライフード,ドライフード,味・容量違いはSKUで管理,B,追加候補: ペットライン公式キャットフード一覧確認,https://www.petline.co.jp/cat/,true,キャネットチップ 猫 キャットフード,https://www.amazon.co.jp/s?k=%E3%82%AD%E3%83%A3%E3%83%8D%E3%83%83%E3%83%88%E3%83%81%E3%83%83%E3%83%97+%E7%8C%AB+%E3%82%AD%E3%83%A3%E3%83%83%E3%83%88%E3%83%95%E3%83%BC%E3%83%89&i=pets,https://www.amazon.co.jp/s?k=%E3%82%AD%E3%83%A3%E3%83%8D%E3%83%83%E3%83%88%E3%83%81%E3%83%83%E3%83%97+%E7%8C%AB+%E3%82%AD%E3%83%A3%E3%83%83%E3%83%88%E3%83%95%E3%83%BC%E3%83%89,,,search_url_generated,Amazon API未使用。検索結果から該当ASIN/商品URLを後で確認して差し替え。
product_0043,キャラット 5つの味,brand_019,キャラット,ペットライン,cat_food,フード,subcat_001,ドライフード,シリーズ,年齢/体質/味違いあり,A,国産フード系の主要ブランド,https://www.petline.co.jp/cat/,true,キャラット 5つの味 猫 キャットフード,https://www.amazon.co.jp/s?k=%E3%82%AD%E3%83%A3%E3%83%A9%E3%83%83%E3%83%88+5%E3%81%A4%E3%81%AE%E5%91%B3+%E7%8C%AB+%E3%82%AD%E3%83%A3%E3%83%83%E3%83%88%E3%83%95%E3%83%BC%E3%83%89&i=pets,https://www.amazon.co.jp/s?k=%E3%82%AD%E3%83%A3%E3%83%A9%E3%83%83%E3%83%88+5%E3%81%A4%E3%81%AE%E5%91%B3+%E7%8C%AB+%E3%82%AD%E3%83%A3%E3%83%83%E3%83%88%E3%83%95%E3%83%BC%E3%83%89,,,search_url_generated,Amazon API未使用。検索結果から該当ASIN/商品URLを後で確認して差し替え。
product_0041,キャラットミックス,brand_019,キャラット,ペットライン,cat_food,フード,subcat_001,ドライフード,シリーズ,年齢/体質/味違いあり,A,国産フード系の主要ブランド,https://www.petline.co.jp/cat/,true,キャラットミックス 猫 キャットフード,https://www.amazon.co.jp/s?k=%E3%82%AD%E3%83%A3%E3%83%A9%E3%83%83%E3%83%88%E3%83%9F%E3%83%83%E3%82%AF%E3%82%B9+%E7%8C%AB+%E3%82%AD%E3%83%A3%E3%83%83%E3%83%88%E3%83%95%E3%83%BC%E3%83%89&i=pets,https://www.amazon.co.jp/s?k=%E3%82%AD%E3%83%A3%E3%83%A9%E3%83%83%E3%83%88%E3%83%9F%E3%83%83%E3%82%AF%E3%82%B9+%E7%8C%AB+%E3%82%AD%E3%83%A3%E3%83%83%E3%83%88%E3%83%95%E3%83%BC%E3%83%89,,,search_url_generated,Amazon API未使用。検索結果から該当ASIN/商品URLを後で確認して差し替え。
product_0042,キャラットミックス ネオ,brand_019,キャラット,ペットライン,cat_food,フード,subcat_001,ドライフード,シリーズ,年齢/体質/味違いあり,A,国産フード系の主要ブランド,https://www.petline.co.jp/cat/,true,キャラットミックス ネオ 猫 キャットフード,https://www.amazon.co.jp/s?k=%E3%82%AD%E3%83%A3%E3%83%A9%E3%83%83%E3%83%88%E3%83%9F%E3%83%83%E3%82%AF%E3%82%B9+%E3%83%8D%E3%82%AA+%E7%8C%AB+%E3%82%AD%E3%83%A3%E3%83%83%E3%83%88%E3%83%95%E3%83%BC%E3%83%89&i=pets,https://www.amazon.co.jp/s?k=%E3%82%AD%E3%83%A3%E3%83%A9%E3%83%83%E3%83%88%E3%83%9F%E3%83%83%E3%82%AF%E3%82%B9+%E3%83%8D%E3%82%AA+%E7%8C%AB+%E3%82%AD%E3%83%A3%E3%83%83%E3%83%88%E3%83%95%E3%83%BC%E3%83%89,,,search_url_generated,Amazon API未使用。検索結果から該当ASIN/商品URLを後で確認して差し替え。
product_0177,クラシック キャット,brand_020,クプレラ,各社/輸入元,cat_food,フード,subcat_001,ドライフード,シリーズ,味・容量違いあり,B,プレミアム/通販系。日本流通は販売店確認推奨,https://www.min-petkenko.com/premiumFood.php?mode=cat,true,クプレラ クラシック キャット 猫 キャットフード,https://www.amazon.co.jp/s?k=%E3%82%AF%E3%83%97%E3%83%AC%E3%83%A9+%E3%82%AF%E3%83%A9%E3%82%B7%E3%83%83%E3%82%AF+%E3%82%AD%E3%83%A3%E3%83%83%E3%83%88+%E7%8C%AB+%E3%82%AD%E3%83%A3%E3%83%83%E3%83%88%E3%83%95%E3%83%BC%E3%83%89&i=pets,https://www.amazon.co.jp/s?k=%E3%82%AF%E3%83%97%E3%83%AC%E3%83%A9+%E3%82%AF%E3%83%A9%E3%82%B7%E3%83%83%E3%82%AF+%E3%82%AD%E3%83%A3%E3%83%83%E3%83%88+%E7%8C%AB+%E3%82%AD%E3%83%A3%E3%83%83%E3%83%88%E3%83%95%E3%83%BC%E3%83%89,,,search_url_generated,Amazon API未使用。検索結果から該当ASIN/商品URLを後で確認して差し替え。
product_0176,ホリスティックグレインフリー キャット,brand_020,クプレラ,各社/輸入元,cat_food,フード,subcat_001,ドライフード,シリーズ,味・容量違いあり,B,プレミアム/通販系。日本流通は販売店確認推奨,https://www.min-petkenko.com/premiumFood.php?mode=cat,true,クプレラ ホリスティックグレインフリー キャット 猫 キャットフード,https://www.amazon.co.jp/s?k=%E3%82%AF%E3%83%97%E3%83%AC%E3%83%A9+%E3%83%9B%E3%83%AA%E3%82%B9%E3%83%86%E3%82%A3%E3%83%83%E3%82%AF%E3%82%B0%E3%83%AC%E3%82%A4%E3%83%B3%E3%83%95%E3%83%AA%E3%83%BC+%E3%82%AD%E3%83%A3%E3%83%83%E3%83%88+%E7%8C%AB+%E3%82%AD%E3%83%A3%E3%83%83%E3%83%88%E3%83%95%E3%83%BC%E3%83%89&i=pets,https://www.amazon.co.jp/s?k=%E3%82%AF%E3%83%97%E3%83%AC%E3%83%A9+%E3%83%9B%E3%83%AA%E3%82%B9%E3%83%86%E3%82%A3%E3%83%83%E3%82%AF%E3%82%B0%E3%83%AC%E3%82%A4%E3%83%B3%E3%83%95%E3%83%AA%E3%83%BC+%E3%82%AD%E3%83%A3%E3%83%83%E3%83%88+%E7%8C%AB+%E3%82%AD%E3%83%A3%E3%83%83%E3%83%88%E3%83%95%E3%83%BC%E3%83%89,,,search_url_generated,Amazon API未使用。検索結果から該当ASIN/商品URLを後で確認して差し替え。
product_0203,サーモン,brand_021,グランツ,各社/輸入元,cat_food,フード,subcat_001,ドライフード,シリーズ,味・容量違いあり,B,プレミアム/通販系。日本流通は販売店確認推奨,https://www.min-petkenko.com/premiumFood.php?mode=cat,true,グランツ サーモン 猫 キャットフード,https://www.amazon.co.jp/s?k=%E3%82%B0%E3%83%A9%E3%83%B3%E3%83%84+%E3%82%B5%E3%83%BC%E3%83%A2%E3%83%B3+%E7%8C%AB+%E3%82%AD%E3%83%A3%E3%83%83%E3%83%88%E3%83%95%E3%83%BC%E3%83%89&i=pets,https://www.amazon.co.jp/s?k=%E3%82%B0%E3%83%A9%E3%83%B3%E3%83%84+%E3%82%B5%E3%83%BC%E3%83%A2%E3%83%B3+%E7%8C%AB+%E3%82%AD%E3%83%A3%E3%83%83%E3%83%88%E3%83%95%E3%83%BC%E3%83%89,,,search_url_generated,Amazon API未使用。検索結果から該当ASIN/商品URLを後で確認して差し替え。
product_0202,チキン,brand_021,グランツ,各社/輸入元,cat_food,フード,subcat_001,ドライフード,シリーズ,味・容量違いあり,B,プレミアム/通販系。日本流通は販売店確認推奨,https://www.min-petkenko.com/premiumFood.php?mode=cat,true,グランツ チキン 猫 キャットフード,https://www.amazon.co.jp/s?k=%E3%82%B0%E3%83%A9%E3%83%B3%E3%83%84+%E3%83%81%E3%82%AD%E3%83%B3+%E7%8C%AB+%E3%82%AD%E3%83%A3%E3%83%83%E3%83%88%E3%83%95%E3%83%BC%E3%83%89&i=pets,https://www.amazon.co.jp/s?k=%E3%82%B0%E3%83%A9%E3%83%B3%E3%83%84+%E3%83%81%E3%82%AD%E3%83%B3+%E7%8C%AB+%E3%82%AD%E3%83%A3%E3%83%83%E3%83%88%E3%83%95%E3%83%BC%E3%83%89,,,search_url_generated,Amazon API未使用。検索結果から該当ASIN/商品URLを後で確認して差し替え。
product_0201,チキン&サーモン,brand_021,グランツ,各社/輸入元,cat_food,フード,subcat_001,ドライフード,シリーズ,味・容量違いあり,B,プレミアム/通販系。日本流通は販売店確認推奨,https://www.min-petkenko.com/premiumFood.php?mode=cat,true,グランツ チキン&サーモン 猫 キャットフード,https://www.amazon.co.jp/s?k=%E3%82%B0%E3%83%A9%E3%83%B3%E3%83%84+%E3%83%81%E3%82%AD%E3%83%B3%26%E3%82%B5%E3%83%BC%E3%83%A2%E3%83%B3+%E7%8C%AB+%E3%82%AD%E3%83%A3%E3%83%83%E3%83%88%E3%83%95%E3%83%BC%E3%83%89&i=pets,https://www.amazon.co.jp/s?k=%E3%82%B0%E3%83%A9%E3%83%B3%E3%83%84+%E3%83%81%E3%82%AD%E3%83%B3%26%E3%82%B5%E3%83%BC%E3%83%A2%E3%83%B3+%E7%8C%AB+%E3%82%AD%E3%83%A3%E3%83%83%E3%83%88%E3%83%95%E3%83%BC%E3%83%89,,,search_url_generated,Amazon API未使用。検索結果から該当ASIN/商品URLを後で確認して差し替え。
product_0052,コンボ キャット ドライ,brand_023,コンボ,日本ペットフード,cat_food,フード,subcat_001,ドライフード,シリーズ,年齢・健康ニーズ別,A,日本ペットフードの猫用主要カテゴリ,https://www.npf.co.jp/cat-products,true,コンボ キャット ドライ 猫 キャットフード,https://www.amazon.co.jp/s?k=%E3%82%B3%E3%83%B3%E3%83%9C+%E3%82%AD%E3%83%A3%E3%83%83%E3%83%88+%E3%83%89%E3%83%A9%E3%82%A4+%E7%8C%AB+%E3%82%AD%E3%83%A3%E3%83%83%E3%83%88%E3%83%95%E3%83%BC%E3%83%89&i=pets,https://www.amazon.co.jp/s?k=%E3%82%B3%E3%83%B3%E3%83%9C+%E3%82%AD%E3%83%A3%E3%83%83%E3%83%88+%E3%83%89%E3%83%A9%E3%82%A4+%E7%8C%AB+%E3%82%AD%E3%83%A3%E3%83%83%E3%83%88%E3%83%95%E3%83%BC%E3%83%89,,,search_url_generated,Amazon API未使用。検索結果から該当ASIN/商品URLを後で確認して差し替え。
product_0054,コンボ キャット 下部尿路の健康維持,brand_023,コンボ,日本ペットフード,cat_food,フード,subcat_001,ドライフード,シリーズ,年齢・健康ニーズ別,A,日本ペットフードの猫用主要カテゴリ,https://www.npf.co.jp/cat-products,true,コンボ キャット 下部尿路の健康維持 猫 キャットフード,https://www.amazon.co.jp/s?k=%E3%82%B3%E3%83%B3%E3%83%9C+%E3%82%AD%E3%83%A3%E3%83%83%E3%83%88+%E4%B8%8B%E9%83%A8%E5%B0%BF%E8%B7%AF%E3%81%AE%E5%81%A5%E5%BA%B7%E7%B6%AD%E6%8C%81+%E7%8C%AB+%E3%82%AD%E3%83%A3%E3%83%83%E3%83%88%E3%83%95%E3%83%BC%E3%83%89&i=pets,https://www.amazon.co.jp/s?k=%E3%82%B3%E3%83%B3%E3%83%9C+%E3%82%AD%E3%83%A3%E3%83%83%E3%83%88+%E4%B8%8B%E9%83%A8%E5%B0%BF%E8%B7%AF%E3%81%AE%E5%81%A5%E5%BA%B7%E7%B6%AD%E6%8C%81+%E7%8C%AB+%E3%82%AD%E3%83%A3%E3%83%83%E3%83%88%E3%83%95%E3%83%BC%E3%83%89,,,search_url_generated,Amazon API未使用。検索結果から該当ASIN/商品URLを後で確認して差し替え。
product_0053,コンボ キャット 毛玉対応,brand_023,コンボ,日本ペットフード,cat_food,フード,subcat_001,ドライフード,シリーズ,年齢・健康ニーズ別,A,日本ペットフードの猫用主要カテゴリ,https://www.npf.co.jp/cat-products,true,コンボ キャット 毛玉対応 猫 キャットフード,https://www.amazon.co.jp/s?k=%E3%82%B3%E3%83%B3%E3%83%9C+%E3%82%AD%E3%83%A3%E3%83%83%E3%83%88+%E6%AF%9B%E7%8E%89%E5%AF%BE%E5%BF%9C+%E7%8C%AB+%E3%82%AD%E3%83%A3%E3%83%83%E3%83%88%E3%83%95%E3%83%BC%E3%83%89&i=pets,https://www.amazon.co.jp/s?k=%E3%82%B3%E3%83%B3%E3%83%9C+%E3%82%AD%E3%83%A3%E3%83%83%E3%83%88+%E6%AF%9B%E7%8E%89%E5%AF%BE%E5%BF%9C+%E7%8C%AB+%E3%82%AD%E3%83%A3%E3%83%83%E3%83%88%E3%83%95%E3%83%BC%E3%83%89,,,search_url_generated,Amazon API未使用。検索結果から該当ASIN/商品URLを後で確認して差し替え。
product_0057,コンボ ピュア ドライ,brand_024,コンボ ピュア,日本ペットフード,cat_food,フード,subcat_001,ドライフード,シリーズ,年齢・健康ニーズ別,B,日本ペットフードの猫用主要カテゴリ,https://www.npf.co.jp/cat-products,true,コンボ ピュア ドライ 猫 キャットフード,https://www.amazon.co.jp/s?k=%E3%82%B3%E3%83%B3%E3%83%9C+%E3%83%94%E3%83%A5%E3%82%A2+%E3%83%89%E3%83%A9%E3%82%A4+%E7%8C%AB+%E3%82%AD%E3%83%A3%E3%83%83%E3%83%88%E3%83%95%E3%83%BC%E3%83%89&i=pets,https://www.amazon.co.jp/s?k=%E3%82%B3%E3%83%B3%E3%83%9C+%E3%83%94%E3%83%A5%E3%82%A2+%E3%83%89%E3%83%A9%E3%82%A4+%E7%8C%AB+%E3%82%AD%E3%83%A3%E3%83%83%E3%83%88%E3%83%95%E3%83%BC%E3%83%89,,,search_url_generated,Amazon API未使用。検索結果から該当ASIN/商品URLを後で確認して差し替え。
product_0128,シーバ デュオ,brand_025,シーバ,マース ジャパン,cat_food,フード,subcat_001,ドライフード,シリーズ,味・年齢違いあり,A,マース系主要ブランド,https://www.mars.com/ja-jp/our-brands/petcare,true,シーバ デュオ 猫 キャットフード,https://www.amazon.co.jp/s?k=%E3%82%B7%E3%83%BC%E3%83%90+%E3%83%87%E3%83%A5%E3%82%AA+%E7%8C%AB+%E3%82%AD%E3%83%A3%E3%83%83%E3%83%88%E3%83%95%E3%83%BC%E3%83%89&i=pets,https://www.amazon.co.jp/s?k=%E3%82%B7%E3%83%BC%E3%83%90+%E3%83%87%E3%83%A5%E3%82%AA+%E7%8C%AB+%E3%82%AD%E3%83%A3%E3%83%83%E3%83%88%E3%83%95%E3%83%BC%E3%83%89,,,search_url_generated,Amazon API未使用。検索結果から該当ASIN/商品URLを後で確認して差し替え。
product_0169,エアドライ キャット,brand_026,ジウィ / ZIWI,各社/輸入元,cat_food,フード,subcat_001,ドライフード,シリーズ,味・容量違いあり,B,プレミアム/通販系。日本流通は販売店確認推奨,https://www.min-petkenko.com/premiumFood.php?mode=cat,true,ジウィ / ZIWI エアドライ キャット 猫 キャットフード,https://www.amazon.co.jp/s?k=%E3%82%B8%E3%82%A6%E3%82%A3+%2F+ZIWI+%E3%82%A8%E3%82%A2%E3%83%89%E3%83%A9%E3%82%A4+%E3%82%AD%E3%83%A3%E3%83%83%E3%83%88+%E7%8C%AB+%E3%82%AD%E3%83%A3%E3%83%83%E3%83%88%E3%83%95%E3%83%BC%E3%83%89&i=pets,https://www.amazon.co.jp/s?k=%E3%82%B8%E3%82%A6%E3%82%A3+%2F+ZIWI+%E3%82%A8%E3%82%A2%E3%83%89%E3%83%A9%E3%82%A4+%E3%82%AD%E3%83%A3%E3%83%83%E3%83%88+%E7%8C%AB+%E3%82%AD%E3%83%A3%E3%83%83%E3%83%88%E3%83%95%E3%83%BC%E3%83%89,,,search_url_generated,Amazon API未使用。検索結果から該当ASIN/商品URLを後で確認して差し替え。
product_0348,ミネット グレインフリー かつお節添え,brand_070,スマック,スマック,cat_food,フード,subcat_001,ドライフード,ドライフード,容量違いはSKUで管理,B,追加候補: スマック/ミネット公式商品確認,https://www.smack.co.jp/cat_food/minette_gf.html,true,スマック ミネット グレインフリー かつお節添え 猫 キャットフード,https://www.amazon.co.jp/s?k=%E3%82%B9%E3%83%9E%E3%83%83%E3%82%AF+%E3%83%9F%E3%83%8D%E3%83%83%E3%83%88+%E3%82%B0%E3%83%AC%E3%82%A4%E3%83%B3%E3%83%95%E3%83%AA%E3%83%BC+%E3%81%8B%E3%81%A4%E3%81%8A%E7%AF%80%E6%B7%BB%E3%81%88+%E7%8C%AB+%E3%82%AD%E3%83%A3%E3%83%83%E3%83%88%E3%83%95%E3%83%BC%E3%83%89&i=pets,https://www.amazon.co.jp/s?k=%E3%82%B9%E3%83%9E%E3%83%83%E3%82%AF+%E3%83%9F%E3%83%8D%E3%83%83%E3%83%88+%E3%82%B0%E3%83%AC%E3%82%A4%E3%83%B3%E3%83%95%E3%83%AA%E3%83%BC+%E3%81%8B%E3%81%A4%E3%81%8A%E7%AF%80%E6%B7%BB%E3%81%88+%E7%8C%AB+%E3%82%AD%E3%83%A3%E3%83%83%E3%83%88%E3%83%95%E3%83%BC%E3%83%89,,,search_url_generated,Amazon API未使用。検索結果から該当ASIN/商品URLを後で確認して差し替え。
product_0349,ミネット グレインフリー まぐろチップ添え,brand_070,スマック,スマック,cat_food,フード,subcat_001,ドライフード,ドライフード,容量違いはSKUで管理,B,追加候補: スマック/ミネット公式商品確認,https://www.smack.co.jp/cat_food/minette_gf.html,true,スマック ミネット グレインフリー まぐろチップ添え 猫 キャットフード,https://www.amazon.co.jp/s?k=%E3%82%B9%E3%83%9E%E3%83%83%E3%82%AF+%E3%83%9F%E3%83%8D%E3%83%83%E3%83%88+%E3%82%B0%E3%83%AC%E3%82%A4%E3%83%B3%E3%83%95%E3%83%AA%E3%83%BC+%E3%81%BE%E3%81%90%E3%82%8D%E3%83%81%E3%83%83%E3%83%97%E6%B7%BB%E3%81%88+%E7%8C%AB+%E3%82%AD%E3%83%A3%E3%83%83%E3%83%88%E3%83%95%E3%83%BC%E3%83%89&i=pets,https://www.amazon.co.jp/s?k=%E3%82%B9%E3%83%9E%E3%83%83%E3%82%AF+%E3%83%9F%E3%83%8D%E3%83%83%E3%83%88+%E3%82%B0%E3%83%AC%E3%82%A4%E3%83%B3%E3%83%95%E3%83%AA%E3%83%BC+%E3%81%BE%E3%81%90%E3%82%8D%E3%83%81%E3%83%83%E3%83%97%E6%B7%BB%E3%81%88+%E7%8C%AB+%E3%82%AD%E3%83%A3%E3%83%83%E3%83%88%E3%83%95%E3%83%BC%E3%83%89,,,search_url_generated,Amazon API未使用。検索結果から該当ASIN/商品URLを後で確認して差し替え。
product_0346,ミネット グレインフリー 国産かつお節添え 140g,brand_070,スマック,スマック,cat_food,フード,subcat_001,ドライフード,ドライフード,容量違いはSKUで管理,B,追加候補: スマック/ミネット公式商品確認,https://www.smack.co.jp/cat_food/minette_4p_gf.html,true,スマック ミネット グレインフリー 国産かつお節添え 140g 猫 キャットフード,https://www.amazon.co.jp/s?k=%E3%82%B9%E3%83%9E%E3%83%83%E3%82%AF+%E3%83%9F%E3%83%8D%E3%83%83%E3%83%88+%E3%82%B0%E3%83%AC%E3%82%A4%E3%83%B3%E3%83%95%E3%83%AA%E3%83%BC+%E5%9B%BD%E7%94%A3%E3%81%8B%E3%81%A4%E3%81%8A%E7%AF%80%E6%B7%BB%E3%81%88+140g+%E7%8C%AB+%E3%82%AD%E3%83%A3%E3%83%83%E3%83%88%E3%83%95%E3%83%BC%E3%83%89&i=pets,https://www.amazon.co.jp/s?k=%E3%82%B9%E3%83%9E%E3%83%83%E3%82%AF+%E3%83%9F%E3%83%8D%E3%83%83%E3%83%88+%E3%82%B0%E3%83%AC%E3%82%A4%E3%83%B3%E3%83%95%E3%83%AA%E3%83%BC+%E5%9B%BD%E7%94%A3%E3%81%8B%E3%81%A4%E3%81%8A%E7%AF%80%E6%B7%BB%E3%81%88+140g+%E7%8C%AB+%E3%82%AD%E3%83%A3%E3%83%83%E3%83%88%E3%83%95%E3%83%BC%E3%83%89,,,search_url_generated,Amazon API未使用。検索結果から該当ASIN/商品URLを後で確認して差し替え。
product_0347,ミネット グレインフリー 国産まぐろチップ添え 140g,brand_070,スマック,スマック,cat_food,フード,subcat_001,ドライフード,ドライフード,容量違いはSKUで管理,B,追加候補: スマック/ミネット公式商品確認,https://www.smack.co.jp/cat_food/minette_4p_gf.html,true,スマック ミネット グレインフリー 国産まぐろチップ添え 140g 猫 キャットフード,https://www.amazon.co.jp/s?k=%E3%82%B9%E3%83%9E%E3%83%83%E3%82%AF+%E3%83%9F%E3%83%8D%E3%83%83%E3%83%88+%E3%82%B0%E3%83%AC%E3%82%A4%E3%83%B3%E3%83%95%E3%83%AA%E3%83%BC+%E5%9B%BD%E7%94%A3%E3%81%BE%E3%81%90%E3%82%8D%E3%83%81%E3%83%83%E3%83%97%E6%B7%BB%E3%81%88+140g+%E7%8C%AB+%E3%82%AD%E3%83%A3%E3%83%83%E3%83%88%E3%83%95%E3%83%BC%E3%83%89&i=pets,https://www.amazon.co.jp/s?k=%E3%82%B9%E3%83%9E%E3%83%83%E3%82%AF+%E3%83%9F%E3%83%8D%E3%83%83%E3%83%88+%E3%82%B0%E3%83%AC%E3%82%A4%E3%83%B3%E3%83%95%E3%83%AA%E3%83%BC+%E5%9B%BD%E7%94%A3%E3%81%BE%E3%81%90%E3%82%8D%E3%83%81%E3%83%83%E3%83%97%E6%B7%BB%E3%81%88+140g+%E7%8C%AB+%E3%82%AD%E3%83%A3%E3%83%83%E3%83%88%E3%83%95%E3%83%BC%E3%83%89,,,search_url_generated,Amazon API未使用。検索結果から該当ASIN/商品URLを後で確認して差し替え。
product_0183,アダルト チキン,brand_028,セレクトバランス,各社/輸入元,cat_food,フード,subcat_001,ドライフード,シリーズ,味・容量違いあり,B,プレミアム/通販系。日本流通は販売店確認推奨,https://www.min-petkenko.com/premiumFood.php?mode=cat,true,セレクトバランス アダルト チキン 猫 キャットフード,https://www.amazon.co.jp/s?k=%E3%82%BB%E3%83%AC%E3%82%AF%E3%83%88%E3%83%90%E3%83%A9%E3%83%B3%E3%82%B9+%E3%82%A2%E3%83%80%E3%83%AB%E3%83%88+%E3%83%81%E3%82%AD%E3%83%B3+%E7%8C%AB+%E3%82%AD%E3%83%A3%E3%83%83%E3%83%88%E3%83%95%E3%83%BC%E3%83%89&i=pets,https://www.amazon.co.jp/s?k=%E3%82%BB%E3%83%AC%E3%82%AF%E3%83%88%E3%83%90%E3%83%A9%E3%83%B3%E3%82%B9+%E3%82%A2%E3%83%80%E3%83%AB%E3%83%88+%E3%83%81%E3%82%AD%E3%83%B3+%E7%8C%AB+%E3%82%AD%E3%83%A3%E3%83%83%E3%83%88%E3%83%95%E3%83%BC%E3%83%89,,,search_url_generated,Amazon API未使用。検索結果から該当ASIN/商品URLを後で確認して差し替え。
product_0184,キトン チキン,brand_028,セレクトバランス,各社/輸入元,cat_food,フード,subcat_001,ドライフード,シリーズ,味・容量違いあり,B,プレミアム/通販系。日本流通は販売店確認推奨,https://www.min-petkenko.com/premiumFood.php?mode=cat,true,セレクトバランス キトン チキン 猫 キャットフード,https://www.amazon.co.jp/s?k=%E3%82%BB%E3%83%AC%E3%82%AF%E3%83%88%E3%83%90%E3%83%A9%E3%83%B3%E3%82%B9+%E3%82%AD%E3%83%88%E3%83%B3+%E3%83%81%E3%82%AD%E3%83%B3+%E7%8C%AB+%E3%82%AD%E3%83%A3%E3%83%83%E3%83%88%E3%83%95%E3%83%BC%E3%83%89&i=pets,https://www.amazon.co.jp/s?k=%E3%82%BB%E3%83%AC%E3%82%AF%E3%83%88%E3%83%90%E3%83%A9%E3%83%B3%E3%82%B9+%E3%82%AD%E3%83%88%E3%83%B3+%E3%83%81%E3%82%AD%E3%83%B3+%E7%8C%AB+%E3%82%AD%E3%83%A3%E3%83%83%E3%83%88%E3%83%95%E3%83%BC%E3%83%89,,,search_url_generated,Amazon API未使用。検索結果から該当ASIN/商品URLを後で確認して差し替え。
product_0185,スリム チキン,brand_028,セレクトバランス,各社/輸入元,cat_food,フード,subcat_001,ドライフード,シリーズ,味・容量違いあり,B,プレミアム/通販系。日本流通は販売店確認推奨,https://www.min-petkenko.com/premiumFood.php?mode=cat,true,セレクトバランス スリム チキン 猫 キャットフード,https://www.amazon.co.jp/s?k=%E3%82%BB%E3%83%AC%E3%82%AF%E3%83%88%E3%83%90%E3%83%A9%E3%83%B3%E3%82%B9+%E3%82%B9%E3%83%AA%E3%83%A0+%E3%83%81%E3%82%AD%E3%83%B3+%E7%8C%AB+%E3%82%AD%E3%83%A3%E3%83%83%E3%83%88%E3%83%95%E3%83%BC%E3%83%89&i=pets,https://www.amazon.co.jp/s?k=%E3%82%BB%E3%83%AC%E3%82%AF%E3%83%88%E3%83%90%E3%83%A9%E3%83%B3%E3%82%B9+%E3%82%B9%E3%83%AA%E3%83%A0+%E3%83%81%E3%82%AD%E3%83%B3+%E7%8C%AB+%E3%82%AD%E3%83%A3%E3%83%83%E3%83%88%E3%83%95%E3%83%BC%E3%83%89,,,search_url_generated,Amazon API未使用。検索結果から該当ASIN/商品URLを後で確認して差し替え。
product_0181,インディゴムーン,brand_029,ソリッドゴールド,各社/輸入元,cat_food,フード,subcat_001,ドライフード,シリーズ,味・容量違いあり,B,プレミアム/通販系。日本流通は販売店確認推奨,https://www.min-petkenko.com/premiumFood.php?mode=cat,true,ソリッドゴールド インディゴムーン 猫 キャットフード,https://www.amazon.co.jp/s?k=%E3%82%BD%E3%83%AA%E3%83%83%E3%83%89%E3%82%B4%E3%83%BC%E3%83%AB%E3%83%89+%E3%82%A4%E3%83%B3%E3%83%87%E3%82%A3%E3%82%B4%E3%83%A0%E3%83%BC%E3%83%B3+%E7%8C%AB+%E3%82%AD%E3%83%A3%E3%83%83%E3%83%88%E3%83%95%E3%83%BC%E3%83%89&i=pets,https://www.amazon.co.jp/s?k=%E3%82%BD%E3%83%AA%E3%83%83%E3%83%89%E3%82%B4%E3%83%BC%E3%83%AB%E3%83%89+%E3%82%A4%E3%83%B3%E3%83%87%E3%82%A3%E3%82%B4%E3%83%A0%E3%83%BC%E3%83%B3+%E7%8C%AB+%E3%82%AD%E3%83%A3%E3%83%83%E3%83%88%E3%83%95%E3%83%BC%E3%83%89,,,search_url_generated,Amazon API未使用。検索結果から該当ASIN/商品URLを後で確認して差し替え。
product_0182,カッツフラッケン,brand_029,ソリッドゴールド,各社/輸入元,cat_food,フード,subcat_001,ドライフード,シリーズ,味・容量違いあり,B,プレミアム/通販系。日本流通は販売店確認推奨,https://www.min-petkenko.com/premiumFood.php?mode=cat,true,ソリッドゴールド カッツフラッケン 猫 キャットフード,https://www.amazon.co.jp/s?k=%E3%82%BD%E3%83%AA%E3%83%83%E3%83%89%E3%82%B4%E3%83%BC%E3%83%AB%E3%83%89+%E3%82%AB%E3%83%83%E3%83%84%E3%83%95%E3%83%A9%E3%83%83%E3%82%B1%E3%83%B3+%E7%8C%AB+%E3%82%AD%E3%83%A3%E3%83%83%E3%83%88%E3%83%95%E3%83%BC%E3%83%89&i=pets,https://www.amazon.co.jp/s?k=%E3%82%BD%E3%83%AA%E3%83%83%E3%83%89%E3%82%B4%E3%83%BC%E3%83%AB%E3%83%89+%E3%82%AB%E3%83%83%E3%83%84%E3%83%95%E3%83%A9%E3%83%83%E3%82%B1%E3%83%B3+%E7%8C%AB+%E3%82%AD%E3%83%A3%E3%83%83%E3%83%88%E3%83%95%E3%83%BC%E3%83%89,,,search_url_generated,Amazon API未使用。検索結果から該当ASIN/商品URLを後で確認して差し替え。
product_0187,キトン,brand_033,ナウフレッシュ,各社/輸入元,cat_food,フード,subcat_001,ドライフード,シリーズ,味・容量違いあり,B,プレミアム/通販系。日本流通は販売店確認推奨,https://www.min-petkenko.com/premiumFood.php?mode=cat,true,ナウフレッシュ キトン 猫 キャットフード,https://www.amazon.co.jp/s?k=%E3%83%8A%E3%82%A6%E3%83%95%E3%83%AC%E3%83%83%E3%82%B7%E3%83%A5+%E3%82%AD%E3%83%88%E3%83%B3+%E7%8C%AB+%E3%82%AD%E3%83%A3%E3%83%83%E3%83%88%E3%83%95%E3%83%BC%E3%83%89&i=pets,https://www.amazon.co.jp/s?k=%E3%83%8A%E3%82%A6%E3%83%95%E3%83%AC%E3%83%83%E3%82%B7%E3%83%A5+%E3%82%AD%E3%83%88%E3%83%B3+%E7%8C%AB+%E3%82%AD%E3%83%A3%E3%83%83%E3%83%88%E3%83%95%E3%83%BC%E3%83%89,,,search_url_generated,Amazon API未使用。検索結果から該当ASIN/商品URLを後で確認して差し替え。
product_0186,グレインフリー アダルトキャット,brand_033,ナウフレッシュ,各社/輸入元,cat_food,フード,subcat_001,ドライフード,シリーズ,味・容量違いあり,B,プレミアム/通販系。日本流通は販売店確認推奨,https://www.min-petkenko.com/premiumFood.php?mode=cat,true,ナウフレッシュ グレインフリー アダルトキャット 猫 キャットフード,https://www.amazon.co.jp/s?k=%E3%83%8A%E3%82%A6%E3%83%95%E3%83%AC%E3%83%83%E3%82%B7%E3%83%A5+%E3%82%B0%E3%83%AC%E3%82%A4%E3%83%B3%E3%83%95%E3%83%AA%E3%83%BC+%E3%82%A2%E3%83%80%E3%83%AB%E3%83%88%E3%82%AD%E3%83%A3%E3%83%83%E3%83%88+%E7%8C%AB+%E3%82%AD%E3%83%A3%E3%83%83%E3%83%88%E3%83%95%E3%83%BC%E3%83%89&i=pets,https://www.amazon.co.jp/s?k=%E3%83%8A%E3%82%A6%E3%83%95%E3%83%AC%E3%83%83%E3%82%B7%E3%83%A5+%E3%82%B0%E3%83%AC%E3%82%A4%E3%83%B3%E3%83%95%E3%83%AA%E3%83%BC+%E3%82%A2%E3%83%80%E3%83%AB%E3%83%88%E3%82%AD%E3%83%A3%E3%83%83%E3%83%88+%E7%8C%AB+%E3%82%AD%E3%83%A3%E3%83%83%E3%83%88%E3%83%95%E3%83%BC%E3%83%89,,,search_url_generated,Amazon API未使用。検索結果から該当ASIN/商品URLを後で確認して差し替え。
product_0188,シニア,brand_033,ナウフレッシュ,各社/輸入元,cat_food,フード,subcat_001,ドライフード,シリーズ,味・容量違いあり,B,プレミアム/通販系。日本流通は販売店確認推奨,https://www.min-petkenko.com/premiumFood.php?mode=cat,true,ナウフレッシュ シニア 猫 キャットフード,https://www.amazon.co.jp/s?k=%E3%83%8A%E3%82%A6%E3%83%95%E3%83%AC%E3%83%83%E3%82%B7%E3%83%A5+%E3%82%B7%E3%83%8B%E3%82%A2+%E7%8C%AB+%E3%82%AD%E3%83%A3%E3%83%83%E3%83%88%E3%83%95%E3%83%BC%E3%83%89&i=pets,https://www.amazon.co.jp/s?k=%E3%83%8A%E3%82%A6%E3%83%95%E3%83%AC%E3%83%83%E3%82%B7%E3%83%A5+%E3%82%B7%E3%83%8B%E3%82%A2+%E7%8C%AB+%E3%82%AD%E3%83%A3%E3%83%83%E3%83%88%E3%83%95%E3%83%BC%E3%83%89,,,search_url_generated,Amazon API未使用。検索結果から該当ASIN/商品URLを後で確認して差し替え。
product_0143,キトン,brand_037,ニュートロ ナチュラルチョイス,マース ジャパン,cat_food,フード,subcat_001,ドライフード,シリーズ,味・年齢違いあり,A,マース系主要ブランド,https://store.nutro.jp/,true,ニュートロ ナチュラルチョイス キトン 猫 キャットフード,https://www.amazon.co.jp/s?k=%E3%83%8B%E3%83%A5%E3%83%BC%E3%83%88%E3%83%AD+%E3%83%8A%E3%83%81%E3%83%A5%E3%83%A9%E3%83%AB%E3%83%81%E3%83%A7%E3%82%A4%E3%82%B9+%E3%82%AD%E3%83%88%E3%83%B3+%E7%8C%AB+%E3%82%AD%E3%83%A3%E3%83%83%E3%83%88%E3%83%95%E3%83%BC%E3%83%89&i=pets,https://www.amazon.co.jp/s?k=%E3%83%8B%E3%83%A5%E3%83%BC%E3%83%88%E3%83%AD+%E3%83%8A%E3%83%81%E3%83%A5%E3%83%A9%E3%83%AB%E3%83%81%E3%83%A7%E3%82%A4%E3%82%B9+%E3%82%AD%E3%83%88%E3%83%B3+%E7%8C%AB+%E3%82%AD%E3%83%A3%E3%83%83%E3%83%88%E3%83%95%E3%83%BC%E3%83%89,,,search_url_generated,Amazon API未使用。検索結果から該当ASIN/商品URLを後で確認して差し替え。
product_0144,シニア,brand_037,ニュートロ ナチュラルチョイス,マース ジャパン,cat_food,フード,subcat_001,ドライフード,シリーズ,味・年齢違いあり,A,マース系主要ブランド,https://store.nutro.jp/,true,ニュートロ ナチュラルチョイス シニア 猫 キャットフード,https://www.amazon.co.jp/s?k=%E3%83%8B%E3%83%A5%E3%83%BC%E3%83%88%E3%83%AD+%E3%83%8A%E3%83%81%E3%83%A5%E3%83%A9%E3%83%AB%E3%83%81%E3%83%A7%E3%82%A4%E3%82%B9+%E3%82%B7%E3%83%8B%E3%82%A2+%E7%8C%AB+%E3%82%AD%E3%83%A3%E3%83%83%E3%83%88%E3%83%95%E3%83%BC%E3%83%89&i=pets,https://www.amazon.co.jp/s?k=%E3%83%8B%E3%83%A5%E3%83%BC%E3%83%88%E3%83%AD+%E3%83%8A%E3%83%81%E3%83%A5%E3%83%A9%E3%83%AB%E3%83%81%E3%83%A7%E3%82%A4%E3%82%B9+%E3%82%B7%E3%83%8B%E3%82%A2+%E7%8C%AB+%E3%82%AD%E3%83%A3%E3%83%83%E3%83%88%E3%83%95%E3%83%BC%E3%83%89,,,search_url_generated,Amazon API未使用。検索結果から該当ASIN/商品URLを後で確認して差し替え。
product_0138,室内猫用 アダルト チキン,brand_037,ニュートロ ナチュラルチョイス,マース ジャパン,cat_food,フード,subcat_001,ドライフード,シリーズ,味・年齢違いあり,A,マース系主要ブランド,https://store.nutro.jp/,true,ニュートロ ナチュラルチョイス 室内猫用 アダルト チキン 猫 キャットフード,https://www.amazon.co.jp/s?k=%E3%83%8B%E3%83%A5%E3%83%BC%E3%83%88%E3%83%AD+%E3%83%8A%E3%83%81%E3%83%A5%E3%83%A9%E3%83%AB%E3%83%81%E3%83%A7%E3%82%A4%E3%82%B9+%E5%AE%A4%E5%86%85%E7%8C%AB%E7%94%A8+%E3%82%A2%E3%83%80%E3%83%AB%E3%83%88+%E3%83%81%E3%82%AD%E3%83%B3+%E7%8C%AB+%E3%82%AD%E3%83%A3%E3%83%83%E3%83%88%E3%83%95%E3%83%BC%E3%83%89&i=pets,https://www.amazon.co.jp/s?k=%E3%83%8B%E3%83%A5%E3%83%BC%E3%83%88%E3%83%AD+%E3%83%8A%E3%83%81%E3%83%A5%E3%83%A9%E3%83%AB%E3%83%81%E3%83%A7%E3%82%A4%E3%82%B9+%E5%AE%A4%E5%86%85%E7%8C%AB%E7%94%A8+%E3%82%A2%E3%83%80%E3%83%AB%E3%83%88+%E3%83%81%E3%82%AD%E3%83%B3+%E7%8C%AB+%E3%82%AD%E3%83%A3%E3%83%83%E3%83%88%E3%83%95%E3%83%BC%E3%83%89,,,search_url_generated,Amazon API未使用。検索結果から該当ASIN/商品URLを後で確認して差し替え。
product_0140,毛玉トータルケア,brand_037,ニュートロ ナチュラルチョイス,マース ジャパン,cat_food,フード,subcat_001,ドライフード,シリーズ,味・年齢違いあり,A,マース系主要ブランド,https://store.nutro.jp/,true,ニュートロ ナチュラルチョイス 毛玉トータルケア 猫 キャットフード,https://www.amazon.co.jp/s?k=%E3%83%8B%E3%83%A5%E3%83%BC%E3%83%88%E3%83%AD+%E3%83%8A%E3%83%81%E3%83%A5%E3%83%A9%E3%83%AB%E3%83%81%E3%83%A7%E3%82%A4%E3%82%B9+%E6%AF%9B%E7%8E%89%E3%83%88%E3%83%BC%E3%82%BF%E3%83%AB%E3%82%B1%E3%82%A2+%E7%8C%AB+%E3%82%AD%E3%83%A3%E3%83%83%E3%83%88%E3%83%95%E3%83%BC%E3%83%89&i=pets,https://www.amazon.co.jp/s?k=%E3%83%8B%E3%83%A5%E3%83%BC%E3%83%88%E3%83%AD+%E3%83%8A%E3%83%81%E3%83%A5%E3%83%A9%E3%83%AB%E3%83%81%E3%83%A7%E3%82%A4%E3%82%B9+%E6%AF%9B%E7%8E%89%E3%83%88%E3%83%BC%E3%82%BF%E3%83%AB%E3%82%B1%E3%82%A2+%E7%8C%AB+%E3%82%AD%E3%83%A3%E3%83%83%E3%83%88%E3%83%95%E3%83%BC%E3%83%89,,,search_url_generated,Amazon API未使用。検索結果から該当ASIN/商品URLを後で確認して差し替え。
product_0141,減量用,brand_037,ニュートロ ナチュラルチョイス,マース ジャパン,cat_food,フード,subcat_001,ドライフード,シリーズ,味・年齢違いあり,A,マース系主要ブランド,https://store.nutro.jp/,true,ニュートロ ナチュラルチョイス 減量用 猫 キャットフード,https://www.amazon.co.jp/s?k=%E3%83%8B%E3%83%A5%E3%83%BC%E3%83%88%E3%83%AD+%E3%83%8A%E3%83%81%E3%83%A5%E3%83%A9%E3%83%AB%E3%83%81%E3%83%A7%E3%82%A4%E3%82%B9+%E6%B8%9B%E9%87%8F%E7%94%A8+%E7%8C%AB+%E3%82%AD%E3%83%A3%E3%83%83%E3%83%88%E3%83%95%E3%83%BC%E3%83%89&i=pets,https://www.amazon.co.jp/s?k=%E3%83%8B%E3%83%A5%E3%83%BC%E3%83%88%E3%83%AD+%E3%83%8A%E3%83%81%E3%83%A5%E3%83%A9%E3%83%AB%E3%83%81%E3%83%A7%E3%82%A4%E3%82%B9+%E6%B8%9B%E9%87%8F%E7%94%A8+%E7%8C%AB+%E3%82%AD%E3%83%A3%E3%83%83%E3%83%88%E3%83%95%E3%83%BC%E3%83%89,,,search_url_generated,Amazon API未使用。検索結果から該当ASIN/商品URLを後で確認して差し替え。
product_0139,穀物フリー,brand_037,ニュートロ ナチュラルチョイス,マース ジャパン,cat_food,フード,subcat_001,ドライフード,シリーズ,味・年齢違いあり,A,マース系主要ブランド,https://store.nutro.jp/,true,ニュートロ ナチュラルチョイス 穀物フリー 猫 キャットフード,https://www.amazon.co.jp/s?k=%E3%83%8B%E3%83%A5%E3%83%BC%E3%83%88%E3%83%AD+%E3%83%8A%E3%83%81%E3%83%A5%E3%83%A9%E3%83%AB%E3%83%81%E3%83%A7%E3%82%A4%E3%82%B9+%E7%A9%80%E7%89%A9%E3%83%95%E3%83%AA%E3%83%BC+%E7%8C%AB+%E3%82%AD%E3%83%A3%E3%83%83%E3%83%88%E3%83%95%E3%83%BC%E3%83%89&i=pets,https://www.amazon.co.jp/s?k=%E3%83%8B%E3%83%A5%E3%83%BC%E3%83%88%E3%83%AD+%E3%83%8A%E3%83%81%E3%83%A5%E3%83%A9%E3%83%AB%E3%83%81%E3%83%A7%E3%82%A4%E3%82%B9+%E7%A9%80%E7%89%A9%E3%83%95%E3%83%AA%E3%83%BC+%E7%8C%AB+%E3%82%AD%E3%83%A3%E3%83%83%E3%83%88%E3%83%95%E3%83%BC%E3%83%89,,,search_url_generated,Amazon API未使用。検索結果から該当ASIN/商品URLを後で確認して差し替え。
product_0142,避妊・去勢猫用,brand_037,ニュートロ ナチュラルチョイス,マース ジャパン,cat_food,フード,subcat_001,ドライフード,シリーズ,味・年齢違いあり,A,マース系主要ブランド,https://store.nutro.jp/,true,ニュートロ ナチュラルチョイス 避妊・去勢猫用 猫 キャットフード,https://www.amazon.co.jp/s?k=%E3%83%8B%E3%83%A5%E3%83%BC%E3%83%88%E3%83%AD+%E3%83%8A%E3%83%81%E3%83%A5%E3%83%A9%E3%83%AB%E3%83%81%E3%83%A7%E3%82%A4%E3%82%B9+%E9%81%BF%E5%A6%8A%E3%83%BB%E5%8E%BB%E5%8B%A2%E7%8C%AB%E7%94%A8+%E7%8C%AB+%E3%82%AD%E3%83%A3%E3%83%83%E3%83%88%E3%83%95%E3%83%BC%E3%83%89&i=pets,https://www.amazon.co.jp/s?k=%E3%83%8B%E3%83%A5%E3%83%BC%E3%83%88%E3%83%AD+%E3%83%8A%E3%83%81%E3%83%A5%E3%83%A9%E3%83%AB%E3%83%81%E3%83%A7%E3%82%A4%E3%82%B9+%E9%81%BF%E5%A6%8A%E3%83%BB%E5%8E%BB%E5%8B%A2%E7%8C%AB%E7%94%A8+%E7%8C%AB+%E3%82%AD%E3%83%A3%E3%83%83%E3%83%88%E3%83%95%E3%83%BC%E3%83%89,,,search_url_generated,Amazon API未使用。検索結果から該当ASIN/商品URLを後で確認して差し替え。
product_0146,アダルト サーモン,brand_038,ニュートロ ワイルドレシピ,マース ジャパン,cat_food,フード,subcat_001,ドライフード,シリーズ,味・年齢違いあり,B,マース系主要ブランド,https://store.nutro.jp/,true,ニュートロ ワイルドレシピ アダルト サーモン 猫 キャットフード,https://www.amazon.co.jp/s?k=%E3%83%8B%E3%83%A5%E3%83%BC%E3%83%88%E3%83%AD+%E3%83%AF%E3%82%A4%E3%83%AB%E3%83%89%E3%83%AC%E3%82%B7%E3%83%94+%E3%82%A2%E3%83%80%E3%83%AB%E3%83%88+%E3%82%B5%E3%83%BC%E3%83%A2%E3%83%B3+%E7%8C%AB+%E3%82%AD%E3%83%A3%E3%83%83%E3%83%88%E3%83%95%E3%83%BC%E3%83%89&i=pets,https://www.amazon.co.jp/s?k=%E3%83%8B%E3%83%A5%E3%83%BC%E3%83%88%E3%83%AD+%E3%83%AF%E3%82%A4%E3%83%AB%E3%83%89%E3%83%AC%E3%82%B7%E3%83%94+%E3%82%A2%E3%83%80%E3%83%AB%E3%83%88+%E3%82%B5%E3%83%BC%E3%83%A2%E3%83%B3+%E7%8C%AB+%E3%82%AD%E3%83%A3%E3%83%83%E3%83%88%E3%83%95%E3%83%BC%E3%83%89,,,search_url_generated,Amazon API未使用。検索結果から該当ASIN/商品URLを後で確認して差し替え。
product_0145,アダルト チキン,brand_038,ニュートロ ワイルドレシピ,マース ジャパン,cat_food,フード,subcat_001,ドライフード,シリーズ,味・年齢違いあり,B,マース系主要ブランド,https://store.nutro.jp/,true,ニュートロ ワイルドレシピ アダルト チキン 猫 キャットフード,https://www.amazon.co.jp/s?k=%E3%83%8B%E3%83%A5%E3%83%BC%E3%83%88%E3%83%AD+%E3%83%AF%E3%82%A4%E3%83%AB%E3%83%89%E3%83%AC%E3%82%B7%E3%83%94+%E3%82%A2%E3%83%80%E3%83%AB%E3%83%88+%E3%83%81%E3%82%AD%E3%83%B3+%E7%8C%AB+%E3%82%AD%E3%83%A3%E3%83%83%E3%83%88%E3%83%95%E3%83%BC%E3%83%89&i=pets,https://www.amazon.co.jp/s?k=%E3%83%8B%E3%83%A5%E3%83%BC%E3%83%88%E3%83%AD+%E3%83%AF%E3%82%A4%E3%83%AB%E3%83%89%E3%83%AC%E3%82%B7%E3%83%94+%E3%82%A2%E3%83%80%E3%83%AB%E3%83%88+%E3%83%81%E3%82%AD%E3%83%B3+%E7%8C%AB+%E3%82%AD%E3%83%A3%E3%83%83%E3%83%88%E3%83%95%E3%83%BC%E3%83%89,,,search_url_generated,Amazon API未使用。検索結果から該当ASIN/商品URLを後で確認して差し替え。
product_0147,キトン,brand_038,ニュートロ ワイルドレシピ,マース ジャパン,cat_food,フード,subcat_001,ドライフード,シリーズ,味・年齢違いあり,B,マース系主要ブランド,https://store.nutro.jp/,true,ニュートロ ワイルドレシピ キトン 猫 キャットフード,https://www.amazon.co.jp/s?k=%E3%83%8B%E3%83%A5%E3%83%BC%E3%83%88%E3%83%AD+%E3%83%AF%E3%82%A4%E3%83%AB%E3%83%89%E3%83%AC%E3%82%B7%E3%83%94+%E3%82%AD%E3%83%88%E3%83%B3+%E7%8C%AB+%E3%82%AD%E3%83%A3%E3%83%83%E3%83%88%E3%83%95%E3%83%BC%E3%83%89&i=pets,https://www.amazon.co.jp/s?k=%E3%83%8B%E3%83%A5%E3%83%BC%E3%83%88%E3%83%AD+%E3%83%AF%E3%82%A4%E3%83%AB%E3%83%89%E3%83%AC%E3%82%B7%E3%83%94+%E3%82%AD%E3%83%88%E3%83%B3+%E7%8C%AB+%E3%82%AD%E3%83%A3%E3%83%83%E3%83%88%E3%83%95%E3%83%BC%E3%83%89,,,search_url_generated,Amazon API未使用。検索結果から該当ASIN/商品URLを後で確認して差し替え。
product_0148,シニア,brand_038,ニュートロ ワイルドレシピ,マース ジャパン,cat_food,フード,subcat_001,ドライフード,シリーズ,味・年齢違いあり,B,マース系主要ブランド,https://store.nutro.jp/,true,ニュートロ ワイルドレシピ シニア 猫 キャットフード,https://www.amazon.co.jp/s?k=%E3%83%8B%E3%83%A5%E3%83%BC%E3%83%88%E3%83%AD+%E3%83%AF%E3%82%A4%E3%83%AB%E3%83%89%E3%83%AC%E3%82%B7%E3%83%94+%E3%82%B7%E3%83%8B%E3%82%A2+%E7%8C%AB+%E3%82%AD%E3%83%A3%E3%83%83%E3%83%88%E3%83%95%E3%83%BC%E3%83%89&i=pets,https://www.amazon.co.jp/s?k=%E3%83%8B%E3%83%A5%E3%83%BC%E3%83%88%E3%83%AD+%E3%83%AF%E3%82%A4%E3%83%AB%E3%83%89%E3%83%AC%E3%82%B7%E3%83%94+%E3%82%B7%E3%83%8B%E3%82%A2+%E7%8C%AB+%E3%82%AD%E3%83%A3%E3%83%83%E3%83%88%E3%83%95%E3%83%BC%E3%83%89,,,search_url_generated,Amazon API未使用。検索結果から該当ASIN/商品URLを後で確認して差し替え。
product_0192,カリナリー,brand_039,ハッピーキャット,各社/輸入元,cat_food,フード,subcat_001,ドライフード,シリーズ,味・容量違いあり,B,プレミアム/通販系。日本流通は販売店確認推奨,https://www.min-petkenko.com/premiumFood.php?mode=cat,true,ハッピーキャット カリナリー 猫 キャットフード,https://www.amazon.co.jp/s?k=%E3%83%8F%E3%83%83%E3%83%94%E3%83%BC%E3%82%AD%E3%83%A3%E3%83%83%E3%83%88+%E3%82%AB%E3%83%AA%E3%83%8A%E3%83%AA%E3%83%BC+%E7%8C%AB+%E3%82%AD%E3%83%A3%E3%83%83%E3%83%88%E3%83%95%E3%83%BC%E3%83%89&i=pets,https://www.amazon.co.jp/s?k=%E3%83%8F%E3%83%83%E3%83%94%E3%83%BC%E3%82%AD%E3%83%A3%E3%83%83%E3%83%88+%E3%82%AB%E3%83%AA%E3%83%8A%E3%83%AA%E3%83%BC+%E7%8C%AB+%E3%82%AD%E3%83%A3%E3%83%83%E3%83%88%E3%83%95%E3%83%BC%E3%83%89,,,search_url_generated,Amazon API未使用。検索結果から該当ASIN/商品URLを後で確認して差し替え。
product_0191,センシティブ,brand_039,ハッピーキャット,各社/輸入元,cat_food,フード,subcat_001,ドライフード,シリーズ,味・容量違いあり,B,プレミアム/通販系。日本流通は販売店確認推奨,https://www.min-petkenko.com/premiumFood.php?mode=cat,true,ハッピーキャット センシティブ 猫 キャットフード,https://www.amazon.co.jp/s?k=%E3%83%8F%E3%83%83%E3%83%94%E3%83%BC%E3%82%AD%E3%83%A3%E3%83%83%E3%83%88+%E3%82%BB%E3%83%B3%E3%82%B7%E3%83%86%E3%82%A3%E3%83%96+%E7%8C%AB+%E3%82%AD%E3%83%A3%E3%83%83%E3%83%88%E3%83%95%E3%83%BC%E3%83%89&i=pets,https://www.amazon.co.jp/s?k=%E3%83%8F%E3%83%83%E3%83%94%E3%83%BC%E3%82%AD%E3%83%A3%E3%83%83%E3%83%88+%E3%82%BB%E3%83%B3%E3%82%B7%E3%83%86%E3%82%A3%E3%83%96+%E7%8C%AB+%E3%82%AD%E3%83%A3%E3%83%83%E3%83%88%E3%83%95%E3%83%BC%E3%83%89,,,search_url_generated,Amazon API未使用。検索結果から該当ASIN/商品URLを後で確認して差し替え。
product_0084,アダルト 成猫用,brand_040,ヒルズ サイエンス・ダイエット,日本ヒルズ・コルゲート,cat_food,フード,subcat_001,ドライフード,シリーズ,年齢/健康状態別,A,療法食は獣医師相談表示推奨,https://www.hills.co.jp/,true,ヒルズ サイエンス・ダイエット アダルト 成猫用 猫 キャットフード,https://www.amazon.co.jp/s?k=%E3%83%92%E3%83%AB%E3%82%BA+%E3%82%B5%E3%82%A4%E3%82%A8%E3%83%B3%E3%82%B9%E3%83%BB%E3%83%80%E3%82%A4%E3%82%A8%E3%83%83%E3%83%88+%E3%82%A2%E3%83%80%E3%83%AB%E3%83%88+%E6%88%90%E7%8C%AB%E7%94%A8+%E7%8C%AB+%E3%82%AD%E3%83%A3%E3%83%83%E3%83%88%E3%83%95%E3%83%BC%E3%83%89&i=pets,https://www.amazon.co.jp/s?k=%E3%83%92%E3%83%AB%E3%82%BA+%E3%82%B5%E3%82%A4%E3%82%A8%E3%83%B3%E3%82%B9%E3%83%BB%E3%83%80%E3%82%A4%E3%82%A8%E3%83%83%E3%83%88+%E3%82%A2%E3%83%80%E3%83%AB%E3%83%88+%E6%88%90%E7%8C%AB%E7%94%A8+%E7%8C%AB+%E3%82%AD%E3%83%A3%E3%83%83%E3%83%88%E3%83%95%E3%83%BC%E3%83%89,,,search_url_generated,Amazon API未使用。検索結果から該当ASIN/商品URLを後で確認して差し替え。
product_0085,インドアキャット,brand_040,ヒルズ サイエンス・ダイエット,日本ヒルズ・コルゲート,cat_food,フード,subcat_001,ドライフード,シリーズ,年齢/健康状態別,A,療法食は獣医師相談表示推奨,https://www.hills.co.jp/,true,ヒルズ サイエンス・ダイエット インドアキャット 猫 キャットフード,https://www.amazon.co.jp/s?k=%E3%83%92%E3%83%AB%E3%82%BA+%E3%82%B5%E3%82%A4%E3%82%A8%E3%83%B3%E3%82%B9%E3%83%BB%E3%83%80%E3%82%A4%E3%82%A8%E3%83%83%E3%83%88+%E3%82%A4%E3%83%B3%E3%83%89%E3%82%A2%E3%82%AD%E3%83%A3%E3%83%83%E3%83%88+%E7%8C%AB+%E3%82%AD%E3%83%A3%E3%83%83%E3%83%88%E3%83%95%E3%83%BC%E3%83%89&i=pets,https://www.amazon.co.jp/s?k=%E3%83%92%E3%83%AB%E3%82%BA+%E3%82%B5%E3%82%A4%E3%82%A8%E3%83%B3%E3%82%B9%E3%83%BB%E3%83%80%E3%82%A4%E3%82%A8%E3%83%83%E3%83%88+%E3%82%A4%E3%83%B3%E3%83%89%E3%82%A2%E3%82%AD%E3%83%A3%E3%83%83%E3%83%88+%E7%8C%AB+%E3%82%AD%E3%83%A3%E3%83%83%E3%83%88%E3%83%95%E3%83%BC%E3%83%89,,,search_url_generated,Amazon API未使用。検索結果から該当ASIN/商品URLを後で確認して差し替え。
product_0083,キトン 子猫用,brand_040,ヒルズ サイエンス・ダイエット,日本ヒルズ・コルゲート,cat_food,フード,subcat_001,ドライフード,シリーズ,年齢/健康状態別,A,療法食は獣医師相談表示推奨,https://www.hills.co.jp/,true,ヒルズ サイエンス・ダイエット キトン 子猫用 猫 キャットフード,https://www.amazon.co.jp/s?k=%E3%83%92%E3%83%AB%E3%82%BA+%E3%82%B5%E3%82%A4%E3%82%A8%E3%83%B3%E3%82%B9%E3%83%BB%E3%83%80%E3%82%A4%E3%82%A8%E3%83%83%E3%83%88+%E3%82%AD%E3%83%88%E3%83%B3+%E5%AD%90%E7%8C%AB%E7%94%A8+%E7%8C%AB+%E3%82%AD%E3%83%A3%E3%83%83%E3%83%88%E3%83%95%E3%83%BC%E3%83%89&i=pets,https://www.amazon.co.jp/s?k=%E3%83%92%E3%83%AB%E3%82%BA+%E3%82%B5%E3%82%A4%E3%82%A8%E3%83%B3%E3%82%B9%E3%83%BB%E3%83%80%E3%82%A4%E3%82%A8%E3%83%83%E3%83%88+%E3%82%AD%E3%83%88%E3%83%B3+%E5%AD%90%E7%8C%AB%E7%94%A8+%E7%8C%AB+%E3%82%AD%E3%83%A3%E3%83%83%E3%83%88%E3%83%95%E3%83%BC%E3%83%89,,,search_url_generated,Amazon API未使用。検索結果から該当ASIN/商品URLを後で確認して差し替え。
product_0089,シニア 11歳以上,brand_040,ヒルズ サイエンス・ダイエット,日本ヒルズ・コルゲート,cat_food,フード,subcat_001,ドライフード,シリーズ,年齢/健康状態別,A,療法食は獣医師相談表示推奨,https://www.hills.co.jp/,true,ヒルズ サイエンス・ダイエット シニア 11歳以上 猫 キャットフード,https://www.amazon.co.jp/s?k=%E3%83%92%E3%83%AB%E3%82%BA+%E3%82%B5%E3%82%A4%E3%82%A8%E3%83%B3%E3%82%B9%E3%83%BB%E3%83%80%E3%82%A4%E3%82%A8%E3%83%83%E3%83%88+%E3%82%B7%E3%83%8B%E3%82%A2+11%E6%AD%B3%E4%BB%A5%E4%B8%8A+%E7%8C%AB+%E3%82%AD%E3%83%A3%E3%83%83%E3%83%88%E3%83%95%E3%83%BC%E3%83%89&i=pets,https://www.amazon.co.jp/s?k=%E3%83%92%E3%83%AB%E3%82%BA+%E3%82%B5%E3%82%A4%E3%82%A8%E3%83%B3%E3%82%B9%E3%83%BB%E3%83%80%E3%82%A4%E3%82%A8%E3%83%83%E3%83%88+%E3%82%B7%E3%83%8B%E3%82%A2+11%E6%AD%B3%E4%BB%A5%E4%B8%8A+%E7%8C%AB+%E3%82%AD%E3%83%A3%E3%83%83%E3%83%88%E3%83%95%E3%83%BC%E3%83%89,,,search_url_generated,Amazon API未使用。検索結果から該当ASIN/商品URLを後で確認して差し替え。
product_0088,シニア 7歳以上,brand_040,ヒルズ サイエンス・ダイエット,日本ヒルズ・コルゲート,cat_food,フード,subcat_001,ドライフード,シリーズ,年齢/健康状態別,A,療法食は獣医師相談表示推奨,https://www.hills.co.jp/,true,ヒルズ サイエンス・ダイエット シニア 7歳以上 猫 キャットフード,https://www.amazon.co.jp/s?k=%E3%83%92%E3%83%AB%E3%82%BA+%E3%82%B5%E3%82%A4%E3%82%A8%E3%83%B3%E3%82%B9%E3%83%BB%E3%83%80%E3%82%A4%E3%82%A8%E3%83%83%E3%83%88+%E3%82%B7%E3%83%8B%E3%82%A2+7%E6%AD%B3%E4%BB%A5%E4%B8%8A+%E7%8C%AB+%E3%82%AD%E3%83%A3%E3%83%83%E3%83%88%E3%83%95%E3%83%BC%E3%83%89&i=pets,https://www.amazon.co.jp/s?k=%E3%83%92%E3%83%AB%E3%82%BA+%E3%82%B5%E3%82%A4%E3%82%A8%E3%83%B3%E3%82%B9%E3%83%BB%E3%83%80%E3%82%A4%E3%82%A8%E3%83%83%E3%83%88+%E3%82%B7%E3%83%8B%E3%82%A2+7%E6%AD%B3%E4%BB%A5%E4%B8%8A+%E7%8C%AB+%E3%82%AD%E3%83%A3%E3%83%83%E3%83%88%E3%83%95%E3%83%BC%E3%83%89,,,search_url_generated,Amazon API未使用。検索結果から該当ASIN/商品URLを後で確認して差し替え。
product_0086,ヘアボールコントロール,brand_040,ヒルズ サイエンス・ダイエット,日本ヒルズ・コルゲート,cat_food,フード,subcat_001,ドライフード,シリーズ,年齢/健康状態別,A,療法食は獣医師相談表示推奨,https://www.hills.co.jp/,true,ヒルズ サイエンス・ダイエット ヘアボールコントロール 猫 キャットフード,https://www.amazon.co.jp/s?k=%E3%83%92%E3%83%AB%E3%82%BA+%E3%82%B5%E3%82%A4%E3%82%A8%E3%83%B3%E3%82%B9%E3%83%BB%E3%83%80%E3%82%A4%E3%82%A8%E3%83%83%E3%83%88+%E3%83%98%E3%82%A2%E3%83%9C%E3%83%BC%E3%83%AB%E3%82%B3%E3%83%B3%E3%83%88%E3%83%AD%E3%83%BC%E3%83%AB+%E7%8C%AB+%E3%82%AD%E3%83%A3%E3%83%83%E3%83%88%E3%83%95%E3%83%BC%E3%83%89&i=pets,https://www.amazon.co.jp/s?k=%E3%83%92%E3%83%AB%E3%82%BA+%E3%82%B5%E3%82%A4%E3%82%A8%E3%83%B3%E3%82%B9%E3%83%BB%E3%83%80%E3%82%A4%E3%82%A8%E3%83%83%E3%83%88+%E3%83%98%E3%82%A2%E3%83%9C%E3%83%BC%E3%83%AB%E3%82%B3%E3%83%B3%E3%83%88%E3%83%AD%E3%83%BC%E3%83%AB+%E7%8C%AB+%E3%82%AD%E3%83%A3%E3%83%83%E3%83%88%E3%83%95%E3%83%BC%E3%83%89,,,search_url_generated,Amazon API未使用。検索結果から該当ASIN/商品URLを後で確認して差し替え。
product_0087,ライト 肥満傾向,brand_040,ヒルズ サイエンス・ダイエット,日本ヒルズ・コルゲート,cat_food,フード,subcat_001,ドライフード,シリーズ,年齢/健康状態別,A,療法食は獣医師相談表示推奨,https://www.hills.co.jp/,true,ヒルズ サイエンス・ダイエット ライト 肥満傾向 猫 キャットフード,https://www.amazon.co.jp/s?k=%E3%83%92%E3%83%AB%E3%82%BA+%E3%82%B5%E3%82%A4%E3%82%A8%E3%83%B3%E3%82%B9%E3%83%BB%E3%83%80%E3%82%A4%E3%82%A8%E3%83%83%E3%83%88+%E3%83%A9%E3%82%A4%E3%83%88+%E8%82%A5%E6%BA%80%E5%82%BE%E5%90%91+%E7%8C%AB+%E3%82%AD%E3%83%A3%E3%83%83%E3%83%88%E3%83%95%E3%83%BC%E3%83%89&i=pets,https://www.amazon.co.jp/s?k=%E3%83%92%E3%83%AB%E3%82%BA+%E3%82%B5%E3%82%A4%E3%82%A8%E3%83%B3%E3%82%B9%E3%83%BB%E3%83%80%E3%82%A4%E3%82%A8%E3%83%83%E3%83%88+%E3%83%A9%E3%82%A4%E3%83%88+%E8%82%A5%E6%BA%80%E5%82%BE%E5%90%91+%E7%8C%AB+%E3%82%AD%E3%83%A3%E3%83%83%E3%83%88%E3%83%95%E3%83%BC%E3%83%89,,,search_url_generated,Amazon API未使用。検索結果から該当ASIN/商品URLを後で確認して差し替え。
product_0097,成猫用,brand_042,ヒルズ ベット・エッセンシャル,日本ヒルズ・コルゲート,cat_food,フード,subcat_001,ドライフード,シリーズ,年齢/健康状態別,A,療法食は獣医師相談表示推奨,https://www.hills.co.jp/,true,ヒルズ ベット・エッセンシャル 成猫用 猫 キャットフード,https://www.amazon.co.jp/s?k=%E3%83%92%E3%83%AB%E3%82%BA+%E3%83%99%E3%83%83%E3%83%88%E3%83%BB%E3%82%A8%E3%83%83%E3%82%BB%E3%83%B3%E3%82%B7%E3%83%A3%E3%83%AB+%E6%88%90%E7%8C%AB%E7%94%A8+%E7%8C%AB+%E3%82%AD%E3%83%A3%E3%83%83%E3%83%88%E3%83%95%E3%83%BC%E3%83%89&i=pets,https://www.amazon.co.jp/s?k=%E3%83%92%E3%83%AB%E3%82%BA+%E3%83%99%E3%83%83%E3%83%88%E3%83%BB%E3%82%A8%E3%83%83%E3%82%BB%E3%83%B3%E3%82%B7%E3%83%A3%E3%83%AB+%E6%88%90%E7%8C%AB%E7%94%A8+%E7%8C%AB+%E3%82%AD%E3%83%A3%E3%83%83%E3%83%88%E3%83%95%E3%83%BC%E3%83%89,,,search_url_generated,Amazon API未使用。検索結果から該当ASIN/商品URLを後で確認して差し替え。
product_0098,避妊・去勢後,brand_042,ヒルズ ベット・エッセンシャル,日本ヒルズ・コルゲート,cat_food,フード,subcat_001,ドライフード,シリーズ,年齢/健康状態別,A,療法食は獣医師相談表示推奨,https://www.hills.co.jp/,true,ヒルズ ベット・エッセンシャル 避妊・去勢後 猫 キャットフード,https://www.amazon.co.jp/s?k=%E3%83%92%E3%83%AB%E3%82%BA+%E3%83%99%E3%83%83%E3%83%88%E3%83%BB%E3%82%A8%E3%83%83%E3%82%BB%E3%83%B3%E3%82%B7%E3%83%A3%E3%83%AB+%E9%81%BF%E5%A6%8A%E3%83%BB%E5%8E%BB%E5%8B%A2%E5%BE%8C+%E7%8C%AB+%E3%82%AD%E3%83%A3%E3%83%83%E3%83%88%E3%83%95%E3%83%BC%E3%83%89&i=pets,https://www.amazon.co.jp/s?k=%E3%83%92%E3%83%AB%E3%82%BA+%E3%83%99%E3%83%83%E3%83%88%E3%83%BB%E3%82%A8%E3%83%83%E3%82%BB%E3%83%B3%E3%82%B7%E3%83%A3%E3%83%AB+%E9%81%BF%E5%A6%8A%E3%83%BB%E5%8E%BB%E5%8B%A2%E5%BE%8C+%E7%8C%AB+%E3%82%AD%E3%83%A3%E3%83%83%E3%83%88%E3%83%95%E3%83%BC%E3%83%89,,,search_url_generated,Amazon API未使用。検索結果から該当ASIN/商品URLを後で確認して差し替え。
product_0099,高齢猫用,brand_042,ヒルズ ベット・エッセンシャル,日本ヒルズ・コルゲート,cat_food,フード,subcat_001,ドライフード,シリーズ,年齢/健康状態別,A,療法食は獣医師相談表示推奨,https://www.hills.co.jp/,true,ヒルズ ベット・エッセンシャル 高齢猫用 猫 キャットフード,https://www.amazon.co.jp/s?k=%E3%83%92%E3%83%AB%E3%82%BA+%E3%83%99%E3%83%83%E3%83%88%E3%83%BB%E3%82%A8%E3%83%83%E3%82%BB%E3%83%B3%E3%82%B7%E3%83%A3%E3%83%AB+%E9%AB%98%E9%BD%A2%E7%8C%AB%E7%94%A8+%E7%8C%AB+%E3%82%AD%E3%83%A3%E3%83%83%E3%83%88%E3%83%95%E3%83%BC%E3%83%89&i=pets,https://www.amazon.co.jp/s?k=%E3%83%92%E3%83%AB%E3%82%BA+%E3%83%99%E3%83%83%E3%83%88%E3%83%BB%E3%82%A8%E3%83%83%E3%82%BB%E3%83%B3%E3%82%B7%E3%83%A3%E3%83%AB+%E9%AB%98%E9%BD%A2%E7%8C%AB%E7%94%A8+%E7%8C%AB+%E3%82%AD%E3%83%A3%E3%83%83%E3%83%88%E3%83%95%E3%83%BC%E3%83%89,,,search_url_generated,Amazon API未使用。検索結果から該当ASIN/商品URLを後で確認して差し替え。
product_0062,ビューティープロ キャット 下部尿路の健康維持,brand_043,ビューティープロ,日本ペットフード,cat_food,フード,subcat_001,ドライフード,シリーズ,年齢・健康ニーズ別,B,日本ペットフードの猫用主要カテゴリ,https://www.npf.co.jp/cat-products,true,ビューティープロ キャット 下部尿路の健康維持 猫 キャットフード,https://www.amazon.co.jp/s?k=%E3%83%93%E3%83%A5%E3%83%BC%E3%83%86%E3%82%A3%E3%83%BC%E3%83%97%E3%83%AD+%E3%82%AD%E3%83%A3%E3%83%83%E3%83%88+%E4%B8%8B%E9%83%A8%E5%B0%BF%E8%B7%AF%E3%81%AE%E5%81%A5%E5%BA%B7%E7%B6%AD%E6%8C%81+%E7%8C%AB+%E3%82%AD%E3%83%A3%E3%83%83%E3%83%88%E3%83%95%E3%83%BC%E3%83%89&i=pets,https://www.amazon.co.jp/s?k=%E3%83%93%E3%83%A5%E3%83%BC%E3%83%86%E3%82%A3%E3%83%BC%E3%83%97%E3%83%AD+%E3%82%AD%E3%83%A3%E3%83%83%E3%83%88+%E4%B8%8B%E9%83%A8%E5%B0%BF%E8%B7%AF%E3%81%AE%E5%81%A5%E5%BA%B7%E7%B6%AD%E6%8C%81+%E7%8C%AB+%E3%82%AD%E3%83%A3%E3%83%83%E3%83%88%E3%83%95%E3%83%BC%E3%83%89,,,search_url_generated,Amazon API未使用。検索結果から該当ASIN/商品URLを後で確認して差し替え。
product_0064,ビューティープロ キャット 腎臓の健康維持,brand_043,ビューティープロ,日本ペットフード,cat_food,フード,subcat_001,ドライフード,シリーズ,年齢・健康ニーズ別,B,日本ペットフードの猫用主要カテゴリ,https://www.npf.co.jp/cat-products,true,ビューティープロ キャット 腎臓の健康維持 猫 キャットフード,https://www.amazon.co.jp/s?k=%E3%83%93%E3%83%A5%E3%83%BC%E3%83%86%E3%82%A3%E3%83%BC%E3%83%97%E3%83%AD+%E3%82%AD%E3%83%A3%E3%83%83%E3%83%88+%E8%85%8E%E8%87%93%E3%81%AE%E5%81%A5%E5%BA%B7%E7%B6%AD%E6%8C%81+%E7%8C%AB+%E3%82%AD%E3%83%A3%E3%83%83%E3%83%88%E3%83%95%E3%83%BC%E3%83%89&i=pets,https://www.amazon.co.jp/s?k=%E3%83%93%E3%83%A5%E3%83%BC%E3%83%86%E3%82%A3%E3%83%BC%E3%83%97%E3%83%AD+%E3%82%AD%E3%83%A3%E3%83%83%E3%83%88+%E8%85%8E%E8%87%93%E3%81%AE%E5%81%A5%E5%BA%B7%E7%B6%AD%E6%8C%81+%E7%8C%AB+%E3%82%AD%E3%83%A3%E3%83%83%E3%83%88%E3%83%95%E3%83%BC%E3%83%89,,,search_url_generated,Amazon API未使用。検索結果から該当ASIN/商品URLを後で確認して差し替え。
product_0063,ビューティープロ キャット 避妊・去勢後,brand_043,ビューティープロ,日本ペットフード,cat_food,フード,subcat_001,ドライフード,シリーズ,年齢・健康ニーズ別,B,日本ペットフードの猫用主要カテゴリ,https://www.npf.co.jp/cat-products,true,ビューティープロ キャット 避妊・去勢後 猫 キャットフード,https://www.amazon.co.jp/s?k=%E3%83%93%E3%83%A5%E3%83%BC%E3%83%86%E3%82%A3%E3%83%BC%E3%83%97%E3%83%AD+%E3%82%AD%E3%83%A3%E3%83%83%E3%83%88+%E9%81%BF%E5%A6%8A%E3%83%BB%E5%8E%BB%E5%8B%A2%E5%BE%8C+%E7%8C%AB+%E3%82%AD%E3%83%A3%E3%83%83%E3%83%88%E3%83%95%E3%83%BC%E3%83%89&i=pets,https://www.amazon.co.jp/s?k=%E3%83%93%E3%83%A5%E3%83%BC%E3%83%86%E3%82%A3%E3%83%BC%E3%83%97%E3%83%AD+%E3%82%AD%E3%83%A3%E3%83%83%E3%83%88+%E9%81%BF%E5%A6%8A%E3%83%BB%E5%8E%BB%E5%8B%A2%E5%BE%8C+%E7%8C%AB+%E3%82%AD%E3%83%A3%E3%83%83%E3%83%88%E3%83%95%E3%83%BC%E3%83%89,,,search_url_generated,Amazon API未使用。検索結果から該当ASIN/商品URLを後で確認して差し替え。
product_0297,ピュリナ プロプラン シニア猫用,brand_045,ピュリナ プロプラン,ネスレ ピュリナ,cat_food,フード,subcat_001,ドライフード,ドライフード,味違いはSKUで管理,B,ピュリナ公式の猫用フードカテゴリ / 1商品単位に分割,https://purina.nestle.jp/food/cat,true,ピュリナ プロプラン シニア猫用 猫 キャットフード,https://www.amazon.co.jp/s?k=%E3%83%94%E3%83%A5%E3%83%AA%E3%83%8A+%E3%83%97%E3%83%AD%E3%83%97%E3%83%A9%E3%83%B3+%E3%82%B7%E3%83%8B%E3%82%A2%E7%8C%AB%E7%94%A8+%E7%8C%AB+%E3%82%AD%E3%83%A3%E3%83%83%E3%83%88%E3%83%95%E3%83%BC%E3%83%89&i=pets,https://www.amazon.co.jp/s?k=%E3%83%94%E3%83%A5%E3%83%AA%E3%83%8A+%E3%83%97%E3%83%AD%E3%83%97%E3%83%A9%E3%83%B3+%E3%82%B7%E3%83%8B%E3%82%A2%E7%8C%AB%E7%94%A8+%E7%8C%AB+%E3%82%AD%E3%83%A3%E3%83%83%E3%83%88%E3%83%95%E3%83%BC%E3%83%89,,,search_url_generated,Amazon API未使用。検索結果から該当ASIN/商品URLを後で確認して差し替え。
product_0296,ピュリナ プロプラン 子猫用,brand_045,ピュリナ プロプラン,ネスレ ピュリナ,cat_food,フード,subcat_001,ドライフード,ドライフード,味違いはSKUで管理,B,ピュリナ公式の猫用フードカテゴリ / 1商品単位に分割,https://purina.nestle.jp/food/cat,true,ピュリナ プロプラン 子猫用 猫 キャットフード,https://www.amazon.co.jp/s?k=%E3%83%94%E3%83%A5%E3%83%AA%E3%83%8A+%E3%83%97%E3%83%AD%E3%83%97%E3%83%A9%E3%83%B3+%E5%AD%90%E7%8C%AB%E7%94%A8+%E7%8C%AB+%E3%82%AD%E3%83%A3%E3%83%83%E3%83%88%E3%83%95%E3%83%BC%E3%83%89&i=pets,https://www.amazon.co.jp/s?k=%E3%83%94%E3%83%A5%E3%83%AA%E3%83%8A+%E3%83%97%E3%83%AD%E3%83%97%E3%83%A9%E3%83%B3+%E5%AD%90%E7%8C%AB%E7%94%A8+%E7%8C%AB+%E3%82%AD%E3%83%A3%E3%83%83%E3%83%88%E3%83%95%E3%83%BC%E3%83%89,,,search_url_generated,Amazon API未使用。検索結果から該当ASIN/商品URLを後で確認して差し替え。
product_0295,ピュリナ プロプラン 成猫用,brand_045,ピュリナ プロプラン,ネスレ ピュリナ,cat_food,フード,subcat_001,ドライフード,ドライフード,味違いはSKUで管理,B,ピュリナ公式の猫用フードカテゴリ / 1商品単位に分割,https://purina.nestle.jp/food/cat,true,ピュリナ プロプラン 成猫用 猫 キャットフード,https://www.amazon.co.jp/s?k=%E3%83%94%E3%83%A5%E3%83%AA%E3%83%8A+%E3%83%97%E3%83%AD%E3%83%97%E3%83%A9%E3%83%B3+%E6%88%90%E7%8C%AB%E7%94%A8+%E7%8C%AB+%E3%82%AD%E3%83%A3%E3%83%83%E3%83%88%E3%83%95%E3%83%BC%E3%83%89&i=pets,https://www.amazon.co.jp/s?k=%E3%83%94%E3%83%A5%E3%83%AA%E3%83%8A+%E3%83%97%E3%83%AD%E3%83%97%E3%83%A9%E3%83%B3+%E6%88%90%E7%8C%AB%E7%94%A8+%E7%8C%AB+%E3%82%AD%E3%83%A3%E3%83%83%E3%83%88%E3%83%95%E3%83%BC%E3%83%89,,,search_url_generated,Amazon API未使用。検索結果から該当ASIN/商品URLを後で確認して差し替え。
product_0121,ライブクリア,brand_045,ピュリナ プロプラン,ネスレ ピュリナ,cat_food,フード,subcat_001,ドライフード,シリーズ,年齢・健康ニーズ・味違いあり,B,ピュリナ公式の猫用フードカテゴリ,https://purina.nestle.jp/food/cat,true,ピュリナ プロプラン ライブクリア 猫 キャットフード,https://www.amazon.co.jp/s?k=%E3%83%94%E3%83%A5%E3%83%AA%E3%83%8A+%E3%83%97%E3%83%AD%E3%83%97%E3%83%A9%E3%83%B3+%E3%83%A9%E3%82%A4%E3%83%96%E3%82%AF%E3%83%AA%E3%82%A2+%E7%8C%AB+%E3%82%AD%E3%83%A3%E3%83%83%E3%83%88%E3%83%95%E3%83%BC%E3%83%89&i=pets,https://www.amazon.co.jp/s?k=%E3%83%94%E3%83%A5%E3%83%AA%E3%83%8A+%E3%83%97%E3%83%AD%E3%83%97%E3%83%A9%E3%83%B3+%E3%83%A9%E3%82%A4%E3%83%96%E3%82%AF%E3%83%AA%E3%82%A2+%E7%8C%AB+%E3%82%AD%E3%83%A3%E3%83%83%E3%83%88%E3%83%95%E3%83%BC%E3%83%89,,,search_url_generated,Amazon API未使用。検索結果から該当ASIN/商品URLを後で確認して差し替え。
product_0100,グレインフリー,brand_046,ピュリナ ワン,ネスレ ピュリナ,cat_food,フード,subcat_001,ドライフード,シリーズ,年齢・健康ニーズ・味違いあり,A,ピュリナ公式の猫用フードカテゴリ,https://purina.nestle.jp/food/cat,true,ピュリナ ワン グレインフリー 猫 キャットフード,https://www.amazon.co.jp/s?k=%E3%83%94%E3%83%A5%E3%83%AA%E3%83%8A+%E3%83%AF%E3%83%B3+%E3%82%B0%E3%83%AC%E3%82%A4%E3%83%B3%E3%83%95%E3%83%AA%E3%83%BC+%E7%8C%AB+%E3%82%AD%E3%83%A3%E3%83%83%E3%83%88%E3%83%95%E3%83%BC%E3%83%89&i=pets,https://www.amazon.co.jp/s?k=%E3%83%94%E3%83%A5%E3%83%AA%E3%83%8A+%E3%83%AF%E3%83%B3+%E3%82%B0%E3%83%AC%E3%82%A4%E3%83%B3%E3%83%95%E3%83%AA%E3%83%BC+%E7%8C%AB+%E3%82%AD%E3%83%A3%E3%83%83%E3%83%88%E3%83%95%E3%83%BC%E3%83%89,,,search_url_generated,Amazon API未使用。検索結果から該当ASIN/商品URLを後で確認して差し替え。
product_0107,シニア猫用,brand_046,ピュリナ ワン,ネスレ ピュリナ,cat_food,フード,subcat_001,ドライフード,シリーズ,年齢・健康ニーズ・味違いあり,A,ピュリナ公式の猫用フードカテゴリ,https://purina.nestle.jp/food/cat,true,ピュリナ ワン シニア猫用 猫 キャットフード,https://www.amazon.co.jp/s?k=%E3%83%94%E3%83%A5%E3%83%AA%E3%83%8A+%E3%83%AF%E3%83%B3+%E3%82%B7%E3%83%8B%E3%82%A2%E7%8C%AB%E7%94%A8+%E7%8C%AB+%E3%82%AD%E3%83%A3%E3%83%83%E3%83%88%E3%83%95%E3%83%BC%E3%83%89&i=pets,https://www.amazon.co.jp/s?k=%E3%83%94%E3%83%A5%E3%83%AA%E3%83%8A+%E3%83%AF%E3%83%B3+%E3%82%B7%E3%83%8B%E3%82%A2%E7%8C%AB%E7%94%A8+%E7%8C%AB+%E3%82%AD%E3%83%A3%E3%83%83%E3%83%88%E3%83%95%E3%83%BC%E3%83%89,,,search_url_generated,Amazon API未使用。検索結果から該当ASIN/商品URLを後で確認して差し替え。
product_0105,健康マルチケア,brand_046,ピュリナ ワン,ネスレ ピュリナ,cat_food,フード,subcat_001,ドライフード,シリーズ,年齢・健康ニーズ・味違いあり,A,ピュリナ公式の猫用フードカテゴリ,https://purina.nestle.jp/food/cat,true,ピュリナ ワン 健康マルチケア 猫 キャットフード,https://www.amazon.co.jp/s?k=%E3%83%94%E3%83%A5%E3%83%AA%E3%83%8A+%E3%83%AF%E3%83%B3+%E5%81%A5%E5%BA%B7%E3%83%9E%E3%83%AB%E3%83%81%E3%82%B1%E3%82%A2+%E7%8C%AB+%E3%82%AD%E3%83%A3%E3%83%83%E3%83%88%E3%83%95%E3%83%BC%E3%83%89&i=pets,https://www.amazon.co.jp/s?k=%E3%83%94%E3%83%A5%E3%83%AA%E3%83%8A+%E3%83%AF%E3%83%B3+%E5%81%A5%E5%BA%B7%E3%83%9E%E3%83%AB%E3%83%81%E3%82%B1%E3%82%A2+%E7%8C%AB+%E3%82%AD%E3%83%A3%E3%83%83%E3%83%88%E3%83%95%E3%83%BC%E3%83%89,,,search_url_generated,Amazon API未使用。検索結果から該当ASIN/商品URLを後で確認して差し替え。
product_0106,子ねこ用,brand_046,ピュリナ ワン,ネスレ ピュリナ,cat_food,フード,subcat_001,ドライフード,シリーズ,年齢・健康ニーズ・味違いあり,A,ピュリナ公式の猫用フードカテゴリ,https://purina.nestle.jp/food/cat,true,ピュリナ ワン 子ねこ用 猫 キャットフード,https://www.amazon.co.jp/s?k=%E3%83%94%E3%83%A5%E3%83%AA%E3%83%8A+%E3%83%AF%E3%83%B3+%E5%AD%90%E3%81%AD%E3%81%93%E7%94%A8+%E7%8C%AB+%E3%82%AD%E3%83%A3%E3%83%83%E3%83%88%E3%83%95%E3%83%BC%E3%83%89&i=pets,https://www.amazon.co.jp/s?k=%E3%83%94%E3%83%A5%E3%83%AA%E3%83%8A+%E3%83%AF%E3%83%B3+%E5%AD%90%E3%81%AD%E3%81%93%E7%94%A8+%E7%8C%AB+%E3%82%AD%E3%83%A3%E3%83%83%E3%83%88%E3%83%95%E3%83%BC%E3%83%89,,,search_url_generated,Amazon API未使用。検索結果から該当ASIN/商品URLを後で確認して差し替え。
product_0101,室内飼い猫用,brand_046,ピュリナ ワン,ネスレ ピュリナ,cat_food,フード,subcat_001,ドライフード,シリーズ,年齢・健康ニーズ・味違いあり,A,ピュリナ公式の猫用フードカテゴリ,https://purina.nestle.jp/food/cat,true,ピュリナ ワン 室内飼い猫用 猫 キャットフード,https://www.amazon.co.jp/s?k=%E3%83%94%E3%83%A5%E3%83%AA%E3%83%8A+%E3%83%AF%E3%83%B3+%E5%AE%A4%E5%86%85%E9%A3%BC%E3%81%84%E7%8C%AB%E7%94%A8+%E7%8C%AB+%E3%82%AD%E3%83%A3%E3%83%83%E3%83%88%E3%83%95%E3%83%BC%E3%83%89&i=pets,https://www.amazon.co.jp/s?k=%E3%83%94%E3%83%A5%E3%83%AA%E3%83%8A+%E3%83%AF%E3%83%B3+%E5%AE%A4%E5%86%85%E9%A3%BC%E3%81%84%E7%8C%AB%E7%94%A8+%E7%8C%AB+%E3%82%AD%E3%83%A3%E3%83%83%E3%83%88%E3%83%95%E3%83%BC%E3%83%89,,,search_url_generated,Amazon API未使用。検索結果から該当ASIN/商品URLを後で確認して差し替え。
product_0104,尿路の健康維持,brand_046,ピュリナ ワン,ネスレ ピュリナ,cat_food,フード,subcat_001,ドライフード,シリーズ,年齢・健康ニーズ・味違いあり,A,ピュリナ公式の猫用フードカテゴリ,https://purina.nestle.jp/food/cat,true,ピュリナ ワン 尿路の健康維持 猫 キャットフード,https://www.amazon.co.jp/s?k=%E3%83%94%E3%83%A5%E3%83%AA%E3%83%8A+%E3%83%AF%E3%83%B3+%E5%B0%BF%E8%B7%AF%E3%81%AE%E5%81%A5%E5%BA%B7%E7%B6%AD%E6%8C%81+%E7%8C%AB+%E3%82%AD%E3%83%A3%E3%83%83%E3%83%88%E3%83%95%E3%83%BC%E3%83%89&i=pets,https://www.amazon.co.jp/s?k=%E3%83%94%E3%83%A5%E3%83%AA%E3%83%8A+%E3%83%AF%E3%83%B3+%E5%B0%BF%E8%B7%AF%E3%81%AE%E5%81%A5%E5%BA%B7%E7%B6%AD%E6%8C%81+%E7%8C%AB+%E3%82%AD%E3%83%A3%E3%83%83%E3%83%88%E3%83%95%E3%83%BC%E3%83%89,,,search_url_generated,Amazon API未使用。検索結果から該当ASIN/商品URLを後で確認して差し替え。
product_0103,美味を求める成猫用,brand_046,ピュリナ ワン,ネスレ ピュリナ,cat_food,フード,subcat_001,ドライフード,シリーズ,年齢・健康ニーズ・味違いあり,A,ピュリナ公式の猫用フードカテゴリ,https://purina.nestle.jp/food/cat,true,ピュリナ ワン 美味を求める成猫用 猫 キャットフード,https://www.amazon.co.jp/s?k=%E3%83%94%E3%83%A5%E3%83%AA%E3%83%8A+%E3%83%AF%E3%83%B3+%E7%BE%8E%E5%91%B3%E3%82%92%E6%B1%82%E3%82%81%E3%82%8B%E6%88%90%E7%8C%AB%E7%94%A8+%E7%8C%AB+%E3%82%AD%E3%83%A3%E3%83%83%E3%83%88%E3%83%95%E3%83%BC%E3%83%89&i=pets,https://www.amazon.co.jp/s?k=%E3%83%94%E3%83%A5%E3%83%AA%E3%83%8A+%E3%83%AF%E3%83%B3+%E7%BE%8E%E5%91%B3%E3%82%92%E6%B1%82%E3%82%81%E3%82%8B%E6%88%90%E7%8C%AB%E7%94%A8+%E7%8C%AB+%E3%82%AD%E3%83%A3%E3%83%83%E3%83%88%E3%83%95%E3%83%BC%E3%83%89,,,search_url_generated,Amazon API未使用。検索結果から該当ASIN/商品URLを後で確認して差し替え。
product_0102,避妊・去勢した猫の体重ケア,brand_046,ピュリナ ワン,ネスレ ピュリナ,cat_food,フード,subcat_001,ドライフード,シリーズ,年齢・健康ニーズ・味違いあり,A,ピュリナ公式の猫用フードカテゴリ,https://purina.nestle.jp/food/cat,true,ピュリナ ワン 避妊・去勢した猫の体重ケア 猫 キャットフード,https://www.amazon.co.jp/s?k=%E3%83%94%E3%83%A5%E3%83%AA%E3%83%8A+%E3%83%AF%E3%83%B3+%E9%81%BF%E5%A6%8A%E3%83%BB%E5%8E%BB%E5%8B%A2%E3%81%97%E3%81%9F%E7%8C%AB%E3%81%AE%E4%BD%93%E9%87%8D%E3%82%B1%E3%82%A2+%E7%8C%AB+%E3%82%AD%E3%83%A3%E3%83%83%E3%83%88%E3%83%95%E3%83%BC%E3%83%89&i=pets,https://www.amazon.co.jp/s?k=%E3%83%94%E3%83%A5%E3%83%AA%E3%83%8A+%E3%83%AF%E3%83%B3+%E9%81%BF%E5%A6%8A%E3%83%BB%E5%8E%BB%E5%8B%A2%E3%81%97%E3%81%9F%E7%8C%AB%E3%81%AE%E4%BD%93%E9%87%8D%E3%82%B1%E3%82%A2+%E7%8C%AB+%E3%82%AD%E3%83%A3%E3%83%83%E3%83%88%E3%83%95%E3%83%BC%E3%83%89,,,search_url_generated,Amazon API未使用。検索結果から該当ASIN/商品URLを後で確認して差し替え。
product_0189,チキンウィズブルーベリー,brand_047,ファーストメイト,各社/輸入元,cat_food,フード,subcat_001,ドライフード,シリーズ,味・容量違いあり,B,プレミアム/通販系。日本流通は販売店確認推奨,https://www.min-petkenko.com/premiumFood.php?mode=cat,true,ファーストメイト チキンウィズブルーベリー 猫 キャットフード,https://www.amazon.co.jp/s?k=%E3%83%95%E3%82%A1%E3%83%BC%E3%82%B9%E3%83%88%E3%83%A1%E3%82%A4%E3%83%88+%E3%83%81%E3%82%AD%E3%83%B3%E3%82%A6%E3%82%A3%E3%82%BA%E3%83%96%E3%83%AB%E3%83%BC%E3%83%99%E3%83%AA%E3%83%BC+%E7%8C%AB+%E3%82%AD%E3%83%A3%E3%83%83%E3%83%88%E3%83%95%E3%83%BC%E3%83%89&i=pets,https://www.amazon.co.jp/s?k=%E3%83%95%E3%82%A1%E3%83%BC%E3%82%B9%E3%83%88%E3%83%A1%E3%82%A4%E3%83%88+%E3%83%81%E3%82%AD%E3%83%B3%E3%82%A6%E3%82%A3%E3%82%BA%E3%83%96%E3%83%AB%E3%83%BC%E3%83%99%E3%83%AA%E3%83%BC+%E7%8C%AB+%E3%82%AD%E3%83%A3%E3%83%83%E3%83%88%E3%83%95%E3%83%BC%E3%83%89,,,search_url_generated,Amazon API未使用。検索結果から該当ASIN/商品URLを後で確認して差し替え。
product_0190,フィッシュウィズブルーベリー,brand_047,ファーストメイト,各社/輸入元,cat_food,フード,subcat_001,ドライフード,シリーズ,味・容量違いあり,B,プレミアム/通販系。日本流通は販売店確認推奨,https://www.min-petkenko.com/premiumFood.php?mode=cat,true,ファーストメイト フィッシュウィズブルーベリー 猫 キャットフード,https://www.amazon.co.jp/s?k=%E3%83%95%E3%82%A1%E3%83%BC%E3%82%B9%E3%83%88%E3%83%A1%E3%82%A4%E3%83%88+%E3%83%95%E3%82%A3%E3%83%83%E3%82%B7%E3%83%A5%E3%82%A6%E3%82%A3%E3%82%BA%E3%83%96%E3%83%AB%E3%83%BC%E3%83%99%E3%83%AA%E3%83%BC+%E7%8C%AB+%E3%82%AD%E3%83%A3%E3%83%83%E3%83%88%E3%83%95%E3%83%BC%E3%83%89&i=pets,https://www.amazon.co.jp/s?k=%E3%83%95%E3%82%A1%E3%83%BC%E3%82%B9%E3%83%88%E3%83%A1%E3%82%A4%E3%83%88+%E3%83%95%E3%82%A3%E3%83%83%E3%82%B7%E3%83%A5%E3%82%A6%E3%82%A3%E3%82%BA%E3%83%96%E3%83%AB%E3%83%BC%E3%83%99%E3%83%AA%E3%83%BC+%E7%8C%AB+%E3%82%AD%E3%83%A3%E3%83%83%E3%83%88%E3%83%95%E3%83%BC%E3%83%89,,,search_url_generated,Amazon API未使用。検索結果から該当ASIN/商品URLを後で確認して差し替え。
product_0178,アクティブライン,brand_050,フォルツァ10,各社/輸入元,cat_food,フード,subcat_001,ドライフード,シリーズ,味・容量違いあり,B,プレミアム/通販系。日本流通は販売店確認推奨,https://www.min-petkenko.com/premiumFood.php?mode=cat,true,フォルツァ10 アクティブライン 猫 キャットフード,https://www.amazon.co.jp/s?k=%E3%83%95%E3%82%A9%E3%83%AB%E3%83%84%E3%82%A110+%E3%82%A2%E3%82%AF%E3%83%86%E3%82%A3%E3%83%96%E3%83%A9%E3%82%A4%E3%83%B3+%E7%8C%AB+%E3%82%AD%E3%83%A3%E3%83%83%E3%83%88%E3%83%95%E3%83%BC%E3%83%89&i=pets,https://www.amazon.co.jp/s?k=%E3%83%95%E3%82%A9%E3%83%AB%E3%83%84%E3%82%A110+%E3%82%A2%E3%82%AF%E3%83%86%E3%82%A3%E3%83%96%E3%83%A9%E3%82%A4%E3%83%B3+%E7%8C%AB+%E3%82%AD%E3%83%A3%E3%83%83%E3%83%88%E3%83%95%E3%83%BC%E3%83%89,,,search_url_generated,Amazon API未使用。検索結果から該当ASIN/商品URLを後で確認して差し替え。
product_0180,ミスターフルーツ,brand_050,フォルツァ10,各社/輸入元,cat_food,フード,subcat_001,ドライフード,シリーズ,味・容量違いあり,B,プレミアム/通販系。日本流通は販売店確認推奨,https://www.min-petkenko.com/premiumFood.php?mode=cat,true,フォルツァ10 ミスターフルーツ 猫 キャットフード,https://www.amazon.co.jp/s?k=%E3%83%95%E3%82%A9%E3%83%AB%E3%83%84%E3%82%A110+%E3%83%9F%E3%82%B9%E3%82%BF%E3%83%BC%E3%83%95%E3%83%AB%E3%83%BC%E3%83%84+%E7%8C%AB+%E3%82%AD%E3%83%A3%E3%83%83%E3%83%88%E3%83%95%E3%83%BC%E3%83%89&i=pets,https://www.amazon.co.jp/s?k=%E3%83%95%E3%82%A9%E3%83%AB%E3%83%84%E3%82%A110+%E3%83%9F%E3%82%B9%E3%82%BF%E3%83%BC%E3%83%95%E3%83%AB%E3%83%BC%E3%83%84+%E7%8C%AB+%E3%82%AD%E3%83%A3%E3%83%83%E3%83%88%E3%83%95%E3%83%BC%E3%83%89,,,search_url_generated,Amazon API未使用。検索結果から該当ASIN/商品URLを後で確認して差し替え。
product_0179,メンテナンス,brand_050,フォルツァ10,各社/輸入元,cat_food,フード,subcat_001,ドライフード,シリーズ,味・容量違いあり,B,プレミアム/通販系。日本流通は販売店確認推奨,https://www.min-petkenko.com/premiumFood.php?mode=cat,true,フォルツァ10 メンテナンス 猫 キャットフード,https://www.amazon.co.jp/s?k=%E3%83%95%E3%82%A9%E3%83%AB%E3%83%84%E3%82%A110+%E3%83%A1%E3%83%B3%E3%83%86%E3%83%8A%E3%83%B3%E3%82%B9+%E7%8C%AB+%E3%82%AD%E3%83%A3%E3%83%83%E3%83%88%E3%83%95%E3%83%BC%E3%83%89&i=pets,https://www.amazon.co.jp/s?k=%E3%83%95%E3%82%A9%E3%83%AB%E3%83%84%E3%82%A110+%E3%83%A1%E3%83%B3%E3%83%86%E3%83%8A%E3%83%B3%E3%82%B9+%E7%8C%AB+%E3%82%AD%E3%83%A3%E3%83%83%E3%83%88%E3%83%95%E3%83%BC%E3%83%89,,,search_url_generated,Amazon API未使用。検索結果から該当ASIN/商品URLを後で確認して差し替え。
product_0118,ドライ ミックス,brand_051,フリスキー,ネスレ ピュリナ,cat_food,フード,subcat_001,ドライフード,シリーズ,年齢・健康ニーズ・味違いあり,B,ピュリナ公式の猫用フードカテゴリ,https://purina.nestle.jp/food/cat,true,フリスキー ドライ ミックス 猫 キャットフード,https://www.amazon.co.jp/s?k=%E3%83%95%E3%83%AA%E3%82%B9%E3%82%AD%E3%83%BC+%E3%83%89%E3%83%A9%E3%82%A4+%E3%83%9F%E3%83%83%E3%82%AF%E3%82%B9+%E7%8C%AB+%E3%82%AD%E3%83%A3%E3%83%83%E3%83%88%E3%83%95%E3%83%BC%E3%83%89&i=pets,https://www.amazon.co.jp/s?k=%E3%83%95%E3%83%AA%E3%82%B9%E3%82%AD%E3%83%BC+%E3%83%89%E3%83%A9%E3%82%A4+%E3%83%9F%E3%83%83%E3%82%AF%E3%82%B9+%E7%8C%AB+%E3%82%AD%E3%83%A3%E3%83%83%E3%83%88%E3%83%95%E3%83%BC%E3%83%89,,,search_url_generated,Amazon API未使用。検索結果から該当ASIN/商品URLを後で確認して差し替え。
product_0174,キャット pHコントロール,brand_052,ブリスミックス,各社/輸入元,cat_food,フード,subcat_001,ドライフード,シリーズ,味・容量違いあり,B,プレミアム/通販系。日本流通は販売店確認推奨,https://www.min-petkenko.com/premiumFood.php?mode=cat,true,ブリスミックス キャット pHコントロール 猫 キャットフード,https://www.amazon.co.jp/s?k=%E3%83%96%E3%83%AA%E3%82%B9%E3%83%9F%E3%83%83%E3%82%AF%E3%82%B9+%E3%82%AD%E3%83%A3%E3%83%83%E3%83%88+pH%E3%82%B3%E3%83%B3%E3%83%88%E3%83%AD%E3%83%BC%E3%83%AB+%E7%8C%AB+%E3%82%AD%E3%83%A3%E3%83%83%E3%83%88%E3%83%95%E3%83%BC%E3%83%89&i=pets,https://www.amazon.co.jp/s?k=%E3%83%96%E3%83%AA%E3%82%B9%E3%83%9F%E3%83%83%E3%82%AF%E3%82%B9+%E3%82%AD%E3%83%A3%E3%83%83%E3%83%88+pH%E3%82%B3%E3%83%B3%E3%83%88%E3%83%AD%E3%83%BC%E3%83%AB+%E7%8C%AB+%E3%82%AD%E3%83%A3%E3%83%83%E3%83%88%E3%83%95%E3%83%BC%E3%83%89,,,search_url_generated,Amazon API未使用。検索結果から該当ASIN/商品URLを後で確認して差し替え。
product_0175,グレインフリー,brand_052,ブリスミックス,各社/輸入元,cat_food,フード,subcat_001,ドライフード,シリーズ,味・容量違いあり,B,プレミアム/通販系。日本流通は販売店確認推奨,https://www.min-petkenko.com/premiumFood.php?mode=cat,true,ブリスミックス グレインフリー 猫 キャットフード,https://www.amazon.co.jp/s?k=%E3%83%96%E3%83%AA%E3%82%B9%E3%83%9F%E3%83%83%E3%82%AF%E3%82%B9+%E3%82%B0%E3%83%AC%E3%82%A4%E3%83%B3%E3%83%95%E3%83%AA%E3%83%BC+%E7%8C%AB+%E3%82%AD%E3%83%A3%E3%83%83%E3%83%88%E3%83%95%E3%83%BC%E3%83%89&i=pets,https://www.amazon.co.jp/s?k=%E3%83%96%E3%83%AA%E3%82%B9%E3%83%9F%E3%83%83%E3%82%AF%E3%82%B9+%E3%82%B0%E3%83%AC%E3%82%A4%E3%83%B3%E3%83%95%E3%83%AA%E3%83%BC+%E7%8C%AB+%E3%82%AD%E3%83%A3%E3%83%83%E3%83%88%E3%83%95%E3%83%BC%E3%83%89,,,search_url_generated,Amazon API未使用。検索結果から該当ASIN/商品URLを後で確認して差し替え。
product_0049,プロステージ ル・シャット デトレ,brand_053,プロステージ,ペットライン,cat_food,フード,subcat_001,ドライフード,シリーズ,年齢/体質/味違いあり,B,国産フード系の主要ブランド,https://www.petline.co.jp/cat/,true,プロステージ ル・シャット デトレ 猫 キャットフード,https://www.amazon.co.jp/s?k=%E3%83%97%E3%83%AD%E3%82%B9%E3%83%86%E3%83%BC%E3%82%B8+%E3%83%AB%E3%83%BB%E3%82%B7%E3%83%A3%E3%83%83%E3%83%88+%E3%83%87%E3%83%88%E3%83%AC+%E7%8C%AB+%E3%82%AD%E3%83%A3%E3%83%83%E3%83%88%E3%83%95%E3%83%BC%E3%83%89&i=pets,https://www.amazon.co.jp/s?k=%E3%83%97%E3%83%AD%E3%82%B9%E3%83%86%E3%83%BC%E3%82%B8+%E3%83%AB%E3%83%BB%E3%82%B7%E3%83%A3%E3%83%83%E3%83%88+%E3%83%87%E3%83%88%E3%83%AC+%E7%8C%AB+%E3%82%AD%E3%83%A3%E3%83%83%E3%83%88%E3%83%95%E3%83%BC%E3%83%89,,,search_url_generated,Amazon API未使用。検索結果から該当ASIN/商品URLを後で確認して差し替え。
product_0050,プロステージ ル・シャット ヌクレ,brand_053,プロステージ,ペットライン,cat_food,フード,subcat_001,ドライフード,シリーズ,年齢/体質/味違いあり,B,国産フード系の主要ブランド,https://www.petline.co.jp/cat/,true,プロステージ ル・シャット ヌクレ 猫 キャットフード,https://www.amazon.co.jp/s?k=%E3%83%97%E3%83%AD%E3%82%B9%E3%83%86%E3%83%BC%E3%82%B8+%E3%83%AB%E3%83%BB%E3%82%B7%E3%83%A3%E3%83%83%E3%83%88+%E3%83%8C%E3%82%AF%E3%83%AC+%E7%8C%AB+%E3%82%AD%E3%83%A3%E3%83%83%E3%83%88%E3%83%95%E3%83%BC%E3%83%89&i=pets,https://www.amazon.co.jp/s?k=%E3%83%97%E3%83%AD%E3%82%B9%E3%83%86%E3%83%BC%E3%82%B8+%E3%83%AB%E3%83%BB%E3%82%B7%E3%83%A3%E3%83%83%E3%83%88+%E3%83%8C%E3%82%AF%E3%83%AC+%E7%8C%AB+%E3%82%AD%E3%83%A3%E3%83%83%E3%83%88%E3%83%95%E3%83%BC%E3%83%89,,,search_url_generated,Amazon API未使用。検索結果から該当ASIN/商品URLを後で確認して差し替え。
product_0051,プロステージ ル・シャット ファーレ,brand_053,プロステージ,ペットライン,cat_food,フード,subcat_001,ドライフード,シリーズ,年齢/体質/味違いあり,B,国産フード系の主要ブランド,https://www.petline.co.jp/cat/,true,プロステージ ル・シャット ファーレ 猫 キャットフード,https://www.amazon.co.jp/s?k=%E3%83%97%E3%83%AD%E3%82%B9%E3%83%86%E3%83%BC%E3%82%B8+%E3%83%AB%E3%83%BB%E3%82%B7%E3%83%A3%E3%83%83%E3%83%88+%E3%83%95%E3%82%A1%E3%83%BC%E3%83%AC+%E7%8C%AB+%E3%82%AD%E3%83%A3%E3%83%83%E3%83%88%E3%83%95%E3%83%BC%E3%83%89&i=pets,https://www.amazon.co.jp/s?k=%E3%83%97%E3%83%AD%E3%82%B9%E3%83%86%E3%83%BC%E3%82%B8+%E3%83%AB%E3%83%BB%E3%82%B7%E3%83%A3%E3%83%83%E3%83%88+%E3%83%95%E3%82%A1%E3%83%BC%E3%83%AC+%E7%8C%AB+%E3%82%AD%E3%83%A3%E3%83%83%E3%83%88%E3%83%95%E3%83%BC%E3%83%89,,,search_url_generated,Amazon API未使用。検索結果から該当ASIN/商品URLを後で確認して差し替え。
product_0361,プロフェッショナル・バランス エクストラケア,brand_073,プロフェッショナル・バランス,ペットライン,cat_food,フード,subcat_001,ドライフード,ドライフード,味・容量違いはSKUで管理,B,追加候補: ペットライン公式キャットフード一覧確認,https://www.petline.co.jp/cat/,true,プロフェッショナル・バランス エクストラケア 猫 キャットフード,https://www.amazon.co.jp/s?k=%E3%83%97%E3%83%AD%E3%83%95%E3%82%A7%E3%83%83%E3%82%B7%E3%83%A7%E3%83%8A%E3%83%AB%E3%83%BB%E3%83%90%E3%83%A9%E3%83%B3%E3%82%B9+%E3%82%A8%E3%82%AF%E3%82%B9%E3%83%88%E3%83%A9%E3%82%B1%E3%82%A2+%E7%8C%AB+%E3%82%AD%E3%83%A3%E3%83%83%E3%83%88%E3%83%95%E3%83%BC%E3%83%89&i=pets,https://www.amazon.co.jp/s?k=%E3%83%97%E3%83%AD%E3%83%95%E3%82%A7%E3%83%83%E3%82%B7%E3%83%A7%E3%83%8A%E3%83%AB%E3%83%BB%E3%83%90%E3%83%A9%E3%83%B3%E3%82%B9+%E3%82%A8%E3%82%AF%E3%82%B9%E3%83%88%E3%83%A9%E3%82%B1%E3%82%A2+%E7%8C%AB+%E3%82%AD%E3%83%A3%E3%83%83%E3%83%88%E3%83%95%E3%83%BC%E3%83%89,,,search_url_generated,Amazon API未使用。検索結果から該当ASIN/商品URLを後で確認して差し替え。
product_0059,ミオ ドライミックス,brand_055,ミオ,日本ペットフード,cat_food,フード,subcat_001,ドライフード,シリーズ,年齢・健康ニーズ別,B,日本ペットフードの猫用主要カテゴリ,https://www.npf.co.jp/cat-products,true,ミオ ドライミックス 猫 キャットフード,https://www.amazon.co.jp/s?k=%E3%83%9F%E3%82%AA+%E3%83%89%E3%83%A9%E3%82%A4%E3%83%9F%E3%83%83%E3%82%AF%E3%82%B9+%E7%8C%AB+%E3%82%AD%E3%83%A3%E3%83%83%E3%83%88%E3%83%95%E3%83%BC%E3%83%89&i=pets,https://www.amazon.co.jp/s?k=%E3%83%9F%E3%82%AA+%E3%83%89%E3%83%A9%E3%82%A4%E3%83%9F%E3%83%83%E3%82%AF%E3%82%B9+%E7%8C%AB+%E3%82%AD%E3%83%A3%E3%83%83%E3%83%88%E3%83%95%E3%83%BC%E3%83%89,,,search_url_generated,Amazon API未使用。検索結果から該当ASIN/商品URLを後で確認して差し替え。
product_0039,メディファス 11歳から,brand_056,メディファス,ペットライン,cat_food,フード,subcat_001,ドライフード,シリーズ,年齢/体質/味違いあり,A,国産フード系の主要ブランド,https://www.petline.co.jp/cat/,true,メディファス 11歳から 猫 キャットフード,https://www.amazon.co.jp/s?k=%E3%83%A1%E3%83%87%E3%82%A3%E3%83%95%E3%82%A1%E3%82%B9+11%E6%AD%B3%E3%81%8B%E3%82%89+%E7%8C%AB+%E3%82%AD%E3%83%A3%E3%83%83%E3%83%88%E3%83%95%E3%83%BC%E3%83%89&i=pets,https://www.amazon.co.jp/s?k=%E3%83%A1%E3%83%87%E3%82%A3%E3%83%95%E3%82%A1%E3%82%B9+11%E6%AD%B3%E3%81%8B%E3%82%89+%E7%8C%AB+%E3%82%AD%E3%83%A3%E3%83%83%E3%83%88%E3%83%95%E3%83%BC%E3%83%89,,,search_url_generated,Amazon API未使用。検索結果から該当ASIN/商品URLを後で確認して差し替え。
product_0035,メディファス 1歳から,brand_056,メディファス,ペットライン,cat_food,フード,subcat_001,ドライフード,シリーズ,年齢/体質/味違いあり,A,国産フード系の主要ブランド,https://www.petline.co.jp/cat/,true,メディファス 1歳から 猫 キャットフード,https://www.amazon.co.jp/s?k=%E3%83%A1%E3%83%87%E3%82%A3%E3%83%95%E3%82%A1%E3%82%B9+1%E6%AD%B3%E3%81%8B%E3%82%89+%E7%8C%AB+%E3%82%AD%E3%83%A3%E3%83%83%E3%83%88%E3%83%95%E3%83%BC%E3%83%89&i=pets,https://www.amazon.co.jp/s?k=%E3%83%A1%E3%83%87%E3%82%A3%E3%83%95%E3%82%A1%E3%82%B9+1%E6%AD%B3%E3%81%8B%E3%82%89+%E7%8C%AB+%E3%82%AD%E3%83%A3%E3%83%83%E3%83%88%E3%83%95%E3%83%BC%E3%83%89,,,search_url_generated,Amazon API未使用。検索結果から該当ASIN/商品URLを後で確認して差し替え。
product_0038,メディファス 7歳から,brand_056,メディファス,ペットライン,cat_food,フード,subcat_001,ドライフード,シリーズ,年齢/体質/味違いあり,A,国産フード系の主要ブランド,https://www.petline.co.jp/cat/,true,メディファス 7歳から 猫 キャットフード,https://www.amazon.co.jp/s?k=%E3%83%A1%E3%83%87%E3%82%A3%E3%83%95%E3%82%A1%E3%82%B9+7%E6%AD%B3%E3%81%8B%E3%82%89+%E7%8C%AB+%E3%82%AD%E3%83%A3%E3%83%83%E3%83%88%E3%83%95%E3%83%BC%E3%83%89&i=pets,https://www.amazon.co.jp/s?k=%E3%83%A1%E3%83%87%E3%82%A3%E3%83%95%E3%82%A1%E3%82%B9+7%E6%AD%B3%E3%81%8B%E3%82%89+%E7%8C%AB+%E3%82%AD%E3%83%A3%E3%83%83%E3%83%88%E3%83%95%E3%83%BC%E3%83%89,,,search_url_generated,Amazon API未使用。検索結果から該当ASIN/商品URLを後で確認して差し替え。
product_0040,メディファス アドバンス,brand_056,メディファス,ペットライン,cat_food,フード,subcat_001,ドライフード,シリーズ,年齢/体質/味違いあり,A,国産フード系の主要ブランド,https://www.petline.co.jp/cat/,true,メディファス アドバンス 猫 キャットフード,https://www.amazon.co.jp/s?k=%E3%83%A1%E3%83%87%E3%82%A3%E3%83%95%E3%82%A1%E3%82%B9+%E3%82%A2%E3%83%89%E3%83%90%E3%83%B3%E3%82%B9+%E7%8C%AB+%E3%82%AD%E3%83%A3%E3%83%83%E3%83%88%E3%83%95%E3%83%BC%E3%83%89&i=pets,https://www.amazon.co.jp/s?k=%E3%83%A1%E3%83%87%E3%82%A3%E3%83%95%E3%82%A1%E3%82%B9+%E3%82%A2%E3%83%89%E3%83%90%E3%83%B3%E3%82%B9+%E7%8C%AB+%E3%82%AD%E3%83%A3%E3%83%83%E3%83%88%E3%83%95%E3%83%BC%E3%83%89,,,search_url_generated,Amazon API未使用。検索結果から該当ASIN/商品URLを後で確認して差し替え。
product_0034,メディファス 子ねこ,brand_056,メディファス,ペットライン,cat_food,フード,subcat_001,ドライフード,シリーズ,年齢/体質/味違いあり,A,国産フード系の主要ブランド,https://www.petline.co.jp/cat/,true,メディファス 子ねこ 猫 キャットフード,https://www.amazon.co.jp/s?k=%E3%83%A1%E3%83%87%E3%82%A3%E3%83%95%E3%82%A1%E3%82%B9+%E5%AD%90%E3%81%AD%E3%81%93+%E7%8C%AB+%E3%82%AD%E3%83%A3%E3%83%83%E3%83%88%E3%83%95%E3%83%BC%E3%83%89&i=pets,https://www.amazon.co.jp/s?k=%E3%83%A1%E3%83%87%E3%82%A3%E3%83%95%E3%82%A1%E3%82%B9+%E5%AD%90%E3%81%AD%E3%81%93+%E7%8C%AB+%E3%82%AD%E3%83%A3%E3%83%83%E3%83%88%E3%83%95%E3%83%BC%E3%83%89,,,search_url_generated,Amazon API未使用。検索結果から該当ASIN/商品URLを後で確認して差し替え。
product_0037,メディファス 室内猫 毛玉ケア,brand_056,メディファス,ペットライン,cat_food,フード,subcat_001,ドライフード,シリーズ,年齢/体質/味違いあり,A,国産フード系の主要ブランド,https://www.petline.co.jp/cat/,true,メディファス 室内猫 毛玉ケア 猫 キャットフード,https://www.amazon.co.jp/s?k=%E3%83%A1%E3%83%87%E3%82%A3%E3%83%95%E3%82%A1%E3%82%B9+%E5%AE%A4%E5%86%85%E7%8C%AB+%E6%AF%9B%E7%8E%89%E3%82%B1%E3%82%A2+%E7%8C%AB+%E3%82%AD%E3%83%A3%E3%83%83%E3%83%88%E3%83%95%E3%83%BC%E3%83%89&i=pets,https://www.amazon.co.jp/s?k=%E3%83%A1%E3%83%87%E3%82%A3%E3%83%95%E3%82%A1%E3%82%B9+%E5%AE%A4%E5%86%85%E7%8C%AB+%E6%AF%9B%E7%8E%89%E3%82%B1%E3%82%A2+%E7%8C%AB+%E3%82%AD%E3%83%A3%E3%83%83%E3%83%88%E3%83%95%E3%83%BC%E3%83%89,,,search_url_generated,Amazon API未使用。検索結果から該当ASIN/商品URLを後で確認して差し替え。
product_0036,メディファス 避妊・去勢後のケア,brand_056,メディファス,ペットライン,cat_food,フード,subcat_001,ドライフード,シリーズ,年齢/体質/味違いあり,A,国産フード系の主要ブランド,https://www.petline.co.jp/cat/,true,メディファス 避妊・去勢後のケア 猫 キャットフード,https://www.amazon.co.jp/s?k=%E3%83%A1%E3%83%87%E3%82%A3%E3%83%95%E3%82%A1%E3%82%B9+%E9%81%BF%E5%A6%8A%E3%83%BB%E5%8E%BB%E5%8B%A2%E5%BE%8C%E3%81%AE%E3%82%B1%E3%82%A2+%E7%8C%AB+%E3%82%AD%E3%83%A3%E3%83%83%E3%83%88%E3%83%95%E3%83%BC%E3%83%89&i=pets,https://www.amazon.co.jp/s?k=%E3%83%A1%E3%83%87%E3%82%A3%E3%83%95%E3%82%A1%E3%82%B9+%E9%81%BF%E5%A6%8A%E3%83%BB%E5%8E%BB%E5%8B%A2%E5%BE%8C%E3%81%AE%E3%82%B1%E3%82%A2+%E7%8C%AB+%E3%82%AD%E3%83%A3%E3%83%83%E3%83%88%E3%83%95%E3%83%BC%E3%83%89,,,search_url_generated,Amazon API未使用。検索結果から該当ASIN/商品URLを後で確認して差し替え。
product_0198,モグニャン キャットフード,brand_057,モグニャン,各社/輸入元,cat_food,フード,subcat_001,ドライフード,シリーズ,味・容量違いあり,B,プレミアム/通販系。日本流通は販売店確認推奨,https://www.min-petkenko.com/premiumFood.php?mode=cat,true,モグニャン キャットフード 猫 キャットフード,https://www.amazon.co.jp/s?k=%E3%83%A2%E3%82%B0%E3%83%8B%E3%83%A3%E3%83%B3+%E3%82%AD%E3%83%A3%E3%83%83%E3%83%88%E3%83%95%E3%83%BC%E3%83%89+%E7%8C%AB+%E3%82%AD%E3%83%A3%E3%83%83%E3%83%88%E3%83%95%E3%83%BC%E3%83%89&i=pets,https://www.amazon.co.jp/s?k=%E3%83%A2%E3%82%B0%E3%83%8B%E3%83%A3%E3%83%B3+%E3%82%AD%E3%83%A3%E3%83%83%E3%83%88%E3%83%95%E3%83%BC%E3%83%89+%E7%8C%AB+%E3%82%AD%E3%83%A3%E3%83%83%E3%83%88%E3%83%95%E3%83%BC%E3%83%89,,,search_url_generated,Amazon API未使用。検索結果から該当ASIN/商品URLを後で確認して差し替え。
product_0112,バッグ ドライ,brand_058,モンプチ,ネスレ ピュリナ,cat_food,フード,subcat_001,ドライフード,シリーズ,年齢・健康ニーズ・味違いあり,A,ピュリナ公式の猫用フードカテゴリ,https://purina.nestle.jp/our-brands/monpetit,true,モンプチ バッグ ドライ 猫 キャットフード,https://www.amazon.co.jp/s?k=%E3%83%A2%E3%83%B3%E3%83%97%E3%83%81+%E3%83%90%E3%83%83%E3%82%B0+%E3%83%89%E3%83%A9%E3%82%A4+%E7%8C%AB+%E3%82%AD%E3%83%A3%E3%83%83%E3%83%88%E3%83%95%E3%83%BC%E3%83%89&i=pets,https://www.amazon.co.jp/s?k=%E3%83%A2%E3%83%B3%E3%83%97%E3%83%81+%E3%83%90%E3%83%83%E3%82%B0+%E3%83%89%E3%83%A9%E3%82%A4+%E7%8C%AB+%E3%82%AD%E3%83%A3%E3%83%83%E3%83%88%E3%83%95%E3%83%BC%E3%83%89,,,search_url_generated,Amazon API未使用。検索結果から該当ASIN/商品URLを後で確認して差し替え。
product_0066,ラシーネ スコティッシュ・フォールド等猫種別,brand_059,ラシーネ,日本ペットフード,cat_food,フード,subcat_001,ドライフード,シリーズ,年齢・健康ニーズ別,B,日本ペットフードの猫用主要カテゴリ,https://www.npf.co.jp/cat-products,true,ラシーネ スコティッシュ・フォールド等猫種別 猫 キャットフード,https://www.amazon.co.jp/s?k=%E3%83%A9%E3%82%B7%E3%83%BC%E3%83%8D+%E3%82%B9%E3%82%B3%E3%83%86%E3%82%A3%E3%83%83%E3%82%B7%E3%83%A5%E3%83%BB%E3%83%95%E3%82%A9%E3%83%BC%E3%83%AB%E3%83%89%E7%AD%89%E7%8C%AB%E7%A8%AE%E5%88%A5+%E7%8C%AB+%E3%82%AD%E3%83%A3%E3%83%83%E3%83%88%E3%83%95%E3%83%BC%E3%83%89&i=pets,https://www.amazon.co.jp/s?k=%E3%83%A9%E3%82%B7%E3%83%BC%E3%83%8D+%E3%82%B9%E3%82%B3%E3%83%86%E3%82%A3%E3%83%83%E3%82%B7%E3%83%A5%E3%83%BB%E3%83%95%E3%82%A9%E3%83%BC%E3%83%AB%E3%83%89%E7%AD%89%E7%8C%AB%E7%A8%AE%E5%88%A5+%E7%8C%AB+%E3%82%AD%E3%83%A3%E3%83%83%E3%83%88%E3%83%95%E3%83%BC%E3%83%89,,,search_url_generated,Amazon API未使用。検索結果から該当ASIN/商品URLを後で確認して差し替え。
product_0065,ラシーネ 日本猫,brand_059,ラシーネ,日本ペットフード,cat_food,フード,subcat_001,ドライフード,シリーズ,年齢・健康ニーズ別,B,日本ペットフードの猫用主要カテゴリ,https://www.npf.co.jp/cat-products,true,ラシーネ 日本猫 猫 キャットフード,https://www.amazon.co.jp/s?k=%E3%83%A9%E3%82%B7%E3%83%BC%E3%83%8D+%E6%97%A5%E6%9C%AC%E7%8C%AB+%E7%8C%AB+%E3%82%AD%E3%83%A3%E3%83%83%E3%83%88%E3%83%95%E3%83%BC%E3%83%89&i=pets,https://www.amazon.co.jp/s?k=%E3%83%A9%E3%82%B7%E3%83%BC%E3%83%8D+%E6%97%A5%E6%9C%AC%E7%8C%AB+%E7%8C%AB+%E3%82%AD%E3%83%A3%E3%83%83%E3%83%88%E3%83%95%E3%83%BC%E3%83%89,,,search_url_generated,Amazon API未使用。検索結果から該当ASIN/商品URLを後で確認して差し替え。
product_0067,ロイヤルカナン FHN インドア,brand_060,ロイヤルカナン,ロイヤルカナン,cat_food,フード,subcat_001,ドライフード,シリーズ,年齢/猫種/健康ニーズ別,A,総合栄養食の主要ライン,https://www.royalcanin.com/jp-shop/cats,true,ロイヤルカナン FHN インドア 猫 キャットフード,https://www.amazon.co.jp/s?k=%E3%83%AD%E3%82%A4%E3%83%A4%E3%83%AB%E3%82%AB%E3%83%8A%E3%83%B3+FHN+%E3%82%A4%E3%83%B3%E3%83%89%E3%82%A2+%E7%8C%AB+%E3%82%AD%E3%83%A3%E3%83%83%E3%83%88%E3%83%95%E3%83%BC%E3%83%89&i=pets,https://www.amazon.co.jp/s?k=%E3%83%AD%E3%82%A4%E3%83%A4%E3%83%AB%E3%82%AB%E3%83%8A%E3%83%B3+FHN+%E3%82%A4%E3%83%B3%E3%83%89%E3%82%A2+%E7%8C%AB+%E3%82%AD%E3%83%A3%E3%83%83%E3%83%88%E3%83%95%E3%83%BC%E3%83%89,,,search_url_generated,Amazon API未使用。検索結果から該当ASIN/商品URLを後で確認して差し替え。
product_0070,ロイヤルカナン FHN センシブル,brand_060,ロイヤルカナン,ロイヤルカナン,cat_food,フード,subcat_001,ドライフード,シリーズ,年齢/猫種/健康ニーズ別,A,総合栄養食の主要ライン,https://www.royalcanin.com/jp-shop/cats,true,ロイヤルカナン FHN センシブル 猫 キャットフード,https://www.amazon.co.jp/s?k=%E3%83%AD%E3%82%A4%E3%83%A4%E3%83%AB%E3%82%AB%E3%83%8A%E3%83%B3+FHN+%E3%82%BB%E3%83%B3%E3%82%B7%E3%83%96%E3%83%AB+%E7%8C%AB+%E3%82%AD%E3%83%A3%E3%83%83%E3%83%88%E3%83%95%E3%83%BC%E3%83%89&i=pets,https://www.amazon.co.jp/s?k=%E3%83%AD%E3%82%A4%E3%83%A4%E3%83%AB%E3%82%AB%E3%83%8A%E3%83%B3+FHN+%E3%82%BB%E3%83%B3%E3%82%B7%E3%83%96%E3%83%AB+%E7%8C%AB+%E3%82%AD%E3%83%A3%E3%83%83%E3%83%88%E3%83%95%E3%83%BC%E3%83%89,,,search_url_generated,Amazon API未使用。検索結果から該当ASIN/商品URLを後で確認して差し替え。
product_0068,ロイヤルカナン FHN ヘアボールケア,brand_060,ロイヤルカナン,ロイヤルカナン,cat_food,フード,subcat_001,ドライフード,シリーズ,年齢/猫種/健康ニーズ別,A,総合栄養食の主要ライン,https://www.royalcanin.com/jp-shop/cats,true,ロイヤルカナン FHN ヘアボールケア 猫 キャットフード,https://www.amazon.co.jp/s?k=%E3%83%AD%E3%82%A4%E3%83%A4%E3%83%AB%E3%82%AB%E3%83%8A%E3%83%B3+FHN+%E3%83%98%E3%82%A2%E3%83%9C%E3%83%BC%E3%83%AB%E3%82%B1%E3%82%A2+%E7%8C%AB+%E3%82%AD%E3%83%A3%E3%83%83%E3%83%88%E3%83%95%E3%83%BC%E3%83%89&i=pets,https://www.amazon.co.jp/s?k=%E3%83%AD%E3%82%A4%E3%83%A4%E3%83%AB%E3%82%AB%E3%83%8A%E3%83%B3+FHN+%E3%83%98%E3%82%A2%E3%83%9C%E3%83%BC%E3%83%AB%E3%82%B1%E3%82%A2+%E7%8C%AB+%E3%82%AD%E3%83%A3%E3%83%83%E3%83%88%E3%83%95%E3%83%BC%E3%83%89,,,search_url_generated,Amazon API未使用。検索結果から該当ASIN/商品URLを後で確認して差し替え。
product_0069,ロイヤルカナン FHN ユリナリーケア,brand_060,ロイヤルカナン,ロイヤルカナン,cat_food,フード,subcat_001,ドライフード,シリーズ,年齢/猫種/健康ニーズ別,A,総合栄養食の主要ライン,https://www.royalcanin.com/jp-shop/cats,true,ロイヤルカナン FHN ユリナリーケア 猫 キャットフード,https://www.amazon.co.jp/s?k=%E3%83%AD%E3%82%A4%E3%83%A4%E3%83%AB%E3%82%AB%E3%83%8A%E3%83%B3+FHN+%E3%83%A6%E3%83%AA%E3%83%8A%E3%83%AA%E3%83%BC%E3%82%B1%E3%82%A2+%E7%8C%AB+%E3%82%AD%E3%83%A3%E3%83%83%E3%83%88%E3%83%95%E3%83%BC%E3%83%89&i=pets,https://www.amazon.co.jp/s?k=%E3%83%AD%E3%82%A4%E3%83%A4%E3%83%AB%E3%82%AB%E3%83%8A%E3%83%B3+FHN+%E3%83%A6%E3%83%AA%E3%83%8A%E3%83%AA%E3%83%BC%E3%82%B1%E3%82%A2+%E7%8C%AB+%E3%82%AD%E3%83%A3%E3%83%83%E3%83%88%E3%83%95%E3%83%BC%E3%83%89,,,search_url_generated,Amazon API未使用。検索結果から該当ASIN/商品URLを後で確認して差し替え。
product_0073,ロイヤルカナン エイジング12+,brand_060,ロイヤルカナン,ロイヤルカナン,cat_food,フード,subcat_001,ドライフード,シリーズ,年齢/猫種/健康ニーズ別,A,総合栄養食の主要ライン,https://www.royalcanin.com/jp-shop/cats,true,ロイヤルカナン エイジング12+ 猫 キャットフード,https://www.amazon.co.jp/s?k=%E3%83%AD%E3%82%A4%E3%83%A4%E3%83%AB%E3%82%AB%E3%83%8A%E3%83%B3+%E3%82%A8%E3%82%A4%E3%82%B8%E3%83%B3%E3%82%B012%2B+%E7%8C%AB+%E3%82%AD%E3%83%A3%E3%83%83%E3%83%88%E3%83%95%E3%83%BC%E3%83%89&i=pets,https://www.amazon.co.jp/s?k=%E3%83%AD%E3%82%A4%E3%83%A4%E3%83%AB%E3%82%AB%E3%83%8A%E3%83%B3+%E3%82%A8%E3%82%A4%E3%82%B8%E3%83%B3%E3%82%B012%2B+%E7%8C%AB+%E3%82%AD%E3%83%A3%E3%83%83%E3%83%88%E3%83%95%E3%83%BC%E3%83%89,,,search_url_generated,Amazon API未使用。検索結果から該当ASIN/商品URLを後で確認して差し替え。
product_0071,ロイヤルカナン キトン,brand_060,ロイヤルカナン,ロイヤルカナン,cat_food,フード,subcat_001,ドライフード,シリーズ,年齢/猫種/健康ニーズ別,A,総合栄養食の主要ライン,https://www.royalcanin.com/jp-shop/cats,true,ロイヤルカナン キトン 猫 キャットフード,https://www.amazon.co.jp/s?k=%E3%83%AD%E3%82%A4%E3%83%A4%E3%83%AB%E3%82%AB%E3%83%8A%E3%83%B3+%E3%82%AD%E3%83%88%E3%83%B3+%E7%8C%AB+%E3%82%AD%E3%83%A3%E3%83%83%E3%83%88%E3%83%95%E3%83%BC%E3%83%89&i=pets,https://www.amazon.co.jp/s?k=%E3%83%AD%E3%82%A4%E3%83%A4%E3%83%AB%E3%82%AB%E3%83%8A%E3%83%B3+%E3%82%AD%E3%83%88%E3%83%B3+%E7%8C%AB+%E3%82%AD%E3%83%A3%E3%83%83%E3%83%88%E3%83%95%E3%83%BC%E3%83%89,,,search_url_generated,Amazon API未使用。検索結果から該当ASIN/商品URLを後で確認して差し替え。
product_0072,ロイヤルカナン マザー&ベビーキャット,brand_060,ロイヤルカナン,ロイヤルカナン,cat_food,フード,subcat_001,ドライフード,シリーズ,年齢/猫種/健康ニーズ別,A,総合栄養食の主要ライン,https://www.royalcanin.com/jp-shop/cats,true,ロイヤルカナン マザー&ベビーキャット 猫 キャットフード,https://www.amazon.co.jp/s?k=%E3%83%AD%E3%82%A4%E3%83%A4%E3%83%AB%E3%82%AB%E3%83%8A%E3%83%B3+%E3%83%9E%E3%82%B6%E3%83%BC%26%E3%83%99%E3%83%93%E3%83%BC%E3%82%AD%E3%83%A3%E3%83%83%E3%83%88+%E7%8C%AB+%E3%82%AD%E3%83%A3%E3%83%83%E3%83%88%E3%83%95%E3%83%BC%E3%83%89&i=pets,https://www.amazon.co.jp/s?k=%E3%83%AD%E3%82%A4%E3%83%A4%E3%83%AB%E3%82%AB%E3%83%8A%E3%83%B3+%E3%83%9E%E3%82%B6%E3%83%BC%26%E3%83%99%E3%83%93%E3%83%BC%E3%82%AD%E3%83%A3%E3%83%83%E3%83%88+%E7%8C%AB+%E3%82%AD%E3%83%A3%E3%83%83%E3%83%88%E3%83%95%E3%83%BC%E3%83%89,,,search_url_generated,Amazon API未使用。検索結果から該当ASIN/商品URLを後で確認して差し替え。
product_0074,ロイヤルカナン 猫種専用（アメリカンショートヘアー等）,brand_060,ロイヤルカナン,ロイヤルカナン,cat_food,フード,subcat_001,ドライフード,シリーズ,年齢/猫種/健康ニーズ別,A,総合栄養食の主要ライン,https://www.royalcanin.com/jp-shop/cats,true,ロイヤルカナン 猫種専用（アメリカンショートヘアー等） 猫 キャットフード,https://www.amazon.co.jp/s?k=%E3%83%AD%E3%82%A4%E3%83%A4%E3%83%AB%E3%82%AB%E3%83%8A%E3%83%B3+%E7%8C%AB%E7%A8%AE%E5%B0%82%E7%94%A8%EF%BC%88%E3%82%A2%E3%83%A1%E3%83%AA%E3%82%AB%E3%83%B3%E3%82%B7%E3%83%A7%E3%83%BC%E3%83%88%E3%83%98%E3%82%A2%E3%83%BC%E7%AD%89%EF%BC%89+%E7%8C%AB+%E3%82%AD%E3%83%A3%E3%83%83%E3%83%88%E3%83%95%E3%83%BC%E3%83%89&i=pets,https://www.amazon.co.jp/s?k=%E3%83%AD%E3%82%A4%E3%83%A4%E3%83%AB%E3%82%AB%E3%83%8A%E3%83%B3+%E7%8C%AB%E7%A8%AE%E5%B0%82%E7%94%A8%EF%BC%88%E3%82%A2%E3%83%A1%E3%83%AA%E3%82%AB%E3%83%B3%E3%82%B7%E3%83%A7%E3%83%BC%E3%83%88%E3%83%98%E3%82%A2%E3%83%BC%E7%AD%89%EF%BC%89+%E7%8C%AB+%E3%82%AD%E3%83%A3%E3%83%83%E3%83%88%E3%83%95%E3%83%BC%E3%83%89,,,search_url_generated,Amazon API未使用。検索結果から該当ASIN/商品URLを後で確認して差し替え。
product_0045,懐石 2dish,brand_062,懐石,ペットライン,cat_food,フード,subcat_001,ドライフード,シリーズ,年齢/体質/味違いあり,A,国産フード系の主要ブランド,https://www.petline.co.jp/cat/,true,懐石 2dish 猫 キャットフード,https://www.amazon.co.jp/s?k=%E6%87%90%E7%9F%B3+2dish+%E7%8C%AB+%E3%82%AD%E3%83%A3%E3%83%83%E3%83%88%E3%83%95%E3%83%BC%E3%83%89&i=pets,https://www.amazon.co.jp/s?k=%E6%87%90%E7%9F%B3+2dish+%E7%8C%AB+%E3%82%AD%E3%83%A3%E3%83%83%E3%83%88%E3%83%95%E3%83%BC%E3%83%89,,,search_url_generated,Amazon API未使用。検索結果から該当ASIN/商品URLを後で確認して差し替え。
product_0354,懐石 2つのごほうび,brand_062,懐石,ペットライン,cat_food,フード,subcat_001,ドライフード,ドライフード,味・容量違いはSKUで管理,B,追加候補: ペットライン公式キャットフード一覧確認,https://www.petline.co.jp/cat/,true,懐石 2つのごほうび 猫 キャットフード,https://www.amazon.co.jp/s?k=%E6%87%90%E7%9F%B3+2%E3%81%A4%E3%81%AE%E3%81%94%E3%81%BB%E3%81%86%E3%81%B3+%E7%8C%AB+%E3%82%AD%E3%83%A3%E3%83%83%E3%83%88%E3%83%95%E3%83%BC%E3%83%89&i=pets,https://www.amazon.co.jp/s?k=%E6%87%90%E7%9F%B3+2%E3%81%A4%E3%81%AE%E3%81%94%E3%81%BB%E3%81%86%E3%81%B3+%E7%8C%AB+%E3%82%AD%E3%83%A3%E3%83%83%E3%83%88%E3%83%95%E3%83%BC%E3%83%89,,,search_url_generated,Amazon API未使用。検索結果から該当ASIN/商品URLを後で確認して差し替え。
product_0355,懐石 5つのごほうび,brand_062,懐石,ペットライン,cat_food,フード,subcat_001,ドライフード,ドライフード,味・容量違いはSKUで管理,B,追加候補: ペットライン公式キャットフード一覧確認,https://www.petline.co.jp/cat/,true,懐石 5つのごほうび 猫 キャットフード,https://www.amazon.co.jp/s?k=%E6%87%90%E7%9F%B3+5%E3%81%A4%E3%81%AE%E3%81%94%E3%81%BB%E3%81%86%E3%81%B3+%E7%8C%AB+%E3%82%AD%E3%83%A3%E3%83%83%E3%83%88%E3%83%95%E3%83%BC%E3%83%89&i=pets,https://www.amazon.co.jp/s?k=%E6%87%90%E7%9F%B3+5%E3%81%A4%E3%81%AE%E3%81%94%E3%81%BB%E3%81%86%E3%81%B3+%E7%8C%AB+%E3%82%AD%E3%83%A3%E3%83%83%E3%83%88%E3%83%95%E3%83%BC%E3%83%89,,,search_url_generated,Amazon API未使用。検索結果から該当ASIN/商品URLを後で確認して差し替え。
product_0046,懐石 zeppin,brand_062,懐石,ペットライン,cat_food,フード,subcat_001,ドライフード,シリーズ,年齢/体質/味違いあり,A,国産フード系の主要ブランド,https://www.petline.co.jp/cat/,true,懐石 zeppin 猫 キャットフード,https://www.amazon.co.jp/s?k=%E6%87%90%E7%9F%B3+zeppin+%E7%8C%AB+%E3%82%AD%E3%83%A3%E3%83%83%E3%83%88%E3%83%95%E3%83%BC%E3%83%89&i=pets,https://www.amazon.co.jp/s?k=%E6%87%90%E7%9F%B3+zeppin+%E7%8C%AB+%E3%82%AD%E3%83%A3%E3%83%83%E3%83%88%E3%83%95%E3%83%BC%E3%83%89,,,search_url_generated,Amazon API未使用。検索結果から該当ASIN/商品URLを後で確認して差し替え。
product_0199,犬猫生活 キャットフード オールステージ,brand_064,犬猫生活,各社/輸入元,cat_food,フード,subcat_001,ドライフード,シリーズ,味・容量違いあり,B,プレミアム/通販系。日本流通は販売店確認推奨,https://www.min-petkenko.com/premiumFood.php?mode=cat,true,犬猫生活 キャットフード オールステージ 猫 キャットフード,https://www.amazon.co.jp/s?k=%E7%8A%AC%E7%8C%AB%E7%94%9F%E6%B4%BB+%E3%82%AD%E3%83%A3%E3%83%83%E3%83%88%E3%83%95%E3%83%BC%E3%83%89+%E3%82%AA%E3%83%BC%E3%83%AB%E3%82%B9%E3%83%86%E3%83%BC%E3%82%B8+%E7%8C%AB+%E3%82%AD%E3%83%A3%E3%83%83%E3%83%88%E3%83%95%E3%83%BC%E3%83%89&i=pets,https://www.amazon.co.jp/s?k=%E7%8A%AC%E7%8C%AB%E7%94%9F%E6%B4%BB+%E3%82%AD%E3%83%A3%E3%83%83%E3%83%88%E3%83%95%E3%83%BC%E3%83%89+%E3%82%AA%E3%83%BC%E3%83%AB%E3%82%B9%E3%83%86%E3%83%BC%E3%82%B8+%E7%8C%AB+%E3%82%AD%E3%83%A3%E3%83%83%E3%83%88%E3%83%95%E3%83%BC%E3%83%89,,,search_url_generated,Amazon API未使用。検索結果から該当ASIN/商品URLを後で確認して差し替え。
product_0200,犬猫生活 キャットフード シニア,brand_064,犬猫生活,各社/輸入元,cat_food,フード,subcat_001,ドライフード,シリーズ,味・容量違いあり,B,プレミアム/通販系。日本流通は販売店確認推奨,https://www.min-petkenko.com/premiumFood.php?mode=cat,true,犬猫生活 キャットフード シニア 猫 キャットフード,https://www.amazon.co.jp/s?k=%E7%8A%AC%E7%8C%AB%E7%94%9F%E6%B4%BB+%E3%82%AD%E3%83%A3%E3%83%83%E3%83%88%E3%83%95%E3%83%BC%E3%83%89+%E3%82%B7%E3%83%8B%E3%82%A2+%E7%8C%AB+%E3%82%AD%E3%83%A3%E3%83%83%E3%83%88%E3%83%95%E3%83%BC%E3%83%89&i=pets,https://www.amazon.co.jp/s?k=%E7%8A%AC%E7%8C%AB%E7%94%9F%E6%B4%BB+%E3%82%AD%E3%83%A3%E3%83%83%E3%83%88%E3%83%95%E3%83%BC%E3%83%89+%E3%82%B7%E3%83%8B%E3%82%A2+%E7%8C%AB+%E3%82%AD%E3%83%A3%E3%83%83%E3%83%88%E3%83%95%E3%83%BC%E3%83%89,,,search_url_generated,Amazon API未使用。検索結果から該当ASIN/商品URLを後で確認して差し替え。
product_0288,銀のスプーン 三ツ星グルメ ドライ,brand_066,銀のスプーン,ユニ・チャーム,cat_food,フード,subcat_001,ドライフード,ドライフード,味・年齢違いはSKUで管理,A,量販店・ECでの初期マスタ優先度高 / 1商品単位に分割,https://jp.unicharmpet.com/ja/brand/ginspoon.html,true,銀のスプーン 三ツ星グルメ ドライ 猫 キャットフード,https://www.amazon.co.jp/s?k=%E9%8A%80%E3%81%AE%E3%82%B9%E3%83%97%E3%83%BC%E3%83%B3+%E4%B8%89%E3%83%84%E6%98%9F%E3%82%B0%E3%83%AB%E3%83%A1+%E3%83%89%E3%83%A9%E3%82%A4+%E7%8C%AB+%E3%82%AD%E3%83%A3%E3%83%83%E3%83%88%E3%83%95%E3%83%BC%E3%83%89&i=pets,https://www.amazon.co.jp/s?k=%E9%8A%80%E3%81%AE%E3%82%B9%E3%83%97%E3%83%BC%E3%83%B3+%E4%B8%89%E3%83%84%E6%98%9F%E3%82%B0%E3%83%AB%E3%83%A1+%E3%83%89%E3%83%A9%E3%82%A4+%E7%8C%AB+%E3%82%AD%E3%83%A3%E3%83%83%E3%83%88%E3%83%95%E3%83%BC%E3%83%89,,,search_url_generated,Amazon API未使用。検索結果から該当ASIN/商品URLを後で確認して差し替え。
product_0001,銀のスプーン 贅沢うまみ仕立て,brand_066,銀のスプーン,ユニ・チャーム,cat_food,フード,subcat_001,ドライフード,シリーズ,まぐろ・かつお・白身魚・お魚づくし等 / 年齢別,A,量販店・ECでの初期マスタ優先度高,https://jp.unicharmpet.com/ja/brand/ginspoon.html,true,銀のスプーン 贅沢うまみ仕立て 猫 キャットフード,https://www.amazon.co.jp/s?k=%E9%8A%80%E3%81%AE%E3%82%B9%E3%83%97%E3%83%BC%E3%83%B3+%E8%B4%85%E6%B2%A2%E3%81%86%E3%81%BE%E3%81%BF%E4%BB%95%E7%AB%8B%E3%81%A6+%E7%8C%AB+%E3%82%AD%E3%83%A3%E3%83%83%E3%83%88%E3%83%95%E3%83%BC%E3%83%89&i=pets,https://www.amazon.co.jp/s?k=%E9%8A%80%E3%81%AE%E3%82%B9%E3%83%97%E3%83%BC%E3%83%B3+%E8%B4%85%E6%B2%A2%E3%81%86%E3%81%BE%E3%81%BF%E4%BB%95%E7%AB%8B%E3%81%A6+%E7%8C%AB+%E3%82%AD%E3%83%A3%E3%83%83%E3%83%88%E3%83%95%E3%83%BC%E3%83%89,,,search_url_generated,Amazon API未使用。検索結果から該当ASIN/商品URLを後で確認して差し替え。
product_0023,CIAO パウチ,brand_002,CIAO / いなば,いなばペットフード,cat_food,フード,subcat_002,ウェットフード,ウェット,だしスープ/毎日おさかな/とろみ/スープ等,A,ちゅ～る・ウェット系は最優先,https://www.inaba-petfood.co.jp/product/cat/,true,CIAO / いなば CIAO パウチ 猫 キャットフード,https://www.amazon.co.jp/s?k=CIAO+%2F+%E3%81%84%E3%81%AA%E3%81%B0+CIAO+%E3%83%91%E3%82%A6%E3%83%81+%E7%8C%AB+%E3%82%AD%E3%83%A3%E3%83%83%E3%83%88%E3%83%95%E3%83%BC%E3%83%89&i=pets,https://www.amazon.co.jp/s?k=CIAO+%2F+%E3%81%84%E3%81%AA%E3%81%B0+CIAO+%E3%83%91%E3%82%A6%E3%83%81+%E7%8C%AB+%E3%82%AD%E3%83%A3%E3%83%83%E3%83%88%E3%83%95%E3%83%BC%E3%83%89,,,search_url_generated,Amazon API未使用。検索結果から該当ASIN/商品URLを後で確認して差し替え。
product_0024,CIAO 缶,brand_002,CIAO / いなば,いなばペットフード,cat_food,フード,subcat_002,ウェットフード,ウェット,まぐろ/かつお/ささみ/血合肉シリーズ等,A,ちゅ～る・ウェット系は最優先,https://www.inaba-petfood.co.jp/product/cat/,true,CIAO / いなば CIAO 缶 猫 キャットフード,https://www.amazon.co.jp/s?k=CIAO+%2F+%E3%81%84%E3%81%AA%E3%81%B0+CIAO+%E7%BC%B6+%E7%8C%AB+%E3%82%AD%E3%83%A3%E3%83%83%E3%83%88%E3%83%95%E3%83%BC%E3%83%89&i=pets,https://www.amazon.co.jp/s?k=CIAO+%2F+%E3%81%84%E3%81%AA%E3%81%B0+CIAO+%E7%BC%B6+%E7%8C%AB+%E3%82%AD%E3%83%A3%E3%83%83%E3%83%88%E3%83%95%E3%83%BC%E3%83%89,,,search_url_generated,Amazon API未使用。検索結果から該当ASIN/商品URLを後で確認して差し替え。
product_0031,わがまま猫,brand_002,CIAO / いなば,いなばペットフード,cat_food,フード,subcat_002,ウェットフード,ウェット,缶/パウチ系,A,ちゅ～る・ウェット系は最優先,https://www.inaba-petfood.co.jp/product/cat/,true,CIAO / いなば わがまま猫 猫 キャットフード,https://www.amazon.co.jp/s?k=CIAO+%2F+%E3%81%84%E3%81%AA%E3%81%B0+%E3%82%8F%E3%81%8C%E3%81%BE%E3%81%BE%E7%8C%AB+%E7%8C%AB+%E3%82%AD%E3%83%A3%E3%83%83%E3%83%88%E3%83%95%E3%83%BC%E3%83%89&i=pets,https://www.amazon.co.jp/s?k=CIAO+%2F+%E3%81%84%E3%81%AA%E3%81%B0+%E3%82%8F%E3%81%8C%E3%81%BE%E3%81%BE%E7%8C%AB+%E7%8C%AB+%E3%82%AD%E3%83%A3%E3%83%83%E3%83%88%E3%83%95%E3%83%BC%E3%83%89,,,search_url_generated,Amazon API未使用。検索結果から該当ASIN/商品URLを後で確認して差し替え。
product_0027,金のだし カップ,brand_002,CIAO / いなば,いなばペットフード,cat_food,フード,subcat_002,ウェットフード,ウェット,まぐろ/かつお/ささみ等,A,ちゅ～る・ウェット系は最優先,https://www.inaba-petfood.co.jp/product/cat/,true,CIAO / いなば 金のだし カップ 猫 キャットフード,https://www.amazon.co.jp/s?k=CIAO+%2F+%E3%81%84%E3%81%AA%E3%81%B0+%E9%87%91%E3%81%AE%E3%81%A0%E3%81%97+%E3%82%AB%E3%83%83%E3%83%97+%E7%8C%AB+%E3%82%AD%E3%83%A3%E3%83%83%E3%83%88%E3%83%95%E3%83%BC%E3%83%89&i=pets,https://www.amazon.co.jp/s?k=CIAO+%2F+%E3%81%84%E3%81%AA%E3%81%B0+%E9%87%91%E3%81%AE%E3%81%A0%E3%81%97+%E3%82%AB%E3%83%83%E3%83%97+%E7%8C%AB+%E3%82%AD%E3%83%A3%E3%83%83%E3%83%88%E3%83%95%E3%83%BC%E3%83%89,,,search_url_generated,Amazon API未使用。検索結果から該当ASIN/商品URLを後で確認して差し替え。
product_0029,金のだし クリーム,brand_002,CIAO / いなば,いなばペットフード,cat_food,フード,subcat_002,ウェットフード,ウェット/おやつ,クリーム系,A,ちゅ～る・ウェット系は最優先,https://www.inaba-petfood.co.jp/product/cat/,true,CIAO / いなば 金のだし クリーム 猫 キャットフード,https://www.amazon.co.jp/s?k=CIAO+%2F+%E3%81%84%E3%81%AA%E3%81%B0+%E9%87%91%E3%81%AE%E3%81%A0%E3%81%97+%E3%82%AF%E3%83%AA%E3%83%BC%E3%83%A0+%E7%8C%AB+%E3%82%AD%E3%83%A3%E3%83%83%E3%83%88%E3%83%95%E3%83%BC%E3%83%89&i=pets,https://www.amazon.co.jp/s?k=CIAO+%2F+%E3%81%84%E3%81%AA%E3%81%B0+%E9%87%91%E3%81%AE%E3%81%A0%E3%81%97+%E3%82%AF%E3%83%AA%E3%83%BC%E3%83%A0+%E7%8C%AB+%E3%82%AD%E3%83%A3%E3%83%83%E3%83%88%E3%83%95%E3%83%BC%E3%83%89,,,search_url_generated,Amazon API未使用。検索結果から該当ASIN/商品URLを後で確認して差し替え。
product_0028,金のだし パウチ,brand_002,CIAO / いなば,いなばペットフード,cat_food,フード,subcat_002,ウェットフード,ウェット,まぐろ/かつお/ささみ等,A,ちゅ～る・ウェット系は最優先,https://www.inaba-petfood.co.jp/product/cat/,true,CIAO / いなば 金のだし パウチ 猫 キャットフード,https://www.amazon.co.jp/s?k=CIAO+%2F+%E3%81%84%E3%81%AA%E3%81%B0+%E9%87%91%E3%81%AE%E3%81%A0%E3%81%97+%E3%83%91%E3%82%A6%E3%83%81+%E7%8C%AB+%E3%82%AD%E3%83%A3%E3%83%83%E3%83%88%E3%83%95%E3%83%BC%E3%83%89&i=pets,https://www.amazon.co.jp/s?k=CIAO+%2F+%E3%81%84%E3%81%AA%E3%81%B0+%E9%87%91%E3%81%AE%E3%81%A0%E3%81%97+%E3%83%91%E3%82%A6%E3%83%81+%E7%8C%AB+%E3%82%AD%E3%83%A3%E3%83%83%E3%83%88%E3%83%95%E3%83%BC%E3%83%89,,,search_url_generated,Amazon API未使用。検索結果から該当ASIN/商品URLを後で確認して差し替え。
product_0016,ねこ元気 パウチ,brand_007,ねこ元気,ユニ・チャーム,cat_food,フード,subcat_002,ウェットフード,シリーズ,ドライ/パウチ、年齢別,A,大衆価格帯の定番ブランド,https://jp.unicharmpet.com/ja/brand/nekogenki.html,true,ねこ元気 パウチ 猫 キャットフード,https://www.amazon.co.jp/s?k=%E3%81%AD%E3%81%93%E5%85%83%E6%B0%97+%E3%83%91%E3%82%A6%E3%83%81+%E7%8C%AB+%E3%82%AD%E3%83%A3%E3%83%83%E3%83%88%E3%83%95%E3%83%BC%E3%83%89&i=pets,https://www.amazon.co.jp/s?k=%E3%81%AD%E3%81%93%E5%85%83%E6%B0%97+%E3%83%91%E3%82%A6%E3%83%81+%E7%8C%AB+%E3%82%AD%E3%83%A3%E3%83%83%E3%83%88%E3%83%95%E3%83%BC%E3%83%89,,,search_url_generated,Amazon API未使用。検索結果から該当ASIN/商品URLを後で確認して差し替え。
product_0334,にゃんチュラルパウチ まぐろ,brand_068,はごろもフーズ,はごろもフーズ,cat_food,フード,subcat_002,ウェットフード,ウェットフード,味・容量違いはSKUで管理,B,追加候補: はごろも猫ごはん公式カテゴリ確認,https://www.hagoromofoods.co.jp/products/petcare/cat/,true,はごろもフーズ にゃんチュラルパウチ まぐろ 猫 キャットフード,https://www.amazon.co.jp/s?k=%E3%81%AF%E3%81%94%E3%82%8D%E3%82%82%E3%83%95%E3%83%BC%E3%82%BA+%E3%81%AB%E3%82%83%E3%82%93%E3%83%81%E3%83%A5%E3%83%A9%E3%83%AB%E3%83%91%E3%82%A6%E3%83%81+%E3%81%BE%E3%81%90%E3%82%8D+%E7%8C%AB+%E3%82%AD%E3%83%A3%E3%83%83%E3%83%88%E3%83%95%E3%83%BC%E3%83%89&i=pets,https://www.amazon.co.jp/s?k=%E3%81%AF%E3%81%94%E3%82%8D%E3%82%82%E3%83%95%E3%83%BC%E3%82%BA+%E3%81%AB%E3%82%83%E3%82%93%E3%83%81%E3%83%A5%E3%83%A9%E3%83%AB%E3%83%91%E3%82%A6%E3%83%81+%E3%81%BE%E3%81%90%E3%82%8D+%E7%8C%AB+%E3%82%AD%E3%83%A3%E3%83%83%E3%83%88%E3%83%95%E3%83%BC%E3%83%89,,,search_url_generated,Amazon API未使用。検索結果から該当ASIN/商品URLを後で確認して差し替え。
product_0335,にゃんチュラル缶 まぐろ,brand_068,はごろもフーズ,はごろもフーズ,cat_food,フード,subcat_002,ウェットフード,ウェットフード,味・容量違いはSKUで管理,B,追加候補: はごろも猫ごはん公式カテゴリ確認,https://www.hagoromofoods.co.jp/products/petcare/cat/,true,はごろもフーズ にゃんチュラル缶 まぐろ 猫 キャットフード,https://www.amazon.co.jp/s?k=%E3%81%AF%E3%81%94%E3%82%8D%E3%82%82%E3%83%95%E3%83%BC%E3%82%BA+%E3%81%AB%E3%82%83%E3%82%93%E3%83%81%E3%83%A5%E3%83%A9%E3%83%AB%E7%BC%B6+%E3%81%BE%E3%81%90%E3%82%8D+%E7%8C%AB+%E3%82%AD%E3%83%A3%E3%83%83%E3%83%88%E3%83%95%E3%83%BC%E3%83%89&i=pets,https://www.amazon.co.jp/s?k=%E3%81%AF%E3%81%94%E3%82%8D%E3%82%82%E3%83%95%E3%83%BC%E3%82%BA+%E3%81%AB%E3%82%83%E3%82%93%E3%83%81%E3%83%A5%E3%83%A9%E3%83%AB%E7%BC%B6+%E3%81%BE%E3%81%90%E3%82%8D+%E7%8C%AB+%E3%82%AD%E3%83%A3%E3%83%83%E3%83%88%E3%83%95%E3%83%BC%E3%83%89,,,search_url_generated,Amazon API未使用。検索結果から該当ASIN/商品URLを後で確認して差し替え。
product_0333,無一物 缶 まぐろ,brand_068,はごろもフーズ,はごろもフーズ,cat_food,フード,subcat_002,ウェットフード,ウェットフード,味・容量違いはSKUで管理,B,追加候補: はごろも猫ごはん公式カテゴリ確認,https://www.hagoromofoods.co.jp/products/petcare/cat/,true,はごろもフーズ 無一物 缶 まぐろ 猫 キャットフード,https://www.amazon.co.jp/s?k=%E3%81%AF%E3%81%94%E3%82%8D%E3%82%82%E3%83%95%E3%83%BC%E3%82%BA+%E7%84%A1%E4%B8%80%E7%89%A9+%E7%BC%B6+%E3%81%BE%E3%81%90%E3%82%8D+%E7%8C%AB+%E3%82%AD%E3%83%A3%E3%83%83%E3%83%88%E3%83%95%E3%83%BC%E3%83%89&i=pets,https://www.amazon.co.jp/s?k=%E3%81%AF%E3%81%94%E3%82%8D%E3%82%82%E3%83%95%E3%83%BC%E3%82%BA+%E7%84%A1%E4%B8%80%E7%89%A9+%E7%BC%B6+%E3%81%BE%E3%81%90%E3%82%8D+%E7%8C%AB+%E3%82%AD%E3%83%A3%E3%83%83%E3%83%88%E3%83%95%E3%83%BC%E3%83%89,,,search_url_generated,Amazon API未使用。検索結果から該当ASIN/商品URLを後で確認して差し替え。
product_0323,無一物パウチ かつお,brand_068,はごろもフーズ,はごろもフーズ,cat_food,フード,subcat_002,ウェットフード,ウェットフード,容量/パック違いはSKUで管理,A,追加候補: 無一物公式ラインアップ確認,https://www.hagoromofoods.co.jp/products/petcare/list/1.html,true,はごろもフーズ 無一物パウチ かつお 猫 キャットフード,https://www.amazon.co.jp/s?k=%E3%81%AF%E3%81%94%E3%82%8D%E3%82%82%E3%83%95%E3%83%BC%E3%82%BA+%E7%84%A1%E4%B8%80%E7%89%A9%E3%83%91%E3%82%A6%E3%83%81+%E3%81%8B%E3%81%A4%E3%81%8A+%E7%8C%AB+%E3%82%AD%E3%83%A3%E3%83%83%E3%83%88%E3%83%95%E3%83%BC%E3%83%89&i=pets,https://www.amazon.co.jp/s?k=%E3%81%AF%E3%81%94%E3%82%8D%E3%82%82%E3%83%95%E3%83%BC%E3%82%BA+%E7%84%A1%E4%B8%80%E7%89%A9%E3%83%91%E3%82%A6%E3%83%81+%E3%81%8B%E3%81%A4%E3%81%8A+%E7%8C%AB+%E3%82%AD%E3%83%A3%E3%83%83%E3%83%88%E3%83%95%E3%83%BC%E3%83%89,,,search_url_generated,Amazon API未使用。検索結果から該当ASIN/商品URLを後で確認して差し替え。
product_0325,無一物パウチ ぶり,brand_068,はごろもフーズ,はごろもフーズ,cat_food,フード,subcat_002,ウェットフード,ウェットフード,容量/パック違いはSKUで管理,B,追加候補: 無一物公式ラインアップ確認,https://www.hagoromofoods.co.jp/products/petcare/list/1.html,true,はごろもフーズ 無一物パウチ ぶり 猫 キャットフード,https://www.amazon.co.jp/s?k=%E3%81%AF%E3%81%94%E3%82%8D%E3%82%82%E3%83%95%E3%83%BC%E3%82%BA+%E7%84%A1%E4%B8%80%E7%89%A9%E3%83%91%E3%82%A6%E3%83%81+%E3%81%B6%E3%82%8A+%E7%8C%AB+%E3%82%AD%E3%83%A3%E3%83%83%E3%83%88%E3%83%95%E3%83%BC%E3%83%89&i=pets,https://www.amazon.co.jp/s?k=%E3%81%AF%E3%81%94%E3%82%8D%E3%82%82%E3%83%95%E3%83%BC%E3%82%BA+%E7%84%A1%E4%B8%80%E7%89%A9%E3%83%91%E3%82%A6%E3%83%81+%E3%81%B6%E3%82%8A+%E7%8C%AB+%E3%82%AD%E3%83%A3%E3%83%83%E3%83%88%E3%83%95%E3%83%BC%E3%83%89,,,search_url_generated,Amazon API未使用。検索結果から該当ASIN/商品URLを後で確認して差し替え。
product_0322,無一物パウチ まぐろ,brand_068,はごろもフーズ,はごろもフーズ,cat_food,フード,subcat_002,ウェットフード,ウェットフード,容量/パック違いはSKUで管理,A,追加候補: 無一物公式ラインアップ確認,https://www.hagoromofoods.co.jp/products/petcare/list/1.html,true,はごろもフーズ 無一物パウチ まぐろ 猫 キャットフード,https://www.amazon.co.jp/s?k=%E3%81%AF%E3%81%94%E3%82%8D%E3%82%82%E3%83%95%E3%83%BC%E3%82%BA+%E7%84%A1%E4%B8%80%E7%89%A9%E3%83%91%E3%82%A6%E3%83%81+%E3%81%BE%E3%81%90%E3%82%8D+%E7%8C%AB+%E3%82%AD%E3%83%A3%E3%83%83%E3%83%88%E3%83%95%E3%83%BC%E3%83%89&i=pets,https://www.amazon.co.jp/s?k=%E3%81%AF%E3%81%94%E3%82%8D%E3%82%82%E3%83%95%E3%83%BC%E3%82%BA+%E7%84%A1%E4%B8%80%E7%89%A9%E3%83%91%E3%82%A6%E3%83%81+%E3%81%BE%E3%81%90%E3%82%8D+%E7%8C%AB+%E3%82%AD%E3%83%A3%E3%83%83%E3%83%88%E3%83%95%E3%83%BC%E3%83%89,,,search_url_generated,Amazon API未使用。検索結果から該当ASIN/商品URLを後で確認して差し替え。
product_0326,無一物パウチ 鶏ささみ＆なんこつ,brand_068,はごろもフーズ,はごろもフーズ,cat_food,フード,subcat_002,ウェットフード,ウェットフード,容量/パック違いはSKUで管理,B,追加候補: 無一物公式ラインアップ確認,https://www.hagoromofoods.co.jp/products/petcare/list/1.html,true,はごろもフーズ 無一物パウチ 鶏ささみ＆なんこつ 猫 キャットフード,https://www.amazon.co.jp/s?k=%E3%81%AF%E3%81%94%E3%82%8D%E3%82%82%E3%83%95%E3%83%BC%E3%82%BA+%E7%84%A1%E4%B8%80%E7%89%A9%E3%83%91%E3%82%A6%E3%83%81+%E9%B6%8F%E3%81%95%E3%81%95%E3%81%BF%EF%BC%86%E3%81%AA%E3%82%93%E3%81%93%E3%81%A4+%E7%8C%AB+%E3%82%AD%E3%83%A3%E3%83%83%E3%83%88%E3%83%95%E3%83%BC%E3%83%89&i=pets,https://www.amazon.co.jp/s?k=%E3%81%AF%E3%81%94%E3%82%8D%E3%82%82%E3%83%95%E3%83%BC%E3%82%BA+%E7%84%A1%E4%B8%80%E7%89%A9%E3%83%91%E3%82%A6%E3%83%81+%E9%B6%8F%E3%81%95%E3%81%95%E3%81%BF%EF%BC%86%E3%81%AA%E3%82%93%E3%81%93%E3%81%A4+%E7%8C%AB+%E3%82%AD%E3%83%A3%E3%83%83%E3%83%88%E3%83%95%E3%83%BC%E3%83%89,,,search_url_generated,Amazon API未使用。検索結果から該当ASIN/商品URLを後で確認して差し替え。
product_0324,無一物パウチ 鶏むね肉,brand_068,はごろもフーズ,はごろもフーズ,cat_food,フード,subcat_002,ウェットフード,ウェットフード,容量/パック違いはSKUで管理,A,追加候補: 無一物公式ラインアップ確認,https://www.hagoromofoods.co.jp/products/petcare/list/1.html,true,はごろもフーズ 無一物パウチ 鶏むね肉 猫 キャットフード,https://www.amazon.co.jp/s?k=%E3%81%AF%E3%81%94%E3%82%8D%E3%82%82%E3%83%95%E3%83%BC%E3%82%BA+%E7%84%A1%E4%B8%80%E7%89%A9%E3%83%91%E3%82%A6%E3%83%81+%E9%B6%8F%E3%82%80%E3%81%AD%E8%82%89+%E7%8C%AB+%E3%82%AD%E3%83%A3%E3%83%83%E3%83%88%E3%83%95%E3%83%BC%E3%83%89&i=pets,https://www.amazon.co.jp/s?k=%E3%81%AF%E3%81%94%E3%82%8D%E3%82%82%E3%83%95%E3%83%BC%E3%82%BA+%E7%84%A1%E4%B8%80%E7%89%A9%E3%83%91%E3%82%A6%E3%83%81+%E9%B6%8F%E3%82%80%E3%81%AD%E8%82%89+%E7%8C%AB+%E3%82%AD%E3%83%A3%E3%83%83%E3%83%88%E3%83%95%E3%83%BC%E3%83%89,,,search_url_generated,Amazon API未使用。検索結果から該当ASIN/商品URLを後で確認して差し替え。
product_0328,無一物パウチ寒天ゼリータイプ かつお,brand_068,はごろもフーズ,はごろもフーズ,cat_food,フード,subcat_002,ウェットフード,ウェットフード,容量/パック違いはSKUで管理,B,追加候補: 無一物公式ラインアップ確認,https://www.hagoromofoods.co.jp/products/petcare/list/1.html,true,はごろもフーズ 無一物パウチ寒天ゼリータイプ かつお 猫 キャットフード,https://www.amazon.co.jp/s?k=%E3%81%AF%E3%81%94%E3%82%8D%E3%82%82%E3%83%95%E3%83%BC%E3%82%BA+%E7%84%A1%E4%B8%80%E7%89%A9%E3%83%91%E3%82%A6%E3%83%81%E5%AF%92%E5%A4%A9%E3%82%BC%E3%83%AA%E3%83%BC%E3%82%BF%E3%82%A4%E3%83%97+%E3%81%8B%E3%81%A4%E3%81%8A+%E7%8C%AB+%E3%82%AD%E3%83%A3%E3%83%83%E3%83%88%E3%83%95%E3%83%BC%E3%83%89&i=pets,https://www.amazon.co.jp/s?k=%E3%81%AF%E3%81%94%E3%82%8D%E3%82%82%E3%83%95%E3%83%BC%E3%82%BA+%E7%84%A1%E4%B8%80%E7%89%A9%E3%83%91%E3%82%A6%E3%83%81%E5%AF%92%E5%A4%A9%E3%82%BC%E3%83%AA%E3%83%BC%E3%82%BF%E3%82%A4%E3%83%97+%E3%81%8B%E3%81%A4%E3%81%8A+%E7%8C%AB+%E3%82%AD%E3%83%A3%E3%83%83%E3%83%88%E3%83%95%E3%83%BC%E3%83%89,,,search_url_generated,Amazon API未使用。検索結果から該当ASIN/商品URLを後で確認して差し替え。
product_0327,無一物パウチ寒天ゼリータイプ まぐろ,brand_068,はごろもフーズ,はごろもフーズ,cat_food,フード,subcat_002,ウェットフード,ウェットフード,容量/パック違いはSKUで管理,B,追加候補: 無一物公式ラインアップ確認,https://www.hagoromofoods.co.jp/products/petcare/list/1.html,true,はごろもフーズ 無一物パウチ寒天ゼリータイプ まぐろ 猫 キャットフード,https://www.amazon.co.jp/s?k=%E3%81%AF%E3%81%94%E3%82%8D%E3%82%82%E3%83%95%E3%83%BC%E3%82%BA+%E7%84%A1%E4%B8%80%E7%89%A9%E3%83%91%E3%82%A6%E3%83%81%E5%AF%92%E5%A4%A9%E3%82%BC%E3%83%AA%E3%83%BC%E3%82%BF%E3%82%A4%E3%83%97+%E3%81%BE%E3%81%90%E3%82%8D+%E7%8C%AB+%E3%82%AD%E3%83%A3%E3%83%83%E3%83%88%E3%83%95%E3%83%BC%E3%83%89&i=pets,https://www.amazon.co.jp/s?k=%E3%81%AF%E3%81%94%E3%82%8D%E3%82%82%E3%83%95%E3%83%BC%E3%82%BA+%E7%84%A1%E4%B8%80%E7%89%A9%E3%83%91%E3%82%A6%E3%83%81%E5%AF%92%E5%A4%A9%E3%82%BC%E3%83%AA%E3%83%BC%E3%82%BF%E3%82%A4%E3%83%97+%E3%81%BE%E3%81%90%E3%82%8D+%E7%8C%AB+%E3%82%AD%E3%83%A3%E3%83%83%E3%83%88%E3%83%95%E3%83%BC%E3%83%89,,,search_url_generated,Amazon API未使用。検索結果から該当ASIN/商品URLを後で確認して差し替え。
product_0329,無一物パウチ寒天ゼリータイプ 鶏むね肉,brand_068,はごろもフーズ,はごろもフーズ,cat_food,フード,subcat_002,ウェットフード,ウェットフード,容量/パック違いはSKUで管理,B,追加候補: 無一物公式ラインアップ確認,https://www.hagoromofoods.co.jp/products/petcare/list/1.html,true,はごろもフーズ 無一物パウチ寒天ゼリータイプ 鶏むね肉 猫 キャットフード,https://www.amazon.co.jp/s?k=%E3%81%AF%E3%81%94%E3%82%8D%E3%82%82%E3%83%95%E3%83%BC%E3%82%BA+%E7%84%A1%E4%B8%80%E7%89%A9%E3%83%91%E3%82%A6%E3%83%81%E5%AF%92%E5%A4%A9%E3%82%BC%E3%83%AA%E3%83%BC%E3%82%BF%E3%82%A4%E3%83%97+%E9%B6%8F%E3%82%80%E3%81%AD%E8%82%89+%E7%8C%AB+%E3%82%AD%E3%83%A3%E3%83%83%E3%83%88%E3%83%95%E3%83%BC%E3%83%89&i=pets,https://www.amazon.co.jp/s?k=%E3%81%AF%E3%81%94%E3%82%8D%E3%82%82%E3%83%95%E3%83%BC%E3%82%BA+%E7%84%A1%E4%B8%80%E7%89%A9%E3%83%91%E3%82%A6%E3%83%81%E5%AF%92%E5%A4%A9%E3%82%BC%E3%83%AA%E3%83%BC%E3%82%BF%E3%82%A4%E3%83%97+%E9%B6%8F%E3%82%80%E3%81%AD%E8%82%89+%E7%8C%AB+%E3%82%AD%E3%83%A3%E3%83%83%E3%83%88%E3%83%95%E3%83%BC%E3%83%89,,,search_url_generated,Amazon API未使用。検索結果から該当ASIN/商品URLを後で確認して差し替え。
product_0331,飲む無一物パウチ かつお,brand_068,はごろもフーズ,はごろもフーズ,cat_food,フード,subcat_002,ウェットフード,ウェットフード,容量/パック違いはSKUで管理,A,追加候補: 無一物公式ラインアップ確認,https://www.hagoromofoods.co.jp/products/petcare/list/1.html,true,はごろもフーズ 飲む無一物パウチ かつお 猫 キャットフード,https://www.amazon.co.jp/s?k=%E3%81%AF%E3%81%94%E3%82%8D%E3%82%82%E3%83%95%E3%83%BC%E3%82%BA+%E9%A3%B2%E3%82%80%E7%84%A1%E4%B8%80%E7%89%A9%E3%83%91%E3%82%A6%E3%83%81+%E3%81%8B%E3%81%A4%E3%81%8A+%E7%8C%AB+%E3%82%AD%E3%83%A3%E3%83%83%E3%83%88%E3%83%95%E3%83%BC%E3%83%89&i=pets,https://www.amazon.co.jp/s?k=%E3%81%AF%E3%81%94%E3%82%8D%E3%82%82%E3%83%95%E3%83%BC%E3%82%BA+%E9%A3%B2%E3%82%80%E7%84%A1%E4%B8%80%E7%89%A9%E3%83%91%E3%82%A6%E3%83%81+%E3%81%8B%E3%81%A4%E3%81%8A+%E7%8C%AB+%E3%82%AD%E3%83%A3%E3%83%83%E3%83%88%E3%83%95%E3%83%BC%E3%83%89,,,search_url_generated,Amazon API未使用。検索結果から該当ASIN/商品URLを後で確認して差し替え。
product_0330,飲む無一物パウチ まぐろ,brand_068,はごろもフーズ,はごろもフーズ,cat_food,フード,subcat_002,ウェットフード,ウェットフード,容量/パック違いはSKUで管理,A,追加候補: 無一物公式ラインアップ確認,https://www.hagoromofoods.co.jp/products/petcare/list/1.html,true,はごろもフーズ 飲む無一物パウチ まぐろ 猫 キャットフード,https://www.amazon.co.jp/s?k=%E3%81%AF%E3%81%94%E3%82%8D%E3%82%82%E3%83%95%E3%83%BC%E3%82%BA+%E9%A3%B2%E3%82%80%E7%84%A1%E4%B8%80%E7%89%A9%E3%83%91%E3%82%A6%E3%83%81+%E3%81%BE%E3%81%90%E3%82%8D+%E7%8C%AB+%E3%82%AD%E3%83%A3%E3%83%83%E3%83%88%E3%83%95%E3%83%BC%E3%83%89&i=pets,https://www.amazon.co.jp/s?k=%E3%81%AF%E3%81%94%E3%82%8D%E3%82%82%E3%83%95%E3%83%BC%E3%82%BA+%E9%A3%B2%E3%82%80%E7%84%A1%E4%B8%80%E7%89%A9%E3%83%91%E3%82%A6%E3%83%81+%E3%81%BE%E3%81%90%E3%82%8D+%E7%8C%AB+%E3%82%AD%E3%83%A3%E3%83%83%E3%83%88%E3%83%95%E3%83%BC%E3%83%89,,,search_url_generated,Amazon API未使用。検索結果から該当ASIN/商品URLを後で確認して差し替え。
product_0332,飲む無一物パウチ 鶏むね肉,brand_068,はごろもフーズ,はごろもフーズ,cat_food,フード,subcat_002,ウェットフード,ウェットフード,容量/パック違いはSKUで管理,A,追加候補: 無一物公式ラインアップ確認,https://www.hagoromofoods.co.jp/products/petcare/list/1.html,true,はごろもフーズ 飲む無一物パウチ 鶏むね肉 猫 キャットフード,https://www.amazon.co.jp/s?k=%E3%81%AF%E3%81%94%E3%82%8D%E3%82%82%E3%83%95%E3%83%BC%E3%82%BA+%E9%A3%B2%E3%82%80%E7%84%A1%E4%B8%80%E7%89%A9%E3%83%91%E3%82%A6%E3%83%81+%E9%B6%8F%E3%82%80%E3%81%AD%E8%82%89+%E7%8C%AB+%E3%82%AD%E3%83%A3%E3%83%83%E3%83%88%E3%83%95%E3%83%BC%E3%83%89&i=pets,https://www.amazon.co.jp/s?k=%E3%81%AF%E3%81%94%E3%82%8D%E3%82%82%E3%83%95%E3%83%BC%E3%82%BA+%E9%A3%B2%E3%82%80%E7%84%A1%E4%B8%80%E7%89%A9%E3%83%91%E3%82%A6%E3%83%81+%E9%B6%8F%E3%82%80%E3%81%AD%E8%82%89+%E7%8C%AB+%E3%82%AD%E3%83%A3%E3%83%83%E3%83%88%E3%83%95%E3%83%BC%E3%83%89,,,search_url_generated,Amazon API未使用。検索結果から該当ASIN/商品URLを後で確認して差し替え。
product_0312,MiawMiaw ジューシー おにくプラス,brand_067,アイシア / AIXIA,アイシア,cat_food,フード,subcat_002,ウェットフード,ウェットフード,味・容量違いはSKUで管理,B,追加候補: 主要ブランド/公式検索キーワード確認,https://www.aixia.jp/catfood/,true,アイシア / AIXIA MiawMiaw ジューシー おにくプラス 猫 キャットフード,https://www.amazon.co.jp/s?k=%E3%82%A2%E3%82%A4%E3%82%B7%E3%82%A2+%2F+AIXIA+MiawMiaw+%E3%82%B8%E3%83%A5%E3%83%BC%E3%82%B7%E3%83%BC+%E3%81%8A%E3%81%AB%E3%81%8F%E3%83%97%E3%83%A9%E3%82%B9+%E7%8C%AB+%E3%82%AD%E3%83%A3%E3%83%83%E3%83%88%E3%83%95%E3%83%BC%E3%83%89&i=pets,https://www.amazon.co.jp/s?k=%E3%82%A2%E3%82%A4%E3%82%B7%E3%82%A2+%2F+AIXIA+MiawMiaw+%E3%82%B8%E3%83%A5%E3%83%BC%E3%82%B7%E3%83%BC+%E3%81%8A%E3%81%AB%E3%81%8F%E3%83%97%E3%83%A9%E3%82%B9+%E7%8C%AB+%E3%82%AD%E3%83%A3%E3%83%83%E3%83%88%E3%83%95%E3%83%BC%E3%83%89,,,search_url_generated,Amazon API未使用。検索結果から該当ASIN/商品URLを後で確認して差し替え。
product_0311,MiawMiaw ジューシー かつお,brand_067,アイシア / AIXIA,アイシア,cat_food,フード,subcat_002,ウェットフード,ウェットフード,味・容量違いはSKUで管理,A,追加候補: 主要ブランド/公式検索キーワード確認,https://www.aixia.jp/catfood/,true,アイシア / AIXIA MiawMiaw ジューシー かつお 猫 キャットフード,https://www.amazon.co.jp/s?k=%E3%82%A2%E3%82%A4%E3%82%B7%E3%82%A2+%2F+AIXIA+MiawMiaw+%E3%82%B8%E3%83%A5%E3%83%BC%E3%82%B7%E3%83%BC+%E3%81%8B%E3%81%A4%E3%81%8A+%E7%8C%AB+%E3%82%AD%E3%83%A3%E3%83%83%E3%83%88%E3%83%95%E3%83%BC%E3%83%89&i=pets,https://www.amazon.co.jp/s?k=%E3%82%A2%E3%82%A4%E3%82%B7%E3%82%A2+%2F+AIXIA+MiawMiaw+%E3%82%B8%E3%83%A5%E3%83%BC%E3%82%B7%E3%83%BC+%E3%81%8B%E3%81%A4%E3%81%8A+%E7%8C%AB+%E3%82%AD%E3%83%A3%E3%83%83%E3%83%88%E3%83%95%E3%83%BC%E3%83%89,,,search_url_generated,Amazon API未使用。検索結果から該当ASIN/商品URLを後で確認して差し替え。
product_0310,MiawMiaw ジューシー まぐろ,brand_067,アイシア / AIXIA,アイシア,cat_food,フード,subcat_002,ウェットフード,ウェットフード,味・容量違いはSKUで管理,A,追加候補: 主要ブランド/公式検索キーワード確認,https://www.aixia.jp/catfood/,true,アイシア / AIXIA MiawMiaw ジューシー まぐろ 猫 キャットフード,https://www.amazon.co.jp/s?k=%E3%82%A2%E3%82%A4%E3%82%B7%E3%82%A2+%2F+AIXIA+MiawMiaw+%E3%82%B8%E3%83%A5%E3%83%BC%E3%82%B7%E3%83%BC+%E3%81%BE%E3%81%90%E3%82%8D+%E7%8C%AB+%E3%82%AD%E3%83%A3%E3%83%83%E3%83%88%E3%83%95%E3%83%BC%E3%83%89&i=pets,https://www.amazon.co.jp/s?k=%E3%82%A2%E3%82%A4%E3%82%B7%E3%82%A2+%2F+AIXIA+MiawMiaw+%E3%82%B8%E3%83%A5%E3%83%BC%E3%82%B7%E3%83%BC+%E3%81%BE%E3%81%90%E3%82%8D+%E7%8C%AB+%E3%82%AD%E3%83%A3%E3%83%83%E3%83%88%E3%83%95%E3%83%BC%E3%83%89,,,search_url_generated,Amazon API未使用。検索結果から該当ASIN/商品URLを後で確認して差し替え。
product_0321,純缶ミニ まぐろ,brand_067,アイシア / AIXIA,アイシア,cat_food,フード,subcat_002,ウェットフード,ウェットフード,味・容量違いはSKUで管理,B,追加候補: 主要ブランド/公式検索キーワード確認,https://www.aixia.jp/catfood/,true,アイシア / AIXIA 純缶ミニ まぐろ 猫 キャットフード,https://www.amazon.co.jp/s?k=%E3%82%A2%E3%82%A4%E3%82%B7%E3%82%A2+%2F+AIXIA+%E7%B4%94%E7%BC%B6%E3%83%9F%E3%83%8B+%E3%81%BE%E3%81%90%E3%82%8D+%E7%8C%AB+%E3%82%AD%E3%83%A3%E3%83%83%E3%83%88%E3%83%95%E3%83%BC%E3%83%89&i=pets,https://www.amazon.co.jp/s?k=%E3%82%A2%E3%82%A4%E3%82%B7%E3%82%A2+%2F+AIXIA+%E7%B4%94%E7%BC%B6%E3%83%9F%E3%83%8B+%E3%81%BE%E3%81%90%E3%82%8D+%E7%8C%AB+%E3%82%AD%E3%83%A3%E3%83%83%E3%83%88%E3%83%95%E3%83%BC%E3%83%89,,,search_url_generated,Amazon API未使用。検索結果から該当ASIN/商品URLを後で確認して差し替え。
product_0320,金缶 パウチ まぐろ,brand_067,アイシア / AIXIA,アイシア,cat_food,フード,subcat_002,ウェットフード,ウェットフード,味・容量違いはSKUで管理,B,追加候補: 主要ブランド/公式検索キーワード確認,https://www.aixia.jp/catfood/,true,アイシア / AIXIA 金缶 パウチ まぐろ 猫 キャットフード,https://www.amazon.co.jp/s?k=%E3%82%A2%E3%82%A4%E3%82%B7%E3%82%A2+%2F+AIXIA+%E9%87%91%E7%BC%B6+%E3%83%91%E3%82%A6%E3%83%81+%E3%81%BE%E3%81%90%E3%82%8D+%E7%8C%AB+%E3%82%AD%E3%83%A3%E3%83%83%E3%83%88%E3%83%95%E3%83%BC%E3%83%89&i=pets,https://www.amazon.co.jp/s?k=%E3%82%A2%E3%82%A4%E3%82%B7%E3%82%A2+%2F+AIXIA+%E9%87%91%E7%BC%B6+%E3%83%91%E3%82%A6%E3%83%81+%E3%81%BE%E3%81%90%E3%82%8D+%E7%8C%AB+%E3%82%AD%E3%83%A3%E3%83%83%E3%83%88%E3%83%95%E3%83%BC%E3%83%89,,,search_url_generated,Amazon API未使用。検索結果から該当ASIN/商品URLを後で確認して差し替え。
product_0317,黒缶 3P まぐろとかつお,brand_067,アイシア / AIXIA,アイシア,cat_food,フード,subcat_002,ウェットフード,ウェットフード,味・容量違いはSKUで管理,A,追加候補: 主要ブランド/公式検索キーワード確認,https://www.aixia.jp/catfood/,true,アイシア / AIXIA 黒缶 3P まぐろとかつお 猫 キャットフード,https://www.amazon.co.jp/s?k=%E3%82%A2%E3%82%A4%E3%82%B7%E3%82%A2+%2F+AIXIA+%E9%BB%92%E7%BC%B6+3P+%E3%81%BE%E3%81%90%E3%82%8D%E3%81%A8%E3%81%8B%E3%81%A4%E3%81%8A+%E7%8C%AB+%E3%82%AD%E3%83%A3%E3%83%83%E3%83%88%E3%83%95%E3%83%BC%E3%83%89&i=pets,https://www.amazon.co.jp/s?k=%E3%82%A2%E3%82%A4%E3%82%B7%E3%82%A2+%2F+AIXIA+%E9%BB%92%E7%BC%B6+3P+%E3%81%BE%E3%81%90%E3%82%8D%E3%81%A8%E3%81%8B%E3%81%A4%E3%81%8A+%E7%8C%AB+%E3%82%AD%E3%83%A3%E3%83%83%E3%83%88%E3%83%95%E3%83%BC%E3%83%89,,,search_url_generated,Amazon API未使用。検索結果から該当ASIN/商品URLを後で確認して差し替え。
product_0316,黒缶 パウチ しらす入りまぐろとかつお,brand_067,アイシア / AIXIA,アイシア,cat_food,フード,subcat_002,ウェットフード,ウェットフード,味・容量違いはSKUで管理,B,追加候補: 主要ブランド/公式検索キーワード確認,https://www.aixia.jp/catfood/,true,アイシア / AIXIA 黒缶 パウチ しらす入りまぐろとかつお 猫 キャットフード,https://www.amazon.co.jp/s?k=%E3%82%A2%E3%82%A4%E3%82%B7%E3%82%A2+%2F+AIXIA+%E9%BB%92%E7%BC%B6+%E3%83%91%E3%82%A6%E3%83%81+%E3%81%97%E3%82%89%E3%81%99%E5%85%A5%E3%82%8A%E3%81%BE%E3%81%90%E3%82%8D%E3%81%A8%E3%81%8B%E3%81%A4%E3%81%8A+%E7%8C%AB+%E3%82%AD%E3%83%A3%E3%83%83%E3%83%88%E3%83%95%E3%83%BC%E3%83%89&i=pets,https://www.amazon.co.jp/s?k=%E3%82%A2%E3%82%A4%E3%82%B7%E3%82%A2+%2F+AIXIA+%E9%BB%92%E7%BC%B6+%E3%83%91%E3%82%A6%E3%83%81+%E3%81%97%E3%82%89%E3%81%99%E5%85%A5%E3%82%8A%E3%81%BE%E3%81%90%E3%82%8D%E3%81%A8%E3%81%8B%E3%81%A4%E3%81%8A+%E7%8C%AB+%E3%82%AD%E3%83%A3%E3%83%83%E3%83%88%E3%83%95%E3%83%BC%E3%83%89,,,search_url_generated,Amazon API未使用。検索結果から該当ASIN/商品URLを後で確認して差し替え。
product_0315,黒缶 パウチ まぐろとかつお,brand_067,アイシア / AIXIA,アイシア,cat_food,フード,subcat_002,ウェットフード,ウェットフード,味・容量違いはSKUで管理,A,追加候補: 主要ブランド/公式検索キーワード確認,https://www.aixia.jp/catfood/,true,アイシア / AIXIA 黒缶 パウチ まぐろとかつお 猫 キャットフード,https://www.amazon.co.jp/s?k=%E3%82%A2%E3%82%A4%E3%82%B7%E3%82%A2+%2F+AIXIA+%E9%BB%92%E7%BC%B6+%E3%83%91%E3%82%A6%E3%83%81+%E3%81%BE%E3%81%90%E3%82%8D%E3%81%A8%E3%81%8B%E3%81%A4%E3%81%8A+%E7%8C%AB+%E3%82%AD%E3%83%A3%E3%83%83%E3%83%88%E3%83%95%E3%83%BC%E3%83%89&i=pets,https://www.amazon.co.jp/s?k=%E3%82%A2%E3%82%A4%E3%82%B7%E3%82%A2+%2F+AIXIA+%E9%BB%92%E7%BC%B6+%E3%83%91%E3%82%A6%E3%83%81+%E3%81%BE%E3%81%90%E3%82%8D%E3%81%A8%E3%81%8B%E3%81%A4%E3%81%8A+%E7%8C%AB+%E3%82%AD%E3%83%A3%E3%83%83%E3%83%88%E3%83%95%E3%83%BC%E3%83%89,,,search_url_generated,Amazon API未使用。検索結果から該当ASIN/商品URLを後で確認して差し替え。
product_0164,カーニー,brand_011,アニモンダ,各社/輸入元,cat_food,フード,subcat_002,ウェットフード,ウェットフード,味・容量違いあり,B,プレミアム/通販系。日本流通は販売店確認推奨 / フード総合シリーズからウェットフードへ修正,https://www.min-petkenko.com/premiumFood.php?mode=cat,true,アニモンダ カーニー 猫 キャットフード,https://www.amazon.co.jp/s?k=%E3%82%A2%E3%83%8B%E3%83%A2%E3%83%B3%E3%83%80+%E3%82%AB%E3%83%BC%E3%83%8B%E3%83%BC+%E7%8C%AB+%E3%82%AD%E3%83%A3%E3%83%83%E3%83%88%E3%83%95%E3%83%BC%E3%83%89&i=pets,https://www.amazon.co.jp/s?k=%E3%82%A2%E3%83%8B%E3%83%A2%E3%83%B3%E3%83%80+%E3%82%AB%E3%83%BC%E3%83%8B%E3%83%BC+%E7%8C%AB+%E3%82%AD%E3%83%A3%E3%83%83%E3%83%88%E3%83%95%E3%83%BC%E3%83%89,,,search_url_generated,Amazon API未使用。検索結果から該当ASIN/商品URLを後で確認して差し替え。
product_0163,フォムファインステン,brand_011,アニモンダ,各社/輸入元,cat_food,フード,subcat_002,ウェットフード,ウェットフード,味・容量違いあり,B,プレミアム/通販系。日本流通は販売店確認推奨 / フード総合シリーズからウェットフードへ修正,https://www.min-petkenko.com/premiumFood.php?mode=cat,true,アニモンダ フォムファインステン 猫 キャットフード,https://www.amazon.co.jp/s?k=%E3%82%A2%E3%83%8B%E3%83%A2%E3%83%B3%E3%83%80+%E3%83%95%E3%82%A9%E3%83%A0%E3%83%95%E3%82%A1%E3%82%A4%E3%83%B3%E3%82%B9%E3%83%86%E3%83%B3+%E7%8C%AB+%E3%82%AD%E3%83%A3%E3%83%83%E3%83%88%E3%83%95%E3%83%BC%E3%83%89&i=pets,https://www.amazon.co.jp/s?k=%E3%82%A2%E3%83%8B%E3%83%A2%E3%83%B3%E3%83%80+%E3%83%95%E3%82%A9%E3%83%A0%E3%83%95%E3%82%A1%E3%82%A4%E3%83%B3%E3%82%B9%E3%83%86%E3%83%B3+%E7%8C%AB+%E3%82%AD%E3%83%A3%E3%83%83%E3%83%88%E3%83%95%E3%83%BC%E3%83%89,,,search_url_generated,Amazon API未使用。検索結果から該当ASIN/商品URLを後で確認して差し替え。
product_0166,HFC ナチュラル,brand_012,アルモネイチャー,各社/輸入元,cat_food,フード,subcat_002,ウェットフード,ウェットフード,味・容量違いあり,B,プレミアム/通販系。日本流通は販売店確認推奨 / フード総合シリーズからウェットフードへ修正,https://www.min-petkenko.com/premiumFood.php?mode=cat,true,アルモネイチャー HFC ナチュラル 猫 キャットフード,https://www.amazon.co.jp/s?k=%E3%82%A2%E3%83%AB%E3%83%A2%E3%83%8D%E3%82%A4%E3%83%81%E3%83%A3%E3%83%BC+HFC+%E3%83%8A%E3%83%81%E3%83%A5%E3%83%A9%E3%83%AB+%E7%8C%AB+%E3%82%AD%E3%83%A3%E3%83%83%E3%83%88%E3%83%95%E3%83%BC%E3%83%89&i=pets,https://www.amazon.co.jp/s?k=%E3%82%A2%E3%83%AB%E3%83%A2%E3%83%8D%E3%82%A4%E3%83%81%E3%83%A3%E3%83%BC+HFC+%E3%83%8A%E3%83%81%E3%83%A5%E3%83%A9%E3%83%AB+%E7%8C%AB+%E3%82%AD%E3%83%A3%E3%83%83%E3%83%88%E3%83%95%E3%83%BC%E3%83%89,,,search_url_generated,Amazon API未使用。検索結果から該当ASIN/商品URLを後で確認して差し替え。
product_0168,オルタナティブ,brand_012,アルモネイチャー,各社/輸入元,cat_food,フード,subcat_002,ウェットフード,ウェットフード,味・容量違いあり,B,プレミアム/通販系。日本流通は販売店確認推奨 / フード総合シリーズからウェットフードへ修正,https://www.min-petkenko.com/premiumFood.php?mode=cat,true,アルモネイチャー オルタナティブ 猫 キャットフード,https://www.amazon.co.jp/s?k=%E3%82%A2%E3%83%AB%E3%83%A2%E3%83%8D%E3%82%A4%E3%83%81%E3%83%A3%E3%83%BC+%E3%82%AA%E3%83%AB%E3%82%BF%E3%83%8A%E3%83%86%E3%82%A3%E3%83%96+%E7%8C%AB+%E3%82%AD%E3%83%A3%E3%83%83%E3%83%88%E3%83%95%E3%83%BC%E3%83%89&i=pets,https://www.amazon.co.jp/s?k=%E3%82%A2%E3%83%AB%E3%83%A2%E3%83%8D%E3%82%A4%E3%83%81%E3%83%A3%E3%83%BC+%E3%82%AA%E3%83%AB%E3%82%BF%E3%83%8A%E3%83%86%E3%82%A3%E3%83%96+%E7%8C%AB+%E3%82%AD%E3%83%A3%E3%83%83%E3%83%88%E3%83%95%E3%83%BC%E3%83%89,,,search_url_generated,Amazon API未使用。検索結果から該当ASIN/商品URLを後で確認して差し替え。
product_0167,デイリーメニュー,brand_012,アルモネイチャー,各社/輸入元,cat_food,フード,subcat_002,ウェットフード,ウェットフード,味・容量違いあり,B,プレミアム/通販系。日本流通は販売店確認推奨 / フード総合シリーズからウェットフードへ修正,https://www.min-petkenko.com/premiumFood.php?mode=cat,true,アルモネイチャー デイリーメニュー 猫 キャットフード,https://www.amazon.co.jp/s?k=%E3%82%A2%E3%83%AB%E3%83%A2%E3%83%8D%E3%82%A4%E3%83%81%E3%83%A3%E3%83%BC+%E3%83%87%E3%82%A4%E3%83%AA%E3%83%BC%E3%83%A1%E3%83%8B%E3%83%A5%E3%83%BC+%E7%8C%AB+%E3%82%AD%E3%83%A3%E3%83%83%E3%83%88%E3%83%95%E3%83%BC%E3%83%89&i=pets,https://www.amazon.co.jp/s?k=%E3%82%A2%E3%83%AB%E3%83%A2%E3%83%8D%E3%82%A4%E3%83%81%E3%83%A3%E3%83%BC+%E3%83%87%E3%82%A4%E3%83%AA%E3%83%BC%E3%83%A1%E3%83%8B%E3%83%A5%E3%83%BC+%E7%8C%AB+%E3%82%AD%E3%83%A3%E3%83%83%E3%83%88%E3%83%95%E3%83%BC%E3%83%89,,,search_url_generated,Amazon API未使用。検索結果から該当ASIN/商品URLを後で確認して差し替え。
product_0124,パウチ スープ仕立て,brand_016,カルカン,マース ジャパン,cat_food,フード,subcat_002,ウェットフード,シリーズ,味・年齢違いあり,A,マース系主要ブランド,https://www.mars.com/ja-jp/our-brands/petcare,true,カルカン パウチ スープ仕立て 猫 キャットフード,https://www.amazon.co.jp/s?k=%E3%82%AB%E3%83%AB%E3%82%AB%E3%83%B3+%E3%83%91%E3%82%A6%E3%83%81+%E3%82%B9%E3%83%BC%E3%83%97%E4%BB%95%E7%AB%8B%E3%81%A6+%E7%8C%AB+%E3%82%AD%E3%83%A3%E3%83%83%E3%83%88%E3%83%95%E3%83%BC%E3%83%89&i=pets,https://www.amazon.co.jp/s?k=%E3%82%AB%E3%83%AB%E3%82%AB%E3%83%B3+%E3%83%91%E3%82%A6%E3%83%81+%E3%82%B9%E3%83%BC%E3%83%97%E4%BB%95%E7%AB%8B%E3%81%A6+%E7%8C%AB+%E3%82%AD%E3%83%A3%E3%83%83%E3%83%88%E3%83%95%E3%83%BC%E3%83%89,,,search_url_generated,Amazon API未使用。検索結果から該当ASIN/商品URLを後で確認して差し替え。
product_0123,パウチ ゼリー仕立て,brand_016,カルカン,マース ジャパン,cat_food,フード,subcat_002,ウェットフード,シリーズ,味・年齢違いあり,A,マース系主要ブランド,https://www.mars.com/ja-jp/our-brands/petcare,true,カルカン パウチ ゼリー仕立て 猫 キャットフード,https://www.amazon.co.jp/s?k=%E3%82%AB%E3%83%AB%E3%82%AB%E3%83%B3+%E3%83%91%E3%82%A6%E3%83%81+%E3%82%BC%E3%83%AA%E3%83%BC%E4%BB%95%E7%AB%8B%E3%81%A6+%E7%8C%AB+%E3%82%AD%E3%83%A3%E3%83%83%E3%83%88%E3%83%95%E3%83%BC%E3%83%89&i=pets,https://www.amazon.co.jp/s?k=%E3%82%AB%E3%83%AB%E3%82%AB%E3%83%B3+%E3%83%91%E3%82%A6%E3%83%81+%E3%82%BC%E3%83%AA%E3%83%BC%E4%BB%95%E7%AB%8B%E3%81%A6+%E7%8C%AB+%E3%82%AD%E3%83%A3%E3%83%83%E3%83%88%E3%83%95%E3%83%BC%E3%83%89,,,search_url_generated,Amazon API未使用。検索結果から該当ASIN/商品URLを後で確認して差し替え。
product_0360,キャネット 3時のスープ,brand_071,キャネット,ペットライン,cat_food,フード,subcat_002,ウェットフード,ウェットフード,味・容量違いはSKUで管理,B,追加候補: ペットライン公式キャットフード一覧確認,https://www.petline.co.jp/cat/,true,キャネット 3時のスープ 猫 キャットフード,https://www.amazon.co.jp/s?k=%E3%82%AD%E3%83%A3%E3%83%8D%E3%83%83%E3%83%88+3%E6%99%82%E3%81%AE%E3%82%B9%E3%83%BC%E3%83%97+%E7%8C%AB+%E3%82%AD%E3%83%A3%E3%83%83%E3%83%88%E3%83%95%E3%83%BC%E3%83%89&i=pets,https://www.amazon.co.jp/s?k=%E3%82%AD%E3%83%A3%E3%83%8D%E3%83%83%E3%83%88+3%E6%99%82%E3%81%AE%E3%82%B9%E3%83%BC%E3%83%97+%E7%8C%AB+%E3%82%AD%E3%83%A3%E3%83%83%E3%83%88%E3%83%95%E3%83%BC%E3%83%89,,,search_url_generated,Amazon API未使用。検索結果から該当ASIN/商品URLを後で確認して差し替え。
product_0359,キャネット 3時のムース,brand_071,キャネット,ペットライン,cat_food,フード,subcat_002,ウェットフード,ウェットフード,味・容量違いはSKUで管理,B,追加候補: ペットライン公式キャットフード一覧確認,https://www.petline.co.jp/cat/,true,キャネット 3時のムース 猫 キャットフード,https://www.amazon.co.jp/s?k=%E3%82%AD%E3%83%A3%E3%83%8D%E3%83%83%E3%83%88+3%E6%99%82%E3%81%AE%E3%83%A0%E3%83%BC%E3%82%B9+%E7%8C%AB+%E3%82%AD%E3%83%A3%E3%83%83%E3%83%88%E3%83%95%E3%83%BC%E3%83%89&i=pets,https://www.amazon.co.jp/s?k=%E3%82%AD%E3%83%A3%E3%83%8D%E3%83%83%E3%83%88+3%E6%99%82%E3%81%AE%E3%83%A0%E3%83%BC%E3%82%B9+%E7%8C%AB+%E3%82%AD%E3%83%A3%E3%83%83%E3%83%88%E3%83%95%E3%83%BC%E3%83%89,,,search_url_generated,Amazon API未使用。検索結果から該当ASIN/商品URLを後で確認して差し替え。
product_0358,キャネット メルミル,brand_071,キャネット,ペットライン,cat_food,フード,subcat_002,ウェットフード,ウェットフード,味・容量違いはSKUで管理,B,追加候補: ペットライン公式キャットフード一覧確認,https://www.petline.co.jp/cat/,true,キャネット メルミル 猫 キャットフード,https://www.amazon.co.jp/s?k=%E3%82%AD%E3%83%A3%E3%83%8D%E3%83%83%E3%83%88+%E3%83%A1%E3%83%AB%E3%83%9F%E3%83%AB+%E7%8C%AB+%E3%82%AD%E3%83%A3%E3%83%83%E3%83%88%E3%83%95%E3%83%BC%E3%83%89&i=pets,https://www.amazon.co.jp/s?k=%E3%82%AD%E3%83%A3%E3%83%8D%E3%83%83%E3%83%88+%E3%83%A1%E3%83%AB%E3%83%9F%E3%83%AB+%E7%8C%AB+%E3%82%AD%E3%83%A3%E3%83%83%E3%83%88%E3%83%95%E3%83%BC%E3%83%89,,,search_url_generated,Amazon API未使用。検索結果から該当ASIN/商品URLを後で確認して差し替え。
product_0044,キャラット パウチ,brand_019,キャラット,ペットライン,cat_food,フード,subcat_002,ウェットフード,シリーズ,年齢/体質/味違いあり,A,国産フード系の主要ブランド,https://www.petline.co.jp/cat/,true,キャラット パウチ 猫 キャットフード,https://www.amazon.co.jp/s?k=%E3%82%AD%E3%83%A3%E3%83%A9%E3%83%83%E3%83%88+%E3%83%91%E3%82%A6%E3%83%81+%E7%8C%AB+%E3%82%AD%E3%83%A3%E3%83%83%E3%83%88%E3%83%95%E3%83%BC%E3%83%89&i=pets,https://www.amazon.co.jp/s?k=%E3%82%AD%E3%83%A3%E3%83%A9%E3%83%83%E3%83%88+%E3%83%91%E3%82%A6%E3%83%81+%E7%8C%AB+%E3%82%AD%E3%83%A3%E3%83%83%E3%83%88%E3%83%95%E3%83%BC%E3%83%89,,,search_url_generated,Amazon API未使用。検索結果から該当ASIN/商品URLを後で確認して差し替え。
product_0055,コンボ キャット 連パック,brand_023,コンボ,日本ペットフード,cat_food,フード,subcat_002,ウェットフード,シリーズ,年齢・健康ニーズ別,A,日本ペットフードの猫用主要カテゴリ,https://www.npf.co.jp/cat-products,true,コンボ キャット 連パック 猫 キャットフード,https://www.amazon.co.jp/s?k=%E3%82%B3%E3%83%B3%E3%83%9C+%E3%82%AD%E3%83%A3%E3%83%83%E3%83%88+%E9%80%A3%E3%83%91%E3%83%83%E3%82%AF+%E7%8C%AB+%E3%82%AD%E3%83%A3%E3%83%83%E3%83%88%E3%83%95%E3%83%BC%E3%83%89&i=pets,https://www.amazon.co.jp/s?k=%E3%82%B3%E3%83%B3%E3%83%9C+%E3%82%AD%E3%83%A3%E3%83%83%E3%83%88+%E9%80%A3%E3%83%91%E3%83%83%E3%82%AF+%E7%8C%AB+%E3%82%AD%E3%83%A3%E3%83%83%E3%83%88%E3%83%95%E3%83%BC%E3%83%89,,,search_url_generated,Amazon API未使用。検索結果から該当ASIN/商品URLを後で確認して差し替え。
product_0058,コンボ ピュア 連パック,brand_024,コンボ ピュア,日本ペットフード,cat_food,フード,subcat_002,ウェットフード,シリーズ,年齢・健康ニーズ別,B,日本ペットフードの猫用主要カテゴリ,https://www.npf.co.jp/cat-products,true,コンボ ピュア 連パック 猫 キャットフード,https://www.amazon.co.jp/s?k=%E3%82%B3%E3%83%B3%E3%83%9C+%E3%83%94%E3%83%A5%E3%82%A2+%E9%80%A3%E3%83%91%E3%83%83%E3%82%AF+%E7%8C%AB+%E3%82%AD%E3%83%A3%E3%83%83%E3%83%88%E3%83%95%E3%83%BC%E3%83%89&i=pets,https://www.amazon.co.jp/s?k=%E3%82%B3%E3%83%B3%E3%83%9C+%E3%83%94%E3%83%A5%E3%82%A2+%E9%80%A3%E3%83%91%E3%83%83%E3%82%AF+%E7%8C%AB+%E3%82%AD%E3%83%A3%E3%83%83%E3%83%88%E3%83%95%E3%83%BC%E3%83%89,,,search_url_generated,Amazon API未使用。検索結果から該当ASIN/商品URLを後で確認して差し替え。
product_0132,シーバ パウチ,brand_025,シーバ,マース ジャパン,cat_food,フード,subcat_002,ウェットフード,シリーズ,味・年齢違いあり,A,マース系主要ブランド,https://www.mars.com/ja-jp/our-brands/petcare,true,シーバ パウチ 猫 キャットフード,https://www.amazon.co.jp/s?k=%E3%82%B7%E3%83%BC%E3%83%90+%E3%83%91%E3%82%A6%E3%83%81+%E7%8C%AB+%E3%82%AD%E3%83%A3%E3%83%83%E3%83%88%E3%83%95%E3%83%BC%E3%83%89&i=pets,https://www.amazon.co.jp/s?k=%E3%82%B7%E3%83%BC%E3%83%90+%E3%83%91%E3%82%A6%E3%83%81+%E7%8C%AB+%E3%82%AD%E3%83%A3%E3%83%83%E3%83%88%E3%83%95%E3%83%BC%E3%83%89,,,search_url_generated,Amazon API未使用。検索結果から該当ASIN/商品URLを後で確認して差し替え。
product_0129,シーバ リッチ,brand_025,シーバ,マース ジャパン,cat_food,フード,subcat_002,ウェットフード,シリーズ,味・年齢違いあり,A,マース系主要ブランド,https://www.mars.com/ja-jp/our-brands/petcare,true,シーバ リッチ 猫 キャットフード,https://www.amazon.co.jp/s?k=%E3%82%B7%E3%83%BC%E3%83%90+%E3%83%AA%E3%83%83%E3%83%81+%E7%8C%AB+%E3%82%AD%E3%83%A3%E3%83%83%E3%83%88%E3%83%95%E3%83%BC%E3%83%89&i=pets,https://www.amazon.co.jp/s?k=%E3%82%B7%E3%83%BC%E3%83%90+%E3%83%AA%E3%83%83%E3%83%81+%E7%8C%AB+%E3%82%AD%E3%83%A3%E3%83%83%E3%83%88%E3%83%95%E3%83%BC%E3%83%89,,,search_url_generated,Amazon API未使用。検索結果から該当ASIN/商品URLを後で確認して差し替え。
product_0170,ピーク ウェット缶,brand_026,ジウィ / ZIWI,各社/輸入元,cat_food,フード,subcat_002,ウェットフード,シリーズ,味・容量違いあり,B,プレミアム/通販系。日本流通は販売店確認推奨,https://www.min-petkenko.com/premiumFood.php?mode=cat,true,ジウィ / ZIWI ピーク ウェット缶 猫 キャットフード,https://www.amazon.co.jp/s?k=%E3%82%B8%E3%82%A6%E3%82%A3+%2F+ZIWI+%E3%83%94%E3%83%BC%E3%82%AF+%E3%82%A6%E3%82%A7%E3%83%83%E3%83%88%E7%BC%B6+%E7%8C%AB+%E3%82%AD%E3%83%A3%E3%83%83%E3%83%88%E3%83%95%E3%83%BC%E3%83%89&i=pets,https://www.amazon.co.jp/s?k=%E3%82%B8%E3%82%A6%E3%82%A3+%2F+ZIWI+%E3%83%94%E3%83%BC%E3%82%AF+%E3%82%A6%E3%82%A7%E3%83%83%E3%83%88%E7%BC%B6+%E7%8C%AB+%E3%82%AD%E3%83%A3%E3%83%83%E3%83%88%E3%83%95%E3%83%BC%E3%83%89,,,search_url_generated,Amazon API未使用。検索結果から該当ASIN/商品URLを後で確認して差し替え。
product_0303,ニュートロ デイリーディッシュ トレイ チキン&ツナ,brand_036,ニュートロ デイリーディッシュ,マース ジャパン,cat_food,フード,subcat_002,ウェットフード,ウェットフード,年齢・容量違いはSKUで管理,B,マース系主要ブランド / 1商品単位に分割,https://store.nutro.jp/,true,ニュートロ デイリーディッシュ トレイ チキン&ツナ 猫 キャットフード,https://www.amazon.co.jp/s?k=%E3%83%8B%E3%83%A5%E3%83%BC%E3%83%88%E3%83%AD+%E3%83%87%E3%82%A4%E3%83%AA%E3%83%BC%E3%83%87%E3%82%A3%E3%83%83%E3%82%B7%E3%83%A5+%E3%83%88%E3%83%AC%E3%82%A4+%E3%83%81%E3%82%AD%E3%83%B3%26%E3%83%84%E3%83%8A+%E7%8C%AB+%E3%82%AD%E3%83%A3%E3%83%83%E3%83%88%E3%83%95%E3%83%BC%E3%83%89&i=pets,https://www.amazon.co.jp/s?k=%E3%83%8B%E3%83%A5%E3%83%BC%E3%83%88%E3%83%AD+%E3%83%87%E3%82%A4%E3%83%AA%E3%83%BC%E3%83%87%E3%82%A3%E3%83%83%E3%82%B7%E3%83%A5+%E3%83%88%E3%83%AC%E3%82%A4+%E3%83%81%E3%82%AD%E3%83%B3%26%E3%83%84%E3%83%8A+%E7%8C%AB+%E3%82%AD%E3%83%A3%E3%83%83%E3%83%88%E3%83%95%E3%83%BC%E3%83%89,,,search_url_generated,Amazon API未使用。検索結果から該当ASIN/商品URLを後で確認して差し替え。
product_0302,ニュートロ デイリーディッシュ パウチ チキン&ツナ,brand_036,ニュートロ デイリーディッシュ,マース ジャパン,cat_food,フード,subcat_002,ウェットフード,ウェットフード,年齢・容量違いはSKUで管理,B,マース系主要ブランド / 1商品単位に分割,https://store.nutro.jp/,true,ニュートロ デイリーディッシュ パウチ チキン&ツナ 猫 キャットフード,https://www.amazon.co.jp/s?k=%E3%83%8B%E3%83%A5%E3%83%BC%E3%83%88%E3%83%AD+%E3%83%87%E3%82%A4%E3%83%AA%E3%83%BC%E3%83%87%E3%82%A3%E3%83%83%E3%82%B7%E3%83%A5+%E3%83%91%E3%82%A6%E3%83%81+%E3%83%81%E3%82%AD%E3%83%B3%26%E3%83%84%E3%83%8A+%E7%8C%AB+%E3%82%AD%E3%83%A3%E3%83%83%E3%83%88%E3%83%95%E3%83%BC%E3%83%89&i=pets,https://www.amazon.co.jp/s?k=%E3%83%8B%E3%83%A5%E3%83%BC%E3%83%88%E3%83%AD+%E3%83%87%E3%82%A4%E3%83%AA%E3%83%BC%E3%83%87%E3%82%A3%E3%83%83%E3%82%B7%E3%83%A5+%E3%83%91%E3%82%A6%E3%83%81+%E3%83%81%E3%82%AD%E3%83%B3%26%E3%83%84%E3%83%8A+%E7%8C%AB+%E3%82%AD%E3%83%A3%E3%83%83%E3%83%88%E3%83%95%E3%83%BC%E3%83%89,,,search_url_generated,Amazon API未使用。検索結果から該当ASIN/商品URLを後で確認して差し替え。
product_0193,ミートインソース,brand_039,ハッピーキャット,各社/輸入元,cat_food,フード,subcat_002,ウェットフード,シリーズ,味・容量違いあり,B,プレミアム/通販系。日本流通は販売店確認推奨,https://www.min-petkenko.com/premiumFood.php?mode=cat,true,ハッピーキャット ミートインソース 猫 キャットフード,https://www.amazon.co.jp/s?k=%E3%83%8F%E3%83%83%E3%83%94%E3%83%BC%E3%82%AD%E3%83%A3%E3%83%83%E3%83%88+%E3%83%9F%E3%83%BC%E3%83%88%E3%82%A4%E3%83%B3%E3%82%BD%E3%83%BC%E3%82%B9+%E7%8C%AB+%E3%82%AD%E3%83%A3%E3%83%83%E3%83%88%E3%83%95%E3%83%BC%E3%83%89&i=pets,https://www.amazon.co.jp/s?k=%E3%83%8F%E3%83%83%E3%83%94%E3%83%BC%E3%82%AD%E3%83%A3%E3%83%83%E3%83%88+%E3%83%9F%E3%83%BC%E3%83%88%E3%82%A4%E3%83%B3%E3%82%BD%E3%83%BC%E3%82%B9+%E7%8C%AB+%E3%82%AD%E3%83%A3%E3%83%83%E3%83%88%E3%83%95%E3%83%BC%E3%83%89,,,search_url_generated,Amazon API未使用。検索結果から該当ASIN/商品URLを後で確認して差し替え。
product_0114,やわらかグリル パウチ,brand_049,フィリックス,ネスレ ピュリナ,cat_food,フード,subcat_002,ウェットフード,シリーズ,年齢・健康ニーズ・味違いあり,A,ピュリナ公式の猫用フードカテゴリ,https://purina.nestle.jp/food/cat,true,フィリックス やわらかグリル パウチ 猫 キャットフード,https://www.amazon.co.jp/s?k=%E3%83%95%E3%82%A3%E3%83%AA%E3%83%83%E3%82%AF%E3%82%B9+%E3%82%84%E3%82%8F%E3%82%89%E3%81%8B%E3%82%B0%E3%83%AA%E3%83%AB+%E3%83%91%E3%82%A6%E3%83%81+%E7%8C%AB+%E3%82%AD%E3%83%A3%E3%83%83%E3%83%88%E3%83%95%E3%83%BC%E3%83%89&i=pets,https://www.amazon.co.jp/s?k=%E3%83%95%E3%82%A3%E3%83%AA%E3%83%83%E3%82%AF%E3%82%B9+%E3%82%84%E3%82%8F%E3%82%89%E3%81%8B%E3%82%B0%E3%83%AA%E3%83%AB+%E3%83%91%E3%82%A6%E3%83%81+%E7%8C%AB+%E3%82%AD%E3%83%A3%E3%83%83%E3%83%88%E3%83%95%E3%83%BC%E3%83%89,,,search_url_generated,Amazon API未使用。検索結果から該当ASIN/商品URLを後で確認して差し替え。
product_0116,スープ,brand_049,フィリックス,ネスレ ピュリナ,cat_food,フード,subcat_002,ウェットフード,シリーズ,年齢・健康ニーズ・味違いあり,A,ピュリナ公式の猫用フードカテゴリ,https://purina.nestle.jp/food/cat,true,フィリックス スープ 猫 キャットフード,https://www.amazon.co.jp/s?k=%E3%83%95%E3%82%A3%E3%83%AA%E3%83%83%E3%82%AF%E3%82%B9+%E3%82%B9%E3%83%BC%E3%83%97+%E7%8C%AB+%E3%82%AD%E3%83%A3%E3%83%83%E3%83%88%E3%83%95%E3%83%BC%E3%83%89&i=pets,https://www.amazon.co.jp/s?k=%E3%83%95%E3%82%A3%E3%83%AA%E3%83%83%E3%82%AF%E3%82%B9+%E3%82%B9%E3%83%BC%E3%83%97+%E7%8C%AB+%E3%82%AD%E3%83%A3%E3%83%83%E3%83%88%E3%83%95%E3%83%BC%E3%83%89,,,search_url_generated,Amazon API未使用。検索結果から該当ASIN/商品URLを後で確認して差し替え。
product_0115,パウチ ゼリー仕立て,brand_049,フィリックス,ネスレ ピュリナ,cat_food,フード,subcat_002,ウェットフード,シリーズ,年齢・健康ニーズ・味違いあり,A,ピュリナ公式の猫用フードカテゴリ,https://purina.nestle.jp/food/cat,true,フィリックス パウチ ゼリー仕立て 猫 キャットフード,https://www.amazon.co.jp/s?k=%E3%83%95%E3%82%A3%E3%83%AA%E3%83%83%E3%82%AF%E3%82%B9+%E3%83%91%E3%82%A6%E3%83%81+%E3%82%BC%E3%83%AA%E3%83%BC%E4%BB%95%E7%AB%8B%E3%81%A6+%E7%8C%AB+%E3%82%AD%E3%83%A3%E3%83%83%E3%83%88%E3%83%95%E3%83%BC%E3%83%89&i=pets,https://www.amazon.co.jp/s?k=%E3%83%95%E3%82%A3%E3%83%AA%E3%83%83%E3%82%AF%E3%82%B9+%E3%83%91%E3%82%A6%E3%83%81+%E3%82%BC%E3%83%AA%E3%83%BC%E4%BB%95%E7%AB%8B%E3%81%A6+%E7%8C%AB+%E3%82%AD%E3%83%A3%E3%83%83%E3%83%88%E3%83%95%E3%83%BC%E3%83%89,,,search_url_generated,Amazon API未使用。検索結果から該当ASIN/商品URLを後で確認して差し替え。
product_0294,フィリックス やわらかグリル シニア用,brand_049,フィリックス,ネスレ ピュリナ,cat_food,フード,subcat_002,ウェットフード,ウェットフード,味違いはSKUで管理,A,ピュリナ公式の猫用フードカテゴリ / 1商品単位に分割,https://purina.nestle.jp/food/cat,true,フィリックス やわらかグリル シニア用 猫 キャットフード,https://www.amazon.co.jp/s?k=%E3%83%95%E3%82%A3%E3%83%AA%E3%83%83%E3%82%AF%E3%82%B9+%E3%82%84%E3%82%8F%E3%82%89%E3%81%8B%E3%82%B0%E3%83%AA%E3%83%AB+%E3%82%B7%E3%83%8B%E3%82%A2%E7%94%A8+%E7%8C%AB+%E3%82%AD%E3%83%A3%E3%83%83%E3%83%88%E3%83%95%E3%83%BC%E3%83%89&i=pets,https://www.amazon.co.jp/s?k=%E3%83%95%E3%82%A3%E3%83%AA%E3%83%83%E3%82%AF%E3%82%B9+%E3%82%84%E3%82%8F%E3%82%89%E3%81%8B%E3%82%B0%E3%83%AA%E3%83%AB+%E3%82%B7%E3%83%8B%E3%82%A2%E7%94%A8+%E7%8C%AB+%E3%82%AD%E3%83%A3%E3%83%83%E3%83%88%E3%83%95%E3%83%BC%E3%83%89,,,search_url_generated,Amazon API未使用。検索結果から該当ASIN/商品URLを後で確認して差し替え。
product_0293,フィリックス やわらかグリル 子ねこ用,brand_049,フィリックス,ネスレ ピュリナ,cat_food,フード,subcat_002,ウェットフード,ウェットフード,味違いはSKUで管理,A,ピュリナ公式の猫用フードカテゴリ / 1商品単位に分割,https://purina.nestle.jp/food/cat,true,フィリックス やわらかグリル 子ねこ用 猫 キャットフード,https://www.amazon.co.jp/s?k=%E3%83%95%E3%82%A3%E3%83%AA%E3%83%83%E3%82%AF%E3%82%B9+%E3%82%84%E3%82%8F%E3%82%89%E3%81%8B%E3%82%B0%E3%83%AA%E3%83%AB+%E5%AD%90%E3%81%AD%E3%81%93%E7%94%A8+%E7%8C%AB+%E3%82%AD%E3%83%A3%E3%83%83%E3%83%88%E3%83%95%E3%83%BC%E3%83%89&i=pets,https://www.amazon.co.jp/s?k=%E3%83%95%E3%82%A3%E3%83%AA%E3%83%83%E3%82%AF%E3%82%B9+%E3%82%84%E3%82%8F%E3%82%89%E3%81%8B%E3%82%B0%E3%83%AA%E3%83%AB+%E5%AD%90%E3%81%AD%E3%81%93%E7%94%A8+%E7%8C%AB+%E3%82%AD%E3%83%A3%E3%83%83%E3%83%88%E3%83%95%E3%83%BC%E3%83%89,,,search_url_generated,Amazon API未使用。検索結果から該当ASIN/商品URLを後で確認して差し替え。
product_0119,ウェット パウチ,brand_051,フリスキー,ネスレ ピュリナ,cat_food,フード,subcat_002,ウェットフード,シリーズ,年齢・健康ニーズ・味違いあり,B,ピュリナ公式の猫用フードカテゴリ,https://purina.nestle.jp/food/cat,true,フリスキー ウェット パウチ 猫 キャットフード,https://www.amazon.co.jp/s?k=%E3%83%95%E3%83%AA%E3%82%B9%E3%82%AD%E3%83%BC+%E3%82%A6%E3%82%A7%E3%83%83%E3%83%88+%E3%83%91%E3%82%A6%E3%83%81+%E7%8C%AB+%E3%82%AD%E3%83%A3%E3%83%83%E3%83%88%E3%83%95%E3%83%BC%E3%83%89&i=pets,https://www.amazon.co.jp/s?k=%E3%83%95%E3%83%AA%E3%82%B9%E3%82%AD%E3%83%BC+%E3%82%A6%E3%82%A7%E3%83%83%E3%83%88+%E3%83%91%E3%82%A6%E3%83%81+%E7%8C%AB+%E3%82%AD%E3%83%A3%E3%83%83%E3%83%88%E3%83%95%E3%83%BC%E3%83%89,,,search_url_generated,Amazon API未使用。検索結果から該当ASIN/商品URLを後で確認して差し替え。
product_0060,ミオ コンボ系ウェット,brand_055,ミオ,日本ペットフード,cat_food,フード,subcat_002,ウェットフード,シリーズ,年齢・健康ニーズ別,B,日本ペットフードの猫用主要カテゴリ,https://www.npf.co.jp/cat-products,true,ミオ コンボ系ウェット 猫 キャットフード,https://www.amazon.co.jp/s?k=%E3%83%9F%E3%82%AA+%E3%82%B3%E3%83%B3%E3%83%9C%E7%B3%BB%E3%82%A6%E3%82%A7%E3%83%83%E3%83%88+%E7%8C%AB+%E3%82%AD%E3%83%A3%E3%83%83%E3%83%88%E3%83%95%E3%83%BC%E3%83%89&i=pets,https://www.amazon.co.jp/s?k=%E3%83%9F%E3%82%AA+%E3%82%B3%E3%83%B3%E3%83%9C%E7%B3%BB%E3%82%A6%E3%82%A7%E3%83%83%E3%83%88+%E7%8C%AB+%E3%82%AD%E3%83%A3%E3%83%83%E3%83%88%E3%83%95%E3%83%BC%E3%83%89,,,search_url_generated,Amazon API未使用。検索結果から該当ASIN/商品URLを後で確認して差し替え。
product_0061,ミオ レトルト,brand_055,ミオ,日本ペットフード,cat_food,フード,subcat_002,ウェットフード,シリーズ,年齢・健康ニーズ別,B,日本ペットフードの猫用主要カテゴリ,https://www.npf.co.jp/cat-products,true,ミオ レトルト 猫 キャットフード,https://www.amazon.co.jp/s?k=%E3%83%9F%E3%82%AA+%E3%83%AC%E3%83%88%E3%83%AB%E3%83%88+%E7%8C%AB+%E3%82%AD%E3%83%A3%E3%83%83%E3%83%88%E3%83%95%E3%83%BC%E3%83%89&i=pets,https://www.amazon.co.jp/s?k=%E3%83%9F%E3%82%AA+%E3%83%AC%E3%83%88%E3%83%AB%E3%83%88+%E7%8C%AB+%E3%82%AD%E3%83%A3%E3%83%83%E3%83%88%E3%83%95%E3%83%BC%E3%83%89,,,search_url_generated,Amazon API未使用。検索結果から該当ASIN/商品URLを後で確認して差し替え。
product_0352,メディファス スープ,brand_056,メディファス,ペットライン,cat_food,フード,subcat_002,ウェットフード,ウェットフード,味・容量違いはSKUで管理,B,追加候補: ペットライン公式キャットフード一覧確認,https://www.petline.co.jp/cat/,true,メディファス スープ 猫 キャットフード,https://www.amazon.co.jp/s?k=%E3%83%A1%E3%83%87%E3%82%A3%E3%83%95%E3%82%A1%E3%82%B9+%E3%82%B9%E3%83%BC%E3%83%97+%E7%8C%AB+%E3%82%AD%E3%83%A3%E3%83%83%E3%83%88%E3%83%95%E3%83%BC%E3%83%89&i=pets,https://www.amazon.co.jp/s?k=%E3%83%A1%E3%83%87%E3%82%A3%E3%83%95%E3%82%A1%E3%82%B9+%E3%82%B9%E3%83%BC%E3%83%97+%E7%8C%AB+%E3%82%AD%E3%83%A3%E3%83%83%E3%83%88%E3%83%95%E3%83%BC%E3%83%89,,,search_url_generated,Amazon API未使用。検索結果から該当ASIN/商品URLを後で確認して差し替え。
product_0350,メディファスアドバンス ウェット,brand_056,メディファス,ペットライン,cat_food,フード,subcat_002,ウェットフード,ウェットフード,味・容量違いはSKUで管理,A,追加候補: ペットライン公式キャットフード一覧確認,https://www.petline.co.jp/cat/,true,メディファスアドバンス ウェット 猫 キャットフード,https://www.amazon.co.jp/s?k=%E3%83%A1%E3%83%87%E3%82%A3%E3%83%95%E3%82%A1%E3%82%B9%E3%82%A2%E3%83%89%E3%83%90%E3%83%B3%E3%82%B9+%E3%82%A6%E3%82%A7%E3%83%83%E3%83%88+%E7%8C%AB+%E3%82%AD%E3%83%A3%E3%83%83%E3%83%88%E3%83%95%E3%83%BC%E3%83%89&i=pets,https://www.amazon.co.jp/s?k=%E3%83%A1%E3%83%87%E3%82%A3%E3%83%95%E3%82%A1%E3%82%B9%E3%82%A2%E3%83%89%E3%83%90%E3%83%B3%E3%82%B9+%E3%82%A6%E3%82%A7%E3%83%83%E3%83%88+%E7%8C%AB+%E3%82%AD%E3%83%A3%E3%83%83%E3%83%88%E3%83%95%E3%83%BC%E3%83%89,,,search_url_generated,Amazon API未使用。検索結果から該当ASIN/商品URLを後で確認して差し替え。
product_0110,スープ,brand_058,モンプチ,ネスレ ピュリナ,cat_food,フード,subcat_002,ウェットフード,シリーズ,年齢・健康ニーズ・味違いあり,A,ピュリナ公式の猫用フードカテゴリ,https://purina.nestle.jp/our-brands/monpetit,true,モンプチ スープ 猫 キャットフード,https://www.amazon.co.jp/s?k=%E3%83%A2%E3%83%B3%E3%83%97%E3%83%81+%E3%82%B9%E3%83%BC%E3%83%97+%E7%8C%AB+%E3%82%AD%E3%83%A3%E3%83%83%E3%83%88%E3%83%95%E3%83%BC%E3%83%89&i=pets,https://www.amazon.co.jp/s?k=%E3%83%A2%E3%83%B3%E3%83%97%E3%83%81+%E3%82%B9%E3%83%BC%E3%83%97+%E7%8C%AB+%E3%82%AD%E3%83%A3%E3%83%83%E3%83%88%E3%83%95%E3%83%BC%E3%83%89,,,search_url_generated,Amazon API未使用。検索結果から該当ASIN/商品URLを後で確認して差し替え。
product_0109,プチリュクス カップ,brand_058,モンプチ,ネスレ ピュリナ,cat_food,フード,subcat_002,ウェットフード,シリーズ,年齢・健康ニーズ・味違いあり,A,ピュリナ公式の猫用フードカテゴリ,https://purina.nestle.jp/our-brands/monpetit,true,モンプチ プチリュクス カップ 猫 キャットフード,https://www.amazon.co.jp/s?k=%E3%83%A2%E3%83%B3%E3%83%97%E3%83%81+%E3%83%97%E3%83%81%E3%83%AA%E3%83%A5%E3%82%AF%E3%82%B9+%E3%82%AB%E3%83%83%E3%83%97+%E7%8C%AB+%E3%82%AD%E3%83%A3%E3%83%83%E3%83%88%E3%83%95%E3%83%BC%E3%83%89&i=pets,https://www.amazon.co.jp/s?k=%E3%83%A2%E3%83%B3%E3%83%97%E3%83%81+%E3%83%97%E3%83%81%E3%83%AA%E3%83%A5%E3%82%AF%E3%82%B9+%E3%82%AB%E3%83%83%E3%83%97+%E7%8C%AB+%E3%82%AD%E3%83%A3%E3%83%83%E3%83%88%E3%83%95%E3%83%BC%E3%83%89,,,search_url_generated,Amazon API未使用。検索結果から該当ASIN/商品URLを後で確認して差し替え。
product_0108,プチリュクス パウチ,brand_058,モンプチ,ネスレ ピュリナ,cat_food,フード,subcat_002,ウェットフード,シリーズ,年齢・健康ニーズ・味違いあり,A,ピュリナ公式の猫用フードカテゴリ,https://purina.nestle.jp/our-brands/monpetit,true,モンプチ プチリュクス パウチ 猫 キャットフード,https://www.amazon.co.jp/s?k=%E3%83%A2%E3%83%B3%E3%83%97%E3%83%81+%E3%83%97%E3%83%81%E3%83%AA%E3%83%A5%E3%82%AF%E3%82%B9+%E3%83%91%E3%82%A6%E3%83%81+%E7%8C%AB+%E3%82%AD%E3%83%A3%E3%83%83%E3%83%88%E3%83%95%E3%83%BC%E3%83%89&i=pets,https://www.amazon.co.jp/s?k=%E3%83%A2%E3%83%B3%E3%83%97%E3%83%81+%E3%83%97%E3%83%81%E3%83%AA%E3%83%A5%E3%82%AF%E3%82%B9+%E3%83%91%E3%82%A6%E3%83%81+%E7%8C%AB+%E3%82%AD%E3%83%A3%E3%83%83%E3%83%88%E3%83%95%E3%83%BC%E3%83%89,,,search_url_generated,Amazon API未使用。検索結果から該当ASIN/商品URLを後で確認して差し替え。
product_0113,缶,brand_058,モンプチ,ネスレ ピュリナ,cat_food,フード,subcat_002,ウェットフード,シリーズ,年齢・健康ニーズ・味違いあり,A,ピュリナ公式の猫用フードカテゴリ,https://purina.nestle.jp/our-brands/monpetit,true,モンプチ 缶 猫 キャットフード,https://www.amazon.co.jp/s?k=%E3%83%A2%E3%83%B3%E3%83%97%E3%83%81+%E7%BC%B6+%E7%8C%AB+%E3%82%AD%E3%83%A3%E3%83%83%E3%83%88%E3%83%95%E3%83%BC%E3%83%89&i=pets,https://www.amazon.co.jp/s?k=%E3%83%A2%E3%83%B3%E3%83%97%E3%83%81+%E7%BC%B6+%E7%8C%AB+%E3%82%AD%E3%83%A3%E3%83%83%E3%83%88%E3%83%95%E3%83%BC%E3%83%89,,,search_url_generated,Amazon API未使用。検索結果から該当ASIN/商品URLを後で確認して差し替え。
product_0047,懐石 レトルト,brand_062,懐石,ペットライン,cat_food,フード,subcat_002,ウェットフード,シリーズ,年齢/体質/味違いあり,A,国産フード系の主要ブランド,https://www.petline.co.jp/cat/,true,懐石 レトルト 猫 キャットフード,https://www.amazon.co.jp/s?k=%E6%87%90%E7%9F%B3+%E3%83%AC%E3%83%88%E3%83%AB%E3%83%88+%E7%8C%AB+%E3%82%AD%E3%83%A3%E3%83%83%E3%83%88%E3%83%95%E3%83%BC%E3%83%89&i=pets,https://www.amazon.co.jp/s?k=%E6%87%90%E7%9F%B3+%E3%83%AC%E3%83%88%E3%83%AB%E3%83%88+%E7%8C%AB+%E3%82%AD%E3%83%A3%E3%83%83%E3%83%88%E3%83%95%E3%83%BC%E3%83%89,,,search_url_generated,Amazon API未使用。検索結果から該当ASIN/商品URLを後で確認して差し替え。
product_0048,懐石 缶,brand_062,懐石,ペットライン,cat_food,フード,subcat_002,ウェットフード,シリーズ,年齢/体質/味違いあり,A,国産フード系の主要ブランド,https://www.petline.co.jp/cat/,true,懐石 缶 猫 キャットフード,https://www.amazon.co.jp/s?k=%E6%87%90%E7%9F%B3+%E7%BC%B6+%E7%8C%AB+%E3%82%AD%E3%83%A3%E3%83%83%E3%83%88%E3%83%95%E3%83%BC%E3%83%89&i=pets,https://www.amazon.co.jp/s?k=%E6%87%90%E7%9F%B3+%E7%BC%B6+%E7%8C%AB+%E3%82%AD%E3%83%A3%E3%83%83%E3%83%88%E3%83%95%E3%83%BC%E3%83%89,,,search_url_generated,Amazon API未使用。検索結果から該当ASIN/商品URLを後で確認して差し替え。
product_0004,銀のスプーン パウチ,brand_066,銀のスプーン,ユニ・チャーム,cat_food,フード,subcat_002,ウェットフード,シリーズ,まぐろ・かつお・ささみ・ジュレ系,A,量販店・ECでの初期マスタ優先度高,https://jp.unicharmpet.com/ja/brand/ginspoon.html,true,銀のスプーン パウチ 猫 キャットフード,https://www.amazon.co.jp/s?k=%E9%8A%80%E3%81%AE%E3%82%B9%E3%83%97%E3%83%BC%E3%83%B3+%E3%83%91%E3%82%A6%E3%83%81+%E7%8C%AB+%E3%82%AD%E3%83%A3%E3%83%83%E3%83%88%E3%83%95%E3%83%BC%E3%83%89&i=pets,https://www.amazon.co.jp/s?k=%E9%8A%80%E3%81%AE%E3%82%B9%E3%83%97%E3%83%BC%E3%83%B3+%E3%83%91%E3%82%A6%E3%83%81+%E7%8C%AB+%E3%82%AD%E3%83%A3%E3%83%83%E3%83%88%E3%83%95%E3%83%BC%E3%83%89,,,search_url_generated,Amazon API未使用。検索結果から該当ASIN/商品URLを後で確認して差し替え。
product_0291,銀のスプーン 三ツ星グルメ ジュレ,brand_066,銀のスプーン,ユニ・チャーム,cat_food,フード,subcat_002,ウェットフード,ウェットフード,味・年齢違いはSKUで管理,A,量販店・ECでの初期マスタ優先度高 / 1商品単位に分割,https://jp.unicharmpet.com/ja/brand/ginspoon.html,true,銀のスプーン 三ツ星グルメ ジュレ 猫 キャットフード,https://www.amazon.co.jp/s?k=%E9%8A%80%E3%81%AE%E3%82%B9%E3%83%97%E3%83%BC%E3%83%B3+%E4%B8%89%E3%83%84%E6%98%9F%E3%82%B0%E3%83%AB%E3%83%A1+%E3%82%B8%E3%83%A5%E3%83%AC+%E7%8C%AB+%E3%82%AD%E3%83%A3%E3%83%83%E3%83%88%E3%83%95%E3%83%BC%E3%83%89&i=pets,https://www.amazon.co.jp/s?k=%E9%8A%80%E3%81%AE%E3%82%B9%E3%83%97%E3%83%BC%E3%83%B3+%E4%B8%89%E3%83%84%E6%98%9F%E3%82%B0%E3%83%AB%E3%83%A1+%E3%82%B8%E3%83%A5%E3%83%AC+%E7%8C%AB+%E3%82%AD%E3%83%A3%E3%83%83%E3%83%88%E3%83%95%E3%83%BC%E3%83%89,,,search_url_generated,Amazon API未使用。検索結果から該当ASIN/商品URLを後で確認して差し替え。
product_0289,銀のスプーン 三ツ星グルメ パウチ,brand_066,銀のスプーン,ユニ・チャーム,cat_food,フード,subcat_002,ウェットフード,ウェットフード,味・年齢違いはSKUで管理,A,量販店・ECでの初期マスタ優先度高 / 1商品単位に分割,https://jp.unicharmpet.com/ja/brand/ginspoon.html,true,銀のスプーン 三ツ星グルメ パウチ 猫 キャットフード,https://www.amazon.co.jp/s?k=%E9%8A%80%E3%81%AE%E3%82%B9%E3%83%97%E3%83%BC%E3%83%B3+%E4%B8%89%E3%83%84%E6%98%9F%E3%82%B0%E3%83%AB%E3%83%A1+%E3%83%91%E3%82%A6%E3%83%81+%E7%8C%AB+%E3%82%AD%E3%83%A3%E3%83%83%E3%83%88%E3%83%95%E3%83%BC%E3%83%89&i=pets,https://www.amazon.co.jp/s?k=%E9%8A%80%E3%81%AE%E3%82%B9%E3%83%97%E3%83%BC%E3%83%B3+%E4%B8%89%E3%83%84%E6%98%9F%E3%82%B0%E3%83%AB%E3%83%A1+%E3%83%91%E3%82%A6%E3%83%81+%E7%8C%AB+%E3%82%AD%E3%83%A3%E3%83%83%E3%83%88%E3%83%95%E3%83%BC%E3%83%89,,,search_url_generated,Amazon API未使用。検索結果から該当ASIN/商品URLを後で確認して差し替え。
product_0290,銀のスプーン 三ツ星グルメ フレーク,brand_066,銀のスプーン,ユニ・チャーム,cat_food,フード,subcat_002,ウェットフード,ウェットフード,味・年齢違いはSKUで管理,A,量販店・ECでの初期マスタ優先度高 / 1商品単位に分割,https://jp.unicharmpet.com/ja/brand/ginspoon.html,true,銀のスプーン 三ツ星グルメ フレーク 猫 キャットフード,https://www.amazon.co.jp/s?k=%E9%8A%80%E3%81%AE%E3%82%B9%E3%83%97%E3%83%BC%E3%83%B3+%E4%B8%89%E3%83%84%E6%98%9F%E3%82%B0%E3%83%AB%E3%83%A1+%E3%83%95%E3%83%AC%E3%83%BC%E3%82%AF+%E7%8C%AB+%E3%82%AD%E3%83%A3%E3%83%83%E3%83%88%E3%83%95%E3%83%BC%E3%83%89&i=pets,https://www.amazon.co.jp/s?k=%E9%8A%80%E3%81%AE%E3%82%B9%E3%83%97%E3%83%BC%E3%83%B3+%E4%B8%89%E3%83%84%E6%98%9F%E3%82%B0%E3%83%AB%E3%83%A1+%E3%83%95%E3%83%AC%E3%83%BC%E3%82%AF+%E7%8C%AB+%E3%82%AD%E3%83%A3%E3%83%83%E3%83%88%E3%83%95%E3%83%BC%E3%83%89,,,search_url_generated,Amazon API未使用。検索結果から該当ASIN/商品URLを後で確認して差し替え。
product_0003,銀のスプーン 缶,brand_066,銀のスプーン,ユニ・チャーム,cat_food,フード,subcat_002,ウェットフード,シリーズ,まぐろ・かつお・ささみ系 / 子ねこ用等,A,量販店・ECでの初期マスタ優先度高,https://jp.unicharmpet.com/ja/brand/ginspoon.html,true,銀のスプーン 缶 猫 キャットフード,https://www.amazon.co.jp/s?k=%E9%8A%80%E3%81%AE%E3%82%B9%E3%83%97%E3%83%BC%E3%83%B3+%E7%BC%B6+%E7%8C%AB+%E3%82%AD%E3%83%A3%E3%83%83%E3%83%88%E3%83%95%E3%83%BC%E3%83%89&i=pets,https://www.amazon.co.jp/s?k=%E9%8A%80%E3%81%AE%E3%82%B9%E3%83%97%E3%83%BC%E3%83%B3+%E7%BC%B6+%E7%8C%AB+%E3%82%AD%E3%83%A3%E3%83%83%E3%83%88%E3%83%95%E3%83%BC%E3%83%89,,,search_url_generated,Amazon API未使用。検索結果から該当ASIN/商品URLを後で確認して差し替え。
product_0165,インテグラ プロテクト,brand_011,アニモンダ,各社/輸入元,cat_food,フード,subcat_004,療法食,シリーズ,味・容量違いあり,B,プレミアム/通販系。日本流通は販売店確認推奨,https://www.min-petkenko.com/premiumFood.php?mode=cat,true,アニモンダ インテグラ プロテクト 猫 キャットフード,https://www.amazon.co.jp/s?k=%E3%82%A2%E3%83%8B%E3%83%A2%E3%83%B3%E3%83%80+%E3%82%A4%E3%83%B3%E3%83%86%E3%82%B0%E3%83%A9+%E3%83%97%E3%83%AD%E3%83%86%E3%82%AF%E3%83%88+%E7%8C%AB+%E3%82%AD%E3%83%A3%E3%83%83%E3%83%88%E3%83%95%E3%83%BC%E3%83%89&i=pets,https://www.amazon.co.jp/s?k=%E3%82%A2%E3%83%8B%E3%83%A2%E3%83%B3%E3%83%80+%E3%82%A4%E3%83%B3%E3%83%86%E3%82%B0%E3%83%A9+%E3%83%97%E3%83%AD%E3%83%86%E3%82%AF%E3%83%88+%E7%8C%AB+%E3%82%AD%E3%83%A3%E3%83%83%E3%83%88%E3%83%95%E3%83%BC%E3%83%89,,,search_url_generated,Amazon API未使用。検索結果から該当ASIN/商品URLを後で確認して差し替え。
product_0090,c/d 尿ケア,brand_041,ヒルズ プリスクリプション・ダイエット,日本ヒルズ・コルゲート,cat_food,フード,subcat_004,療法食,シリーズ,年齢/健康状態別,A,療法食は獣医師相談表示推奨,https://www.hills.co.jp/,true,ヒルズ プリスクリプション・ダイエット c/d 尿ケア 猫 キャットフード,https://www.amazon.co.jp/s?k=%E3%83%92%E3%83%AB%E3%82%BA+%E3%83%97%E3%83%AA%E3%82%B9%E3%82%AF%E3%83%AA%E3%83%97%E3%82%B7%E3%83%A7%E3%83%B3%E3%83%BB%E3%83%80%E3%82%A4%E3%82%A8%E3%83%83%E3%83%88+c%2Fd+%E5%B0%BF%E3%82%B1%E3%82%A2+%E7%8C%AB+%E3%82%AD%E3%83%A3%E3%83%83%E3%83%88%E3%83%95%E3%83%BC%E3%83%89&i=pets,https://www.amazon.co.jp/s?k=%E3%83%92%E3%83%AB%E3%82%BA+%E3%83%97%E3%83%AA%E3%82%B9%E3%82%AF%E3%83%AA%E3%83%97%E3%82%B7%E3%83%A7%E3%83%B3%E3%83%BB%E3%83%80%E3%82%A4%E3%82%A8%E3%83%83%E3%83%88+c%2Fd+%E5%B0%BF%E3%82%B1%E3%82%A2+%E7%8C%AB+%E3%82%AD%E3%83%A3%E3%83%83%E3%83%88%E3%83%95%E3%83%BC%E3%83%89,,,search_url_generated,Amazon API未使用。検索結果から該当ASIN/商品URLを後で確認して差し替え。
product_0092,i/d 消化ケア,brand_041,ヒルズ プリスクリプション・ダイエット,日本ヒルズ・コルゲート,cat_food,フード,subcat_004,療法食,シリーズ,年齢/健康状態別,A,療法食は獣医師相談表示推奨,https://www.hills.co.jp/,true,ヒルズ プリスクリプション・ダイエット i/d 消化ケア 猫 キャットフード,https://www.amazon.co.jp/s?k=%E3%83%92%E3%83%AB%E3%82%BA+%E3%83%97%E3%83%AA%E3%82%B9%E3%82%AF%E3%83%AA%E3%83%97%E3%82%B7%E3%83%A7%E3%83%B3%E3%83%BB%E3%83%80%E3%82%A4%E3%82%A8%E3%83%83%E3%83%88+i%2Fd+%E6%B6%88%E5%8C%96%E3%82%B1%E3%82%A2+%E7%8C%AB+%E3%82%AD%E3%83%A3%E3%83%83%E3%83%88%E3%83%95%E3%83%BC%E3%83%89&i=pets,https://www.amazon.co.jp/s?k=%E3%83%92%E3%83%AB%E3%82%BA+%E3%83%97%E3%83%AA%E3%82%B9%E3%82%AF%E3%83%AA%E3%83%97%E3%82%B7%E3%83%A7%E3%83%B3%E3%83%BB%E3%83%80%E3%82%A4%E3%82%A8%E3%83%83%E3%83%88+i%2Fd+%E6%B6%88%E5%8C%96%E3%82%B1%E3%82%A2+%E7%8C%AB+%E3%82%AD%E3%83%A3%E3%83%83%E3%83%88%E3%83%95%E3%83%BC%E3%83%89,,,search_url_generated,Amazon API未使用。検索結果から該当ASIN/商品URLを後で確認して差し替え。
product_0091,k/d 腎臓ケア,brand_041,ヒルズ プリスクリプション・ダイエット,日本ヒルズ・コルゲート,cat_food,フード,subcat_004,療法食,シリーズ,年齢/健康状態別,A,療法食は獣医師相談表示推奨,https://www.hills.co.jp/,true,ヒルズ プリスクリプション・ダイエット k/d 腎臓ケア 猫 キャットフード,https://www.amazon.co.jp/s?k=%E3%83%92%E3%83%AB%E3%82%BA+%E3%83%97%E3%83%AA%E3%82%B9%E3%82%AF%E3%83%AA%E3%83%97%E3%82%B7%E3%83%A7%E3%83%B3%E3%83%BB%E3%83%80%E3%82%A4%E3%82%A8%E3%83%83%E3%83%88+k%2Fd+%E8%85%8E%E8%87%93%E3%82%B1%E3%82%A2+%E7%8C%AB+%E3%82%AD%E3%83%A3%E3%83%83%E3%83%88%E3%83%95%E3%83%BC%E3%83%89&i=pets,https://www.amazon.co.jp/s?k=%E3%83%92%E3%83%AB%E3%82%BA+%E3%83%97%E3%83%AA%E3%82%B9%E3%82%AF%E3%83%AA%E3%83%97%E3%82%B7%E3%83%A7%E3%83%B3%E3%83%BB%E3%83%80%E3%82%A4%E3%82%A8%E3%83%83%E3%83%88+k%2Fd+%E8%85%8E%E8%87%93%E3%82%B1%E3%82%A2+%E7%8C%AB+%E3%82%AD%E3%83%A3%E3%83%83%E3%83%88%E3%83%95%E3%83%BC%E3%83%89,,,search_url_generated,Amazon API未使用。検索結果から該当ASIN/商品URLを後で確認して差し替え。
product_0094,r/d 体重管理,brand_041,ヒルズ プリスクリプション・ダイエット,日本ヒルズ・コルゲート,cat_food,フード,subcat_004,療法食,シリーズ,年齢/健康状態別,A,療法食は獣医師相談表示推奨,https://www.hills.co.jp/,true,ヒルズ プリスクリプション・ダイエット r/d 体重管理 猫 キャットフード,https://www.amazon.co.jp/s?k=%E3%83%92%E3%83%AB%E3%82%BA+%E3%83%97%E3%83%AA%E3%82%B9%E3%82%AF%E3%83%AA%E3%83%97%E3%82%B7%E3%83%A7%E3%83%B3%E3%83%BB%E3%83%80%E3%82%A4%E3%82%A8%E3%83%83%E3%83%88+r%2Fd+%E4%BD%93%E9%87%8D%E7%AE%A1%E7%90%86+%E7%8C%AB+%E3%82%AD%E3%83%A3%E3%83%83%E3%83%88%E3%83%95%E3%83%BC%E3%83%89&i=pets,https://www.amazon.co.jp/s?k=%E3%83%92%E3%83%AB%E3%82%BA+%E3%83%97%E3%83%AA%E3%82%B9%E3%82%AF%E3%83%AA%E3%83%97%E3%82%B7%E3%83%A7%E3%83%B3%E3%83%BB%E3%83%80%E3%82%A4%E3%82%A8%E3%83%83%E3%83%88+r%2Fd+%E4%BD%93%E9%87%8D%E7%AE%A1%E7%90%86+%E7%8C%AB+%E3%82%AD%E3%83%A3%E3%83%83%E3%83%88%E3%83%95%E3%83%BC%E3%83%89,,,search_url_generated,Amazon API未使用。検索結果から該当ASIN/商品URLを後で確認して差し替え。
product_0096,y/d 甲状腺ケア,brand_041,ヒルズ プリスクリプション・ダイエット,日本ヒルズ・コルゲート,cat_food,フード,subcat_004,療法食,シリーズ,年齢/健康状態別,A,療法食は獣医師相談表示推奨,https://www.hills.co.jp/,true,ヒルズ プリスクリプション・ダイエット y/d 甲状腺ケア 猫 キャットフード,https://www.amazon.co.jp/s?k=%E3%83%92%E3%83%AB%E3%82%BA+%E3%83%97%E3%83%AA%E3%82%B9%E3%82%AF%E3%83%AA%E3%83%97%E3%82%B7%E3%83%A7%E3%83%B3%E3%83%BB%E3%83%80%E3%82%A4%E3%82%A8%E3%83%83%E3%83%88+y%2Fd+%E7%94%B2%E7%8A%B6%E8%85%BA%E3%82%B1%E3%82%A2+%E7%8C%AB+%E3%82%AD%E3%83%A3%E3%83%83%E3%83%88%E3%83%95%E3%83%BC%E3%83%89&i=pets,https://www.amazon.co.jp/s?k=%E3%83%92%E3%83%AB%E3%82%BA+%E3%83%97%E3%83%AA%E3%82%B9%E3%82%AF%E3%83%AA%E3%83%97%E3%82%B7%E3%83%A7%E3%83%B3%E3%83%BB%E3%83%80%E3%82%A4%E3%82%A8%E3%83%83%E3%83%88+y%2Fd+%E7%94%B2%E7%8A%B6%E8%85%BA%E3%82%B1%E3%82%A2+%E7%8C%AB+%E3%82%AD%E3%83%A3%E3%83%83%E3%83%88%E3%83%95%E3%83%BC%E3%83%89,,,search_url_generated,Amazon API未使用。検索結果から該当ASIN/商品URLを後で確認して差し替え。
product_0093,z/d 食物アレルギーケア,brand_041,ヒルズ プリスクリプション・ダイエット,日本ヒルズ・コルゲート,cat_food,フード,subcat_004,療法食,シリーズ,年齢/健康状態別,A,療法食は獣医師相談表示推奨,https://www.hills.co.jp/,true,ヒルズ プリスクリプション・ダイエット z/d 食物アレルギーケア 猫 キャットフード,https://www.amazon.co.jp/s?k=%E3%83%92%E3%83%AB%E3%82%BA+%E3%83%97%E3%83%AA%E3%82%B9%E3%82%AF%E3%83%AA%E3%83%97%E3%82%B7%E3%83%A7%E3%83%B3%E3%83%BB%E3%83%80%E3%82%A4%E3%82%A8%E3%83%83%E3%83%88+z%2Fd+%E9%A3%9F%E7%89%A9%E3%82%A2%E3%83%AC%E3%83%AB%E3%82%AE%E3%83%BC%E3%82%B1%E3%82%A2+%E7%8C%AB+%E3%82%AD%E3%83%A3%E3%83%83%E3%83%88%E3%83%95%E3%83%BC%E3%83%89&i=pets,https://www.amazon.co.jp/s?k=%E3%83%92%E3%83%AB%E3%82%BA+%E3%83%97%E3%83%AA%E3%82%B9%E3%82%AF%E3%83%AA%E3%83%97%E3%82%B7%E3%83%A7%E3%83%B3%E3%83%BB%E3%83%80%E3%82%A4%E3%82%A8%E3%83%83%E3%83%88+z%2Fd+%E9%A3%9F%E7%89%A9%E3%82%A2%E3%83%AC%E3%83%AB%E3%82%AE%E3%83%BC%E3%82%B1%E3%82%A2+%E7%8C%AB+%E3%82%AD%E3%83%A3%E3%83%83%E3%83%88%E3%83%95%E3%83%BC%E3%83%89,,,search_url_generated,Amazon API未使用。検索結果から該当ASIN/商品URLを後で確認して差し替え。
product_0095,メタボリックス,brand_041,ヒルズ プリスクリプション・ダイエット,日本ヒルズ・コルゲート,cat_food,フード,subcat_004,療法食,シリーズ,年齢/健康状態別,A,療法食は獣医師相談表示推奨,https://www.hills.co.jp/,true,ヒルズ プリスクリプション・ダイエット メタボリックス 猫 キャットフード,https://www.amazon.co.jp/s?k=%E3%83%92%E3%83%AB%E3%82%BA+%E3%83%97%E3%83%AA%E3%82%B9%E3%82%AF%E3%83%AA%E3%83%97%E3%82%B7%E3%83%A7%E3%83%B3%E3%83%BB%E3%83%80%E3%82%A4%E3%82%A8%E3%83%83%E3%83%88+%E3%83%A1%E3%82%BF%E3%83%9C%E3%83%AA%E3%83%83%E3%82%AF%E3%82%B9+%E7%8C%AB+%E3%82%AD%E3%83%A3%E3%83%83%E3%83%88%E3%83%95%E3%83%BC%E3%83%89&i=pets,https://www.amazon.co.jp/s?k=%E3%83%92%E3%83%AB%E3%82%BA+%E3%83%97%E3%83%AA%E3%82%B9%E3%82%AF%E3%83%AA%E3%83%97%E3%82%B7%E3%83%A7%E3%83%B3%E3%83%BB%E3%83%80%E3%82%A4%E3%82%A8%E3%83%83%E3%83%88+%E3%83%A1%E3%82%BF%E3%83%9C%E3%83%AA%E3%83%83%E3%82%AF%E3%82%B9+%E7%8C%AB+%E3%82%AD%E3%83%A3%E3%83%83%E3%83%88%E3%83%95%E3%83%BC%E3%83%89,,,search_url_generated,Amazon API未使用。検索結果から該当ASIN/商品URLを後で確認して差し替え。
product_0120,ベテリナリー ダイエット,brand_045,ピュリナ プロプラン,ネスレ ピュリナ,cat_food,フード,subcat_004,療法食,シリーズ,年齢・健康ニーズ・味違いあり,B,ピュリナ公式の猫用フードカテゴリ,https://purina.nestle.jp/food/cat,true,ピュリナ プロプラン ベテリナリー ダイエット 猫 キャットフード,https://www.amazon.co.jp/s?k=%E3%83%94%E3%83%A5%E3%83%AA%E3%83%8A+%E3%83%97%E3%83%AD%E3%83%97%E3%83%A9%E3%83%B3+%E3%83%99%E3%83%86%E3%83%AA%E3%83%8A%E3%83%AA%E3%83%BC+%E3%83%80%E3%82%A4%E3%82%A8%E3%83%83%E3%83%88+%E7%8C%AB+%E3%82%AD%E3%83%A3%E3%83%83%E3%83%88%E3%83%95%E3%83%BC%E3%83%89&i=pets,https://www.amazon.co.jp/s?k=%E3%83%94%E3%83%A5%E3%83%AA%E3%83%8A+%E3%83%97%E3%83%AD%E3%83%97%E3%83%A9%E3%83%B3+%E3%83%99%E3%83%86%E3%83%AA%E3%83%8A%E3%83%AA%E3%83%BC+%E3%83%80%E3%82%A4%E3%82%A8%E3%83%83%E3%83%88+%E7%8C%AB+%E3%82%AD%E3%83%A3%E3%83%83%E3%83%88%E3%83%95%E3%83%BC%E3%83%89,,,search_url_generated,Amazon API未使用。検索結果から該当ASIN/商品URLを後で確認して差し替え。
product_0082,ロイヤルカナン セレクトプロテイン,brand_061,ロイヤルカナン ベテリナリーダイエット,ロイヤルカナン,cat_food,フード,subcat_004,療法食,療法食シリーズ,疾患別。利用時は獣医師確認導線推奨,A,療法食は注意書き必須,https://vet.royalcanin.jp/static_page/cat,true,ロイヤルカナン ベテリナリーダイエット ロイヤルカナン セレクトプロテイン 猫 キャットフード,https://www.amazon.co.jp/s?k=%E3%83%AD%E3%82%A4%E3%83%A4%E3%83%AB%E3%82%AB%E3%83%8A%E3%83%B3+%E3%83%99%E3%83%86%E3%83%AA%E3%83%8A%E3%83%AA%E3%83%BC%E3%83%80%E3%82%A4%E3%82%A8%E3%83%83%E3%83%88+%E3%83%AD%E3%82%A4%E3%83%A4%E3%83%AB%E3%82%AB%E3%83%8A%E3%83%B3+%E3%82%BB%E3%83%AC%E3%82%AF%E3%83%88%E3%83%97%E3%83%AD%E3%83%86%E3%82%A4%E3%83%B3+%E7%8C%AB+%E3%82%AD%E3%83%A3%E3%83%83%E3%83%88%E3%83%95%E3%83%BC%E3%83%89&i=pets,https://www.amazon.co.jp/s?k=%E3%83%AD%E3%82%A4%E3%83%A4%E3%83%AB%E3%82%AB%E3%83%8A%E3%83%B3+%E3%83%99%E3%83%86%E3%83%AA%E3%83%8A%E3%83%AA%E3%83%BC%E3%83%80%E3%82%A4%E3%82%A8%E3%83%83%E3%83%88+%E3%83%AD%E3%82%A4%E3%83%A4%E3%83%AB%E3%82%AB%E3%83%8A%E3%83%B3+%E3%82%BB%E3%83%AC%E3%82%AF%E3%83%88%E3%83%97%E3%83%AD%E3%83%86%E3%82%A4%E3%83%B3+%E7%8C%AB+%E3%82%AD%E3%83%A3%E3%83%83%E3%83%88%E3%83%95%E3%83%BC%E3%83%89,,,search_url_generated,Amazon API未使用。検索結果から該当ASIN/商品URLを後で確認して差し替え。
product_0075,ロイヤルカナン ユリナリーS/O,brand_061,ロイヤルカナン ベテリナリーダイエット,ロイヤルカナン,cat_food,フード,subcat_004,療法食,療法食シリーズ,疾患別。利用時は獣医師確認導線推奨,A,療法食は注意書き必須,https://vet.royalcanin.jp/static_page/cat,true,ロイヤルカナン ベテリナリーダイエット ロイヤルカナン ユリナリーS/O 猫 キャットフード,https://www.amazon.co.jp/s?k=%E3%83%AD%E3%82%A4%E3%83%A4%E3%83%AB%E3%82%AB%E3%83%8A%E3%83%B3+%E3%83%99%E3%83%86%E3%83%AA%E3%83%8A%E3%83%AA%E3%83%BC%E3%83%80%E3%82%A4%E3%82%A8%E3%83%83%E3%83%88+%E3%83%AD%E3%82%A4%E3%83%A4%E3%83%AB%E3%82%AB%E3%83%8A%E3%83%B3+%E3%83%A6%E3%83%AA%E3%83%8A%E3%83%AA%E3%83%BCS%2FO+%E7%8C%AB+%E3%82%AD%E3%83%A3%E3%83%83%E3%83%88%E3%83%95%E3%83%BC%E3%83%89&i=pets,https://www.amazon.co.jp/s?k=%E3%83%AD%E3%82%A4%E3%83%A4%E3%83%AB%E3%82%AB%E3%83%8A%E3%83%B3+%E3%83%99%E3%83%86%E3%83%AA%E3%83%8A%E3%83%AA%E3%83%BC%E3%83%80%E3%82%A4%E3%82%A8%E3%83%83%E3%83%88+%E3%83%AD%E3%82%A4%E3%83%A4%E3%83%AB%E3%82%AB%E3%83%8A%E3%83%B3+%E3%83%A6%E3%83%AA%E3%83%8A%E3%83%AA%E3%83%BCS%2FO+%E7%8C%AB+%E3%82%AD%E3%83%A3%E3%83%83%E3%83%88%E3%83%95%E3%83%BC%E3%83%89,,,search_url_generated,Amazon API未使用。検索結果から該当ASIN/商品URLを後で確認して差し替え。
product_0078,ロイヤルカナン 低分子プロテイン,brand_061,ロイヤルカナン ベテリナリーダイエット,ロイヤルカナン,cat_food,フード,subcat_004,療法食,療法食シリーズ,疾患別。利用時は獣医師確認導線推奨,A,療法食は注意書き必須,https://vet.royalcanin.jp/static_page/cat,true,ロイヤルカナン ベテリナリーダイエット ロイヤルカナン 低分子プロテイン 猫 キャットフード,https://www.amazon.co.jp/s?k=%E3%83%AD%E3%82%A4%E3%83%A4%E3%83%AB%E3%82%AB%E3%83%8A%E3%83%B3+%E3%83%99%E3%83%86%E3%83%AA%E3%83%8A%E3%83%AA%E3%83%BC%E3%83%80%E3%82%A4%E3%82%A8%E3%83%83%E3%83%88+%E3%83%AD%E3%82%A4%E3%83%A4%E3%83%AB%E3%82%AB%E3%83%8A%E3%83%B3+%E4%BD%8E%E5%88%86%E5%AD%90%E3%83%97%E3%83%AD%E3%83%86%E3%82%A4%E3%83%B3+%E7%8C%AB+%E3%82%AD%E3%83%A3%E3%83%83%E3%83%88%E3%83%95%E3%83%BC%E3%83%89&i=pets,https://www.amazon.co.jp/s?k=%E3%83%AD%E3%82%A4%E3%83%A4%E3%83%AB%E3%82%AB%E3%83%8A%E3%83%B3+%E3%83%99%E3%83%86%E3%83%AA%E3%83%8A%E3%83%AA%E3%83%BC%E3%83%80%E3%82%A4%E3%82%A8%E3%83%83%E3%83%88+%E3%83%AD%E3%82%A4%E3%83%A4%E3%83%AB%E3%82%AB%E3%83%8A%E3%83%B3+%E4%BD%8E%E5%88%86%E5%AD%90%E3%83%97%E3%83%AD%E3%83%86%E3%82%A4%E3%83%B3+%E7%8C%AB+%E3%82%AD%E3%83%A3%E3%83%83%E3%83%88%E3%83%95%E3%83%BC%E3%83%89,,,search_url_generated,Amazon API未使用。検索結果から該当ASIN/商品URLを後で確認して差し替え。
product_0077,ロイヤルカナン 消化器サポート,brand_061,ロイヤルカナン ベテリナリーダイエット,ロイヤルカナン,cat_food,フード,subcat_004,療法食,療法食シリーズ,疾患別。利用時は獣医師確認導線推奨,A,療法食は注意書き必須,https://vet.royalcanin.jp/static_page/cat,true,ロイヤルカナン ベテリナリーダイエット ロイヤルカナン 消化器サポート 猫 キャットフード,https://www.amazon.co.jp/s?k=%E3%83%AD%E3%82%A4%E3%83%A4%E3%83%AB%E3%82%AB%E3%83%8A%E3%83%B3+%E3%83%99%E3%83%86%E3%83%AA%E3%83%8A%E3%83%AA%E3%83%BC%E3%83%80%E3%82%A4%E3%82%A8%E3%83%83%E3%83%88+%E3%83%AD%E3%82%A4%E3%83%A4%E3%83%AB%E3%82%AB%E3%83%8A%E3%83%B3+%E6%B6%88%E5%8C%96%E5%99%A8%E3%82%B5%E3%83%9D%E3%83%BC%E3%83%88+%E7%8C%AB+%E3%82%AD%E3%83%A3%E3%83%83%E3%83%88%E3%83%95%E3%83%BC%E3%83%89&i=pets,https://www.amazon.co.jp/s?k=%E3%83%AD%E3%82%A4%E3%83%A4%E3%83%AB%E3%82%AB%E3%83%8A%E3%83%B3+%E3%83%99%E3%83%86%E3%83%AA%E3%83%8A%E3%83%AA%E3%83%BC%E3%83%80%E3%82%A4%E3%82%A8%E3%83%83%E3%83%88+%E3%83%AD%E3%82%A4%E3%83%A4%E3%83%AB%E3%82%AB%E3%83%8A%E3%83%B3+%E6%B6%88%E5%8C%96%E5%99%A8%E3%82%B5%E3%83%9D%E3%83%BC%E3%83%88+%E7%8C%AB+%E3%82%AD%E3%83%A3%E3%83%83%E3%83%88%E3%83%95%E3%83%BC%E3%83%89,,,search_url_generated,Amazon API未使用。検索結果から該当ASIN/商品URLを後で確認して差し替え。
product_0079,ロイヤルカナン 満腹感サポート,brand_061,ロイヤルカナン ベテリナリーダイエット,ロイヤルカナン,cat_food,フード,subcat_004,療法食,療法食シリーズ,疾患別。利用時は獣医師確認導線推奨,A,療法食は注意書き必須,https://vet.royalcanin.jp/static_page/cat,true,ロイヤルカナン ベテリナリーダイエット ロイヤルカナン 満腹感サポート 猫 キャットフード,https://www.amazon.co.jp/s?k=%E3%83%AD%E3%82%A4%E3%83%A4%E3%83%AB%E3%82%AB%E3%83%8A%E3%83%B3+%E3%83%99%E3%83%86%E3%83%AA%E3%83%8A%E3%83%AA%E3%83%BC%E3%83%80%E3%82%A4%E3%82%A8%E3%83%83%E3%83%88+%E3%83%AD%E3%82%A4%E3%83%A4%E3%83%AB%E3%82%AB%E3%83%8A%E3%83%B3+%E6%BA%80%E8%85%B9%E6%84%9F%E3%82%B5%E3%83%9D%E3%83%BC%E3%83%88+%E7%8C%AB+%E3%82%AD%E3%83%A3%E3%83%83%E3%83%88%E3%83%95%E3%83%BC%E3%83%89&i=pets,https://www.amazon.co.jp/s?k=%E3%83%AD%E3%82%A4%E3%83%A4%E3%83%AB%E3%82%AB%E3%83%8A%E3%83%B3+%E3%83%99%E3%83%86%E3%83%AA%E3%83%8A%E3%83%AA%E3%83%BC%E3%83%80%E3%82%A4%E3%82%A8%E3%83%83%E3%83%88+%E3%83%AD%E3%82%A4%E3%83%A4%E3%83%AB%E3%82%AB%E3%83%8A%E3%83%B3+%E6%BA%80%E8%85%B9%E6%84%9F%E3%82%B5%E3%83%9D%E3%83%BC%E3%83%88+%E7%8C%AB+%E3%82%AD%E3%83%A3%E3%83%83%E3%83%88%E3%83%95%E3%83%BC%E3%83%89,,,search_url_generated,Amazon API未使用。検索結果から該当ASIN/商品URLを後で確認して差し替え。
product_0080,ロイヤルカナン 糖コントロール,brand_061,ロイヤルカナン ベテリナリーダイエット,ロイヤルカナン,cat_food,フード,subcat_004,療法食,療法食シリーズ,疾患別。利用時は獣医師確認導線推奨,A,療法食は注意書き必須,https://vet.royalcanin.jp/static_page/cat,true,ロイヤルカナン ベテリナリーダイエット ロイヤルカナン 糖コントロール 猫 キャットフード,https://www.amazon.co.jp/s?k=%E3%83%AD%E3%82%A4%E3%83%A4%E3%83%AB%E3%82%AB%E3%83%8A%E3%83%B3+%E3%83%99%E3%83%86%E3%83%AA%E3%83%8A%E3%83%AA%E3%83%BC%E3%83%80%E3%82%A4%E3%82%A8%E3%83%83%E3%83%88+%E3%83%AD%E3%82%A4%E3%83%A4%E3%83%AB%E3%82%AB%E3%83%8A%E3%83%B3+%E7%B3%96%E3%82%B3%E3%83%B3%E3%83%88%E3%83%AD%E3%83%BC%E3%83%AB+%E7%8C%AB+%E3%82%AD%E3%83%A3%E3%83%83%E3%83%88%E3%83%95%E3%83%BC%E3%83%89&i=pets,https://www.amazon.co.jp/s?k=%E3%83%AD%E3%82%A4%E3%83%A4%E3%83%AB%E3%82%AB%E3%83%8A%E3%83%B3+%E3%83%99%E3%83%86%E3%83%AA%E3%83%8A%E3%83%AA%E3%83%BC%E3%83%80%E3%82%A4%E3%82%A8%E3%83%83%E3%83%88+%E3%83%AD%E3%82%A4%E3%83%A4%E3%83%AB%E3%82%AB%E3%83%8A%E3%83%B3+%E7%B3%96%E3%82%B3%E3%83%B3%E3%83%88%E3%83%AD%E3%83%BC%E3%83%AB+%E7%8C%AB+%E3%82%AD%E3%83%A3%E3%83%83%E3%83%88%E3%83%95%E3%83%BC%E3%83%89,,,search_url_generated,Amazon API未使用。検索結果から該当ASIN/商品URLを後で確認して差し替え。
product_0081,ロイヤルカナン 肝臓サポート,brand_061,ロイヤルカナン ベテリナリーダイエット,ロイヤルカナン,cat_food,フード,subcat_004,療法食,療法食シリーズ,疾患別。利用時は獣医師確認導線推奨,A,療法食は注意書き必須,https://vet.royalcanin.jp/static_page/cat,true,ロイヤルカナン ベテリナリーダイエット ロイヤルカナン 肝臓サポート 猫 キャットフード,https://www.amazon.co.jp/s?k=%E3%83%AD%E3%82%A4%E3%83%A4%E3%83%AB%E3%82%AB%E3%83%8A%E3%83%B3+%E3%83%99%E3%83%86%E3%83%AA%E3%83%8A%E3%83%AA%E3%83%BC%E3%83%80%E3%82%A4%E3%82%A8%E3%83%83%E3%83%88+%E3%83%AD%E3%82%A4%E3%83%A4%E3%83%AB%E3%82%AB%E3%83%8A%E3%83%B3+%E8%82%9D%E8%87%93%E3%82%B5%E3%83%9D%E3%83%BC%E3%83%88+%E7%8C%AB+%E3%82%AD%E3%83%A3%E3%83%83%E3%83%88%E3%83%95%E3%83%BC%E3%83%89&i=pets,https://www.amazon.co.jp/s?k=%E3%83%AD%E3%82%A4%E3%83%A4%E3%83%AB%E3%82%AB%E3%83%8A%E3%83%B3+%E3%83%99%E3%83%86%E3%83%AA%E3%83%8A%E3%83%AA%E3%83%BC%E3%83%80%E3%82%A4%E3%82%A8%E3%83%83%E3%83%88+%E3%83%AD%E3%82%A4%E3%83%A4%E3%83%AB%E3%82%AB%E3%83%8A%E3%83%B3+%E8%82%9D%E8%87%93%E3%82%B5%E3%83%9D%E3%83%BC%E3%83%88+%E7%8C%AB+%E3%82%AD%E3%83%A3%E3%83%83%E3%83%88%E3%83%95%E3%83%BC%E3%83%89,,,search_url_generated,Amazon API未使用。検索結果から該当ASIN/商品URLを後で確認して差し替え。
product_0076,ロイヤルカナン 腎臓サポート,brand_061,ロイヤルカナン ベテリナリーダイエット,ロイヤルカナン,cat_food,フード,subcat_004,療法食,療法食シリーズ,疾患別。利用時は獣医師確認導線推奨,A,療法食は注意書き必須,https://vet.royalcanin.jp/static_page/cat,true,ロイヤルカナン ベテリナリーダイエット ロイヤルカナン 腎臓サポート 猫 キャットフード,https://www.amazon.co.jp/s?k=%E3%83%AD%E3%82%A4%E3%83%A4%E3%83%AB%E3%82%AB%E3%83%8A%E3%83%B3+%E3%83%99%E3%83%86%E3%83%AA%E3%83%8A%E3%83%AA%E3%83%BC%E3%83%80%E3%82%A4%E3%82%A8%E3%83%83%E3%83%88+%E3%83%AD%E3%82%A4%E3%83%A4%E3%83%AB%E3%82%AB%E3%83%8A%E3%83%B3+%E8%85%8E%E8%87%93%E3%82%B5%E3%83%9D%E3%83%BC%E3%83%88+%E7%8C%AB+%E3%82%AD%E3%83%A3%E3%83%83%E3%83%88%E3%83%95%E3%83%BC%E3%83%89&i=pets,https://www.amazon.co.jp/s?k=%E3%83%AD%E3%82%A4%E3%83%A4%E3%83%AB%E3%82%AB%E3%83%8A%E3%83%B3+%E3%83%99%E3%83%86%E3%83%AA%E3%83%8A%E3%83%AA%E3%83%BC%E3%83%80%E3%82%A4%E3%82%A8%E3%83%83%E3%83%88+%E3%83%AD%E3%82%A4%E3%83%A4%E3%83%AB%E3%82%AB%E3%83%8A%E3%83%B3+%E8%85%8E%E8%87%93%E3%82%B5%E3%83%9D%E3%83%BC%E3%83%88+%E7%8C%AB+%E3%82%AD%E3%83%A3%E3%83%83%E3%83%88%E3%83%95%E3%83%BC%E3%83%89,,,search_url_generated,Amazon API未使用。検索結果から該当ASIN/商品URLを後で確認して差し替え。
product_0019,CIAO ちゅ～る,brand_002,CIAO / いなば,いなばペットフード,cat_treat,おやつ・嗜好品,subcat_005,おやつ,おやつ,まぐろ/かつお/とりささみ/魚介/贅沢素材/子ねこ/シニア/総合栄養食等,A,ちゅ～る・ウェット系は最優先,https://www.inaba-petfood.co.jp/product/name/cat/CIAO%2B%E3%81%A1%E3%82%85%EF%BD%9E%E3%82%8B,true,CIAO / いなば CIAO ちゅ～る 猫 猫 おやつ,https://www.amazon.co.jp/s?k=CIAO+%2F+%E3%81%84%E3%81%AA%E3%81%B0+CIAO+%E3%81%A1%E3%82%85%EF%BD%9E%E3%82%8B+%E7%8C%AB+%E7%8C%AB+%E3%81%8A%E3%82%84%E3%81%A4&i=pets,https://www.amazon.co.jp/s?k=CIAO+%2F+%E3%81%84%E3%81%AA%E3%81%B0+CIAO+%E3%81%A1%E3%82%85%EF%BD%9E%E3%82%8B+%E7%8C%AB+%E7%8C%AB+%E3%81%8A%E3%82%84%E3%81%A4,,,search_url_generated,Amazon API未使用。検索結果から該当ASIN/商品URLを後で確認して差し替え。
product_0020,CIAO ちゅ～る バラエティ,brand_002,CIAO / いなば,いなばペットフード,cat_treat,おやつ・嗜好品,subcat_005,おやつ,おやつ,20本/40本/BOX等,A,ちゅ～る・ウェット系は最優先,https://www.inaba-petfood.co.jp/product/name/cat/CIAO%2B%E3%81%A1%E3%82%85%EF%BD%9E%E3%82%8B,true,CIAO / いなば CIAO ちゅ～る バラエティ 猫 猫 おやつ,https://www.amazon.co.jp/s?k=CIAO+%2F+%E3%81%84%E3%81%AA%E3%81%B0+CIAO+%E3%81%A1%E3%82%85%EF%BD%9E%E3%82%8B+%E3%83%90%E3%83%A9%E3%82%A8%E3%83%86%E3%82%A3+%E7%8C%AB+%E7%8C%AB+%E3%81%8A%E3%82%84%E3%81%A4&i=pets,https://www.amazon.co.jp/s?k=CIAO+%2F+%E3%81%84%E3%81%AA%E3%81%B0+CIAO+%E3%81%A1%E3%82%85%EF%BD%9E%E3%82%8B+%E3%83%90%E3%83%A9%E3%82%A8%E3%83%86%E3%82%A3+%E7%8C%AB+%E7%8C%AB+%E3%81%8A%E3%82%84%E3%81%A4,,,search_url_generated,Amazon API未使用。検索結果から該当ASIN/商品URLを後で確認して差し替え。
product_0025,CIAO 焼かつお,brand_002,CIAO / いなば,いなばペットフード,cat_treat,おやつ・嗜好品,subcat_005,おやつ,おやつ,本格だし味/ほたて味/高齢猫用等,A,ちゅ～る・ウェット系は最優先,https://www.inaba-petfood.co.jp/product/cat/,true,CIAO / いなば CIAO 焼かつお 猫 猫 おやつ,https://www.amazon.co.jp/s?k=CIAO+%2F+%E3%81%84%E3%81%AA%E3%81%B0+CIAO+%E7%84%BC%E3%81%8B%E3%81%A4%E3%81%8A+%E7%8C%AB+%E7%8C%AB+%E3%81%8A%E3%82%84%E3%81%A4&i=pets,https://www.amazon.co.jp/s?k=CIAO+%2F+%E3%81%84%E3%81%AA%E3%81%B0+CIAO+%E7%84%BC%E3%81%8B%E3%81%A4%E3%81%8A+%E7%8C%AB+%E7%8C%AB+%E3%81%8A%E3%82%84%E3%81%A4,,,search_url_generated,Amazon API未使用。検索結果から該当ASIN/商品URLを後で確認して差し替え。
product_0026,CIAO 焼ささみ,brand_002,CIAO / いなば,いなばペットフード,cat_treat,おやつ・嗜好品,subcat_005,おやつ,おやつ,チキンスープ味/ほたて味等,A,ちゅ～る・ウェット系は最優先,https://www.inaba-petfood.co.jp/product/cat/,true,CIAO / いなば CIAO 焼ささみ 猫 猫 おやつ,https://www.amazon.co.jp/s?k=CIAO+%2F+%E3%81%84%E3%81%AA%E3%81%B0+CIAO+%E7%84%BC%E3%81%95%E3%81%95%E3%81%BF+%E7%8C%AB+%E7%8C%AB+%E3%81%8A%E3%82%84%E3%81%A4&i=pets,https://www.amazon.co.jp/s?k=CIAO+%2F+%E3%81%84%E3%81%AA%E3%81%B0+CIAO+%E7%84%BC%E3%81%95%E3%81%95%E3%81%BF+%E7%8C%AB+%E7%8C%AB+%E3%81%8A%E3%82%84%E3%81%A4,,,search_url_generated,Amazon API未使用。検索結果から該当ASIN/商品URLを後で確認して差し替え。
product_0033,いなば 焼本かつお,brand_002,CIAO / いなば,いなばペットフード,cat_treat,おやつ・嗜好品,subcat_005,おやつ,おやつ,かつお節/本格だし系,A,ちゅ～る・ウェット系は最優先,https://www.inaba-petfood.co.jp/product/cat/,true,CIAO / いなば いなば 焼本かつお 猫 猫 おやつ,https://www.amazon.co.jp/s?k=CIAO+%2F+%E3%81%84%E3%81%AA%E3%81%B0+%E3%81%84%E3%81%AA%E3%81%B0+%E7%84%BC%E6%9C%AC%E3%81%8B%E3%81%A4%E3%81%8A+%E7%8C%AB+%E7%8C%AB+%E3%81%8A%E3%82%84%E3%81%A4&i=pets,https://www.amazon.co.jp/s?k=CIAO+%2F+%E3%81%84%E3%81%AA%E3%81%B0+%E3%81%84%E3%81%AA%E3%81%B0+%E7%84%BC%E6%9C%AC%E3%81%8B%E3%81%A4%E3%81%8A+%E7%8C%AB+%E7%8C%AB+%E3%81%8A%E3%82%84%E3%81%A4,,,search_url_generated,Amazon API未使用。検索結果から該当ASIN/商品URLを後で確認して差し替え。
product_0032,とびつく,brand_002,CIAO / いなば,いなばペットフード,cat_treat,おやつ・嗜好品,subcat_005,おやつ,おやつ,焼かつお/ささみ系スナック,A,ちゅ～る・ウェット系は最優先,https://www.inaba-petfood.co.jp/product/cat/,true,CIAO / いなば とびつく 猫 猫 おやつ,https://www.amazon.co.jp/s?k=CIAO+%2F+%E3%81%84%E3%81%AA%E3%81%B0+%E3%81%A8%E3%81%B3%E3%81%A4%E3%81%8F+%E7%8C%AB+%E7%8C%AB+%E3%81%8A%E3%82%84%E3%81%A4&i=pets,https://www.amazon.co.jp/s?k=CIAO+%2F+%E3%81%84%E3%81%AA%E3%81%B0+%E3%81%A8%E3%81%B3%E3%81%A4%E3%81%8F+%E7%8C%AB+%E7%8C%AB+%E3%81%8A%E3%82%84%E3%81%A4,,,search_url_generated,Amazon API未使用。検索結果から該当ASIN/商品URLを後で確認して差し替え。
product_0258,無添加良品 猫用おやつ,brand_018,キャティーマン,ドギーマンハヤシ,cat_treat,おやつ・嗜好品,subcat_005,おやつ,シリーズ,色・サイズ・容量違いはSKUで管理,B,前回リストブランドの代表商品シリーズ,https://www.doggyman.com/,true,キャティーマン 無添加良品 猫用おやつ 猫 猫 おやつ,https://www.amazon.co.jp/s?k=%E3%82%AD%E3%83%A3%E3%83%86%E3%82%A3%E3%83%BC%E3%83%9E%E3%83%B3+%E7%84%A1%E6%B7%BB%E5%8A%A0%E8%89%AF%E5%93%81+%E7%8C%AB%E7%94%A8%E3%81%8A%E3%82%84%E3%81%A4+%E7%8C%AB+%E7%8C%AB+%E3%81%8A%E3%82%84%E3%81%A4&i=pets,https://www.amazon.co.jp/s?k=%E3%82%AD%E3%83%A3%E3%83%86%E3%82%A3%E3%83%BC%E3%83%9E%E3%83%B3+%E7%84%A1%E6%B7%BB%E5%8A%A0%E8%89%AF%E5%93%81+%E7%8C%AB%E7%94%A8%E3%81%8A%E3%82%84%E3%81%A4+%E7%8C%AB+%E7%8C%AB+%E3%81%8A%E3%82%84%E3%81%A4,,,search_url_generated,Amazon API未使用。検索結果から該当ASIN/商品URLを後で確認して差し替え。
product_0056,コンボ プレゼント,brand_023,コンボ,日本ペットフード,cat_treat,おやつ・嗜好品,subcat_005,おやつ,シリーズ,年齢・健康ニーズ別,A,日本ペットフードの猫用主要カテゴリ,https://www.npf.co.jp/cat-products,true,コンボ プレゼント 猫 猫 おやつ,https://www.amazon.co.jp/s?k=%E3%82%B3%E3%83%B3%E3%83%9C+%E3%83%97%E3%83%AC%E3%82%BC%E3%83%B3%E3%83%88+%E7%8C%AB+%E7%8C%AB+%E3%81%8A%E3%82%84%E3%81%A4&i=pets,https://www.amazon.co.jp/s?k=%E3%82%B3%E3%83%B3%E3%83%9C+%E3%83%97%E3%83%AC%E3%82%BC%E3%83%B3%E3%83%88+%E7%8C%AB+%E7%8C%AB+%E3%81%8A%E3%82%84%E3%81%A4,,,search_url_generated,Amazon API未使用。検索結果から該当ASIN/商品URLを後で確認して差し替え。
product_0130,シーバ とろ～り メルティ,brand_025,シーバ,マース ジャパン,cat_treat,おやつ・嗜好品,subcat_005,おやつ,シリーズ,味・年齢違いあり,A,マース系主要ブランド,https://www.mars.com/ja-jp/our-brands/petcare,true,シーバ とろ～り メルティ 猫 猫 おやつ,https://www.amazon.co.jp/s?k=%E3%82%B7%E3%83%BC%E3%83%90+%E3%81%A8%E3%82%8D%EF%BD%9E%E3%82%8A+%E3%83%A1%E3%83%AB%E3%83%86%E3%82%A3+%E7%8C%AB+%E7%8C%AB+%E3%81%8A%E3%82%84%E3%81%A4&i=pets,https://www.amazon.co.jp/s?k=%E3%82%B7%E3%83%BC%E3%83%90+%E3%81%A8%E3%82%8D%EF%BD%9E%E3%82%8A+%E3%83%A1%E3%83%AB%E3%83%86%E3%82%A3+%E7%8C%AB+%E7%8C%AB+%E3%81%8A%E3%82%84%E3%81%A4,,,search_url_generated,Amazon API未使用。検索結果から該当ASIN/商品URLを後で確認して差し替え。
product_0131,シーバ アミューズ,brand_025,シーバ,マース ジャパン,cat_treat,おやつ・嗜好品,subcat_005,おやつ,シリーズ,味・年齢違いあり,A,マース系主要ブランド,https://www.mars.com/ja-jp/our-brands/petcare,true,シーバ アミューズ 猫 猫 おやつ,https://www.amazon.co.jp/s?k=%E3%82%B7%E3%83%BC%E3%83%90+%E3%82%A2%E3%83%9F%E3%83%A5%E3%83%BC%E3%82%BA+%E7%8C%AB+%E7%8C%AB+%E3%81%8A%E3%82%84%E3%81%A4&i=pets,https://www.amazon.co.jp/s?k=%E3%82%B7%E3%83%BC%E3%83%90+%E3%82%A2%E3%83%9F%E3%83%A5%E3%83%BC%E3%82%BA+%E7%8C%AB+%E7%8C%AB+%E3%81%8A%E3%82%84%E3%81%A4,,,search_url_generated,Amazon API未使用。検索結果から該当ASIN/商品URLを後で確認して差し替え。
product_0150,まぐろ味,brand_032,ドリーミーズ,マース ジャパン,cat_treat,おやつ・嗜好品,subcat_005,おやつ,おやつ,味・年齢違いあり,B,マース系主要ブランド / フード総合シリーズからおやつへ修正,https://www.mars.com/ja-jp/our-brands/petcare,true,ドリーミーズ まぐろ味 猫 猫 おやつ,https://www.amazon.co.jp/s?k=%E3%83%89%E3%83%AA%E3%83%BC%E3%83%9F%E3%83%BC%E3%82%BA+%E3%81%BE%E3%81%90%E3%82%8D%E5%91%B3+%E7%8C%AB+%E7%8C%AB+%E3%81%8A%E3%82%84%E3%81%A4&i=pets,https://www.amazon.co.jp/s?k=%E3%83%89%E3%83%AA%E3%83%BC%E3%83%9F%E3%83%BC%E3%82%BA+%E3%81%BE%E3%81%90%E3%82%8D%E5%91%B3+%E7%8C%AB+%E7%8C%AB+%E3%81%8A%E3%82%84%E3%81%A4,,,search_url_generated,Amazon API未使用。検索結果から該当ASIN/商品URLを後で確認して差し替え。
product_0152,シーフード味,brand_032,ドリーミーズ,マース ジャパン,cat_treat,おやつ・嗜好品,subcat_005,おやつ,おやつ,味・年齢違いあり,B,マース系主要ブランド / フード総合シリーズからおやつへ修正,https://www.mars.com/ja-jp/our-brands/petcare,true,ドリーミーズ シーフード味 猫 猫 おやつ,https://www.amazon.co.jp/s?k=%E3%83%89%E3%83%AA%E3%83%BC%E3%83%9F%E3%83%BC%E3%82%BA+%E3%82%B7%E3%83%BC%E3%83%95%E3%83%BC%E3%83%89%E5%91%B3+%E7%8C%AB+%E7%8C%AB+%E3%81%8A%E3%82%84%E3%81%A4&i=pets,https://www.amazon.co.jp/s?k=%E3%83%89%E3%83%AA%E3%83%BC%E3%83%9F%E3%83%BC%E3%82%BA+%E3%82%B7%E3%83%BC%E3%83%95%E3%83%BC%E3%83%89%E5%91%B3+%E7%8C%AB+%E7%8C%AB+%E3%81%8A%E3%82%84%E3%81%A4,,,search_url_generated,Amazon API未使用。検索結果から該当ASIN/商品URLを後で確認して差し替え。
product_0151,チーズ味,brand_032,ドリーミーズ,マース ジャパン,cat_treat,おやつ・嗜好品,subcat_005,おやつ,おやつ,味・年齢違いあり,B,マース系主要ブランド / フード総合シリーズからおやつへ修正,https://www.mars.com/ja-jp/our-brands/petcare,true,ドリーミーズ チーズ味 猫 猫 おやつ,https://www.amazon.co.jp/s?k=%E3%83%89%E3%83%AA%E3%83%BC%E3%83%9F%E3%83%BC%E3%82%BA+%E3%83%81%E3%83%BC%E3%82%BA%E5%91%B3+%E7%8C%AB+%E7%8C%AB+%E3%81%8A%E3%82%84%E3%81%A4&i=pets,https://www.amazon.co.jp/s?k=%E3%83%89%E3%83%AA%E3%83%BC%E3%83%9F%E3%83%BC%E3%82%BA+%E3%83%81%E3%83%BC%E3%82%BA%E5%91%B3+%E7%8C%AB+%E7%8C%AB+%E3%81%8A%E3%82%84%E3%81%A4,,,search_url_generated,Amazon API未使用。検索結果から該当ASIN/商品URLを後で確認して差し替え。
product_0338,フリーズドライのササミふりかけ猫用25g,brand_069,ママクック,ママクック,cat_treat,おやつ・嗜好品,subcat_005,おやつ,おやつ,容量違いはSKUで管理,A,追加候補: 猫用フリーズドライおやつ公式ラインアップ確認,https://www.mamacook.co.jp/lineup/?cat=cat,true,ママクック フリーズドライのササミふりかけ猫用25g 猫 猫 おやつ,https://www.amazon.co.jp/s?k=%E3%83%9E%E3%83%9E%E3%82%AF%E3%83%83%E3%82%AF+%E3%83%95%E3%83%AA%E3%83%BC%E3%82%BA%E3%83%89%E3%83%A9%E3%82%A4%E3%81%AE%E3%82%B5%E3%82%B5%E3%83%9F%E3%81%B5%E3%82%8A%E3%81%8B%E3%81%91%E7%8C%AB%E7%94%A825g+%E7%8C%AB+%E7%8C%AB+%E3%81%8A%E3%82%84%E3%81%A4&i=pets,https://www.amazon.co.jp/s?k=%E3%83%9E%E3%83%9E%E3%82%AF%E3%83%83%E3%82%AF+%E3%83%95%E3%83%AA%E3%83%BC%E3%82%BA%E3%83%89%E3%83%A9%E3%82%A4%E3%81%AE%E3%82%B5%E3%82%B5%E3%83%9F%E3%81%B5%E3%82%8A%E3%81%8B%E3%81%91%E7%8C%AB%E7%94%A825g+%E7%8C%AB+%E7%8C%AB+%E3%81%8A%E3%82%84%E3%81%A4,,,search_url_generated,Amazon API未使用。検索結果から該当ASIN/商品URLを後で確認して差し替え。
product_0337,フリーズドライのササミ猫用150g,brand_069,ママクック,ママクック,cat_treat,おやつ・嗜好品,subcat_005,おやつ,おやつ,容量違いはSKUで管理,B,追加候補: 猫用フリーズドライおやつ公式ラインアップ確認,https://www.mamacook.co.jp/lineup/?cat=cat,true,ママクック フリーズドライのササミ猫用150g 猫 猫 おやつ,https://www.amazon.co.jp/s?k=%E3%83%9E%E3%83%9E%E3%82%AF%E3%83%83%E3%82%AF+%E3%83%95%E3%83%AA%E3%83%BC%E3%82%BA%E3%83%89%E3%83%A9%E3%82%A4%E3%81%AE%E3%82%B5%E3%82%B5%E3%83%9F%E7%8C%AB%E7%94%A8150g+%E7%8C%AB+%E7%8C%AB+%E3%81%8A%E3%82%84%E3%81%A4&i=pets,https://www.amazon.co.jp/s?k=%E3%83%9E%E3%83%9E%E3%82%AF%E3%83%83%E3%82%AF+%E3%83%95%E3%83%AA%E3%83%BC%E3%82%BA%E3%83%89%E3%83%A9%E3%82%A4%E3%81%AE%E3%82%B5%E3%82%B5%E3%83%9F%E7%8C%AB%E7%94%A8150g+%E7%8C%AB+%E7%8C%AB+%E3%81%8A%E3%82%84%E3%81%A4,,,search_url_generated,Amazon API未使用。検索結果から該当ASIN/商品URLを後で確認して差し替え。
product_0336,フリーズドライのササミ猫用30g,brand_069,ママクック,ママクック,cat_treat,おやつ・嗜好品,subcat_005,おやつ,おやつ,容量違いはSKUで管理,A,追加候補: 猫用フリーズドライおやつ公式ラインアップ確認,https://www.mamacook.co.jp/lineup/?cat=cat,true,ママクック フリーズドライのササミ猫用30g 猫 猫 おやつ,https://www.amazon.co.jp/s?k=%E3%83%9E%E3%83%9E%E3%82%AF%E3%83%83%E3%82%AF+%E3%83%95%E3%83%AA%E3%83%BC%E3%82%BA%E3%83%89%E3%83%A9%E3%82%A4%E3%81%AE%E3%82%B5%E3%82%B5%E3%83%9F%E7%8C%AB%E7%94%A830g+%E7%8C%AB+%E7%8C%AB+%E3%81%8A%E3%82%84%E3%81%A4&i=pets,https://www.amazon.co.jp/s?k=%E3%83%9E%E3%83%9E%E3%82%AF%E3%83%83%E3%82%AF+%E3%83%95%E3%83%AA%E3%83%BC%E3%82%BA%E3%83%89%E3%83%A9%E3%82%A4%E3%81%AE%E3%82%B5%E3%82%B5%E3%83%9F%E7%8C%AB%E7%94%A830g+%E7%8C%AB+%E7%8C%AB+%E3%81%8A%E3%82%84%E3%81%A4,,,search_url_generated,Amazon API未使用。検索結果から該当ASIN/商品URLを後で確認して差し替え。
product_0341,フリーズドライのササミ粒タイプ猫用18g,brand_069,ママクック,ママクック,cat_treat,おやつ・嗜好品,subcat_005,おやつ,おやつ,容量違いはSKUで管理,A,追加候補: 猫用フリーズドライおやつ公式ラインアップ確認,https://www.mamacook.co.jp/lineup/?cat=cat,true,ママクック フリーズドライのササミ粒タイプ猫用18g 猫 猫 おやつ,https://www.amazon.co.jp/s?k=%E3%83%9E%E3%83%9E%E3%82%AF%E3%83%83%E3%82%AF+%E3%83%95%E3%83%AA%E3%83%BC%E3%82%BA%E3%83%89%E3%83%A9%E3%82%A4%E3%81%AE%E3%82%B5%E3%82%B5%E3%83%9F%E7%B2%92%E3%82%BF%E3%82%A4%E3%83%97%E7%8C%AB%E7%94%A818g+%E7%8C%AB+%E7%8C%AB+%E3%81%8A%E3%82%84%E3%81%A4&i=pets,https://www.amazon.co.jp/s?k=%E3%83%9E%E3%83%9E%E3%82%AF%E3%83%83%E3%82%AF+%E3%83%95%E3%83%AA%E3%83%BC%E3%82%BA%E3%83%89%E3%83%A9%E3%82%A4%E3%81%AE%E3%82%B5%E3%82%B5%E3%83%9F%E7%B2%92%E3%82%BF%E3%82%A4%E3%83%97%E7%8C%AB%E7%94%A818g+%E7%8C%AB+%E7%8C%AB+%E3%81%8A%E3%82%84%E3%81%A4,,,search_url_generated,Amazon API未使用。検索結果から該当ASIN/商品URLを後で確認して差し替え。
product_0344,フリーズドライのシラウオ猫用10g,brand_069,ママクック,ママクック,cat_treat,おやつ・嗜好品,subcat_005,おやつ,おやつ,容量違いはSKUで管理,B,追加候補: 猫用フリーズドライおやつ公式ラインアップ確認,https://www.mamacook.co.jp/lineup/?cat=cat,true,ママクック フリーズドライのシラウオ猫用10g 猫 猫 おやつ,https://www.amazon.co.jp/s?k=%E3%83%9E%E3%83%9E%E3%82%AF%E3%83%83%E3%82%AF+%E3%83%95%E3%83%AA%E3%83%BC%E3%82%BA%E3%83%89%E3%83%A9%E3%82%A4%E3%81%AE%E3%82%B7%E3%83%A9%E3%82%A6%E3%82%AA%E7%8C%AB%E7%94%A810g+%E7%8C%AB+%E7%8C%AB+%E3%81%8A%E3%82%84%E3%81%A4&i=pets,https://www.amazon.co.jp/s?k=%E3%83%9E%E3%83%9E%E3%82%AF%E3%83%83%E3%82%AF+%E3%83%95%E3%83%AA%E3%83%BC%E3%82%BA%E3%83%89%E3%83%A9%E3%82%A4%E3%81%AE%E3%82%B7%E3%83%A9%E3%82%A6%E3%82%AA%E7%8C%AB%E7%94%A810g+%E7%8C%AB+%E7%8C%AB+%E3%81%8A%E3%82%84%E3%81%A4,,,search_url_generated,Amazon API未使用。検索結果から該当ASIN/商品URLを後で確認して差し替え。
product_0343,フリーズドライのホタテ猫用11g,brand_069,ママクック,ママクック,cat_treat,おやつ・嗜好品,subcat_005,おやつ,おやつ,容量違いはSKUで管理,B,追加候補: 猫用フリーズドライおやつ公式ラインアップ確認,https://www.mamacook.co.jp/lineup/?cat=cat,true,ママクック フリーズドライのホタテ猫用11g 猫 猫 おやつ,https://www.amazon.co.jp/s?k=%E3%83%9E%E3%83%9E%E3%82%AF%E3%83%83%E3%82%AF+%E3%83%95%E3%83%AA%E3%83%BC%E3%82%BA%E3%83%89%E3%83%A9%E3%82%A4%E3%81%AE%E3%83%9B%E3%82%BF%E3%83%86%E7%8C%AB%E7%94%A811g+%E7%8C%AB+%E7%8C%AB+%E3%81%8A%E3%82%84%E3%81%A4&i=pets,https://www.amazon.co.jp/s?k=%E3%83%9E%E3%83%9E%E3%82%AF%E3%83%83%E3%82%AF+%E3%83%95%E3%83%AA%E3%83%BC%E3%82%BA%E3%83%89%E3%83%A9%E3%82%A4%E3%81%AE%E3%83%9B%E3%82%BF%E3%83%86%E7%8C%AB%E7%94%A811g+%E7%8C%AB+%E7%8C%AB+%E3%81%8A%E3%82%84%E3%81%A4,,,search_url_generated,Amazon API未使用。検索結果から該当ASIN/商品URLを後で確認して差し替え。
product_0342,フリーズドライのマグロ猫用14g,brand_069,ママクック,ママクック,cat_treat,おやつ・嗜好品,subcat_005,おやつ,おやつ,容量違いはSKUで管理,A,追加候補: 猫用フリーズドライおやつ公式ラインアップ確認,https://www.mamacook.co.jp/lineup/?cat=cat,true,ママクック フリーズドライのマグロ猫用14g 猫 猫 おやつ,https://www.amazon.co.jp/s?k=%E3%83%9E%E3%83%9E%E3%82%AF%E3%83%83%E3%82%AF+%E3%83%95%E3%83%AA%E3%83%BC%E3%82%BA%E3%83%89%E3%83%A9%E3%82%A4%E3%81%AE%E3%83%9E%E3%82%B0%E3%83%AD%E7%8C%AB%E7%94%A814g+%E7%8C%AB+%E7%8C%AB+%E3%81%8A%E3%82%84%E3%81%A4&i=pets,https://www.amazon.co.jp/s?k=%E3%83%9E%E3%83%9E%E3%82%AF%E3%83%83%E3%82%AF+%E3%83%95%E3%83%AA%E3%83%BC%E3%82%BA%E3%83%89%E3%83%A9%E3%82%A4%E3%81%AE%E3%83%9E%E3%82%B0%E3%83%AD%E7%8C%AB%E7%94%A814g+%E7%8C%AB+%E7%8C%AB+%E3%81%8A%E3%82%84%E3%81%A4,,,search_url_generated,Amazon API未使用。検索結果から該当ASIN/商品URLを後で確認して差し替え。
product_0340,フリーズドライのムネ肉猫用150g,brand_069,ママクック,ママクック,cat_treat,おやつ・嗜好品,subcat_005,おやつ,おやつ,容量違いはSKUで管理,B,追加候補: 猫用フリーズドライおやつ公式ラインアップ確認,https://www.mamacook.co.jp/lineup/?cat=cat,true,ママクック フリーズドライのムネ肉猫用150g 猫 猫 おやつ,https://www.amazon.co.jp/s?k=%E3%83%9E%E3%83%9E%E3%82%AF%E3%83%83%E3%82%AF+%E3%83%95%E3%83%AA%E3%83%BC%E3%82%BA%E3%83%89%E3%83%A9%E3%82%A4%E3%81%AE%E3%83%A0%E3%83%8D%E8%82%89%E7%8C%AB%E7%94%A8150g+%E7%8C%AB+%E7%8C%AB+%E3%81%8A%E3%82%84%E3%81%A4&i=pets,https://www.amazon.co.jp/s?k=%E3%83%9E%E3%83%9E%E3%82%AF%E3%83%83%E3%82%AF+%E3%83%95%E3%83%AA%E3%83%BC%E3%82%BA%E3%83%89%E3%83%A9%E3%82%A4%E3%81%AE%E3%83%A0%E3%83%8D%E8%82%89%E7%8C%AB%E7%94%A8150g+%E7%8C%AB+%E7%8C%AB+%E3%81%8A%E3%82%84%E3%81%A4,,,search_url_generated,Amazon API未使用。検索結果から該当ASIN/商品URLを後で確認して差し替え。
product_0339,フリーズドライのムネ肉猫用30g,brand_069,ママクック,ママクック,cat_treat,おやつ・嗜好品,subcat_005,おやつ,おやつ,容量違いはSKUで管理,A,追加候補: 猫用フリーズドライおやつ公式ラインアップ確認,https://www.mamacook.co.jp/lineup/?cat=cat,true,ママクック フリーズドライのムネ肉猫用30g 猫 猫 おやつ,https://www.amazon.co.jp/s?k=%E3%83%9E%E3%83%9E%E3%82%AF%E3%83%83%E3%82%AF+%E3%83%95%E3%83%AA%E3%83%BC%E3%82%BA%E3%83%89%E3%83%A9%E3%82%A4%E3%81%AE%E3%83%A0%E3%83%8D%E8%82%89%E7%8C%AB%E7%94%A830g+%E7%8C%AB+%E7%8C%AB+%E3%81%8A%E3%82%84%E3%81%A4&i=pets,https://www.amazon.co.jp/s?k=%E3%83%9E%E3%83%9E%E3%82%AF%E3%83%83%E3%82%AF+%E3%83%95%E3%83%AA%E3%83%BC%E3%82%BA%E3%83%89%E3%83%A9%E3%82%A4%E3%81%AE%E3%83%A0%E3%83%8D%E8%82%89%E7%8C%AB%E7%94%A830g+%E7%8C%AB+%E7%8C%AB+%E3%81%8A%E3%82%84%E3%81%A4,,,search_url_generated,Amazon API未使用。検索結果から該当ASIN/商品URLを後で確認して差し替え。
product_0345,フリーズドライのワカサギ猫用10g,brand_069,ママクック,ママクック,cat_treat,おやつ・嗜好品,subcat_005,おやつ,おやつ,容量違いはSKUで管理,B,追加候補: 猫用フリーズドライおやつ公式ラインアップ確認,https://www.mamacook.co.jp/lineup/?cat=cat,true,ママクック フリーズドライのワカサギ猫用10g 猫 猫 おやつ,https://www.amazon.co.jp/s?k=%E3%83%9E%E3%83%9E%E3%82%AF%E3%83%83%E3%82%AF+%E3%83%95%E3%83%AA%E3%83%BC%E3%82%BA%E3%83%89%E3%83%A9%E3%82%A4%E3%81%AE%E3%83%AF%E3%82%AB%E3%82%B5%E3%82%AE%E7%8C%AB%E7%94%A810g+%E7%8C%AB+%E7%8C%AB+%E3%81%8A%E3%82%84%E3%81%A4&i=pets,https://www.amazon.co.jp/s?k=%E3%83%9E%E3%83%9E%E3%82%AF%E3%83%83%E3%82%AF+%E3%83%95%E3%83%AA%E3%83%BC%E3%82%BA%E3%83%89%E3%83%A9%E3%82%A4%E3%81%AE%E3%83%AF%E3%82%AB%E3%82%B5%E3%82%AE%E7%8C%AB%E7%94%A810g+%E7%8C%AB+%E7%8C%AB+%E3%81%8A%E3%82%84%E3%81%A4,,,search_url_generated,Amazon API未使用。検索結果から該当ASIN/商品URLを後で確認して差し替え。
product_0111,クリスピーキッス,brand_058,モンプチ,ネスレ ピュリナ,cat_treat,おやつ・嗜好品,subcat_005,おやつ,シリーズ,年齢・健康ニーズ・味違いあり,A,ピュリナ公式の猫用フードカテゴリ,https://purina.nestle.jp/our-brands/monpetit,true,モンプチ クリスピーキッス 猫 猫 おやつ,https://www.amazon.co.jp/s?k=%E3%83%A2%E3%83%B3%E3%83%97%E3%83%81+%E3%82%AF%E3%83%AA%E3%82%B9%E3%83%94%E3%83%BC%E3%82%AD%E3%83%83%E3%82%B9+%E7%8C%AB+%E7%8C%AB+%E3%81%8A%E3%82%84%E3%81%A4&i=pets,https://www.amazon.co.jp/s?k=%E3%83%A2%E3%83%B3%E3%83%97%E3%83%81+%E3%82%AF%E3%83%AA%E3%82%B9%E3%83%94%E3%83%BC%E3%82%AD%E3%83%83%E3%82%B9+%E7%8C%AB+%E7%8C%AB+%E3%81%8A%E3%82%84%E3%81%A4,,,search_url_generated,Amazon API未使用。検索結果から該当ASIN/商品URLを後で確認して差し替え。
product_0356,懐石 ごほうび,brand_062,懐石,ペットライン,cat_treat,おやつ・嗜好品,subcat_005,おやつ,おやつ,味・容量違いはSKUで管理,B,追加候補: ペットライン公式キャットフード一覧確認,https://www.petline.co.jp/cat/,true,懐石 ごほうび 猫 猫 おやつ,https://www.amazon.co.jp/s?k=%E6%87%90%E7%9F%B3+%E3%81%94%E3%81%BB%E3%81%86%E3%81%B3+%E7%8C%AB+%E7%8C%AB+%E3%81%8A%E3%82%84%E3%81%A4&i=pets,https://www.amazon.co.jp/s?k=%E6%87%90%E7%9F%B3+%E3%81%94%E3%81%BB%E3%81%86%E3%81%B3+%E7%8C%AB+%E7%8C%AB+%E3%81%8A%E3%82%84%E3%81%A4,,,search_url_generated,Amazon API未使用。検索結果から該当ASIN/商品URLを後で確認して差し替え。
product_0005,銀のスプーン おいしい顔が見られるおやつ カリカリッチ,brand_066,銀のスプーン,ユニ・チャーム,cat_treat,おやつ・嗜好品,subcat_005,おやつ,シリーズ,シーフード・チキン等,A,量販店・ECでの初期マスタ優先度高,https://jp.unicharmpet.com/ja/brand/ginspoon.html,true,銀のスプーン おいしい顔が見られるおやつ カリカリッチ 猫 猫 おやつ,https://www.amazon.co.jp/s?k=%E9%8A%80%E3%81%AE%E3%82%B9%E3%83%97%E3%83%BC%E3%83%B3+%E3%81%8A%E3%81%84%E3%81%97%E3%81%84%E9%A1%94%E3%81%8C%E8%A6%8B%E3%82%89%E3%82%8C%E3%82%8B%E3%81%8A%E3%82%84%E3%81%A4+%E3%82%AB%E3%83%AA%E3%82%AB%E3%83%AA%E3%83%83%E3%83%81+%E7%8C%AB+%E7%8C%AB+%E3%81%8A%E3%82%84%E3%81%A4&i=pets,https://www.amazon.co.jp/s?k=%E9%8A%80%E3%81%AE%E3%82%B9%E3%83%97%E3%83%BC%E3%83%B3+%E3%81%8A%E3%81%84%E3%81%97%E3%81%84%E9%A1%94%E3%81%8C%E8%A6%8B%E3%82%89%E3%82%8C%E3%82%8B%E3%81%8A%E3%82%84%E3%81%A4+%E3%82%AB%E3%83%AA%E3%82%AB%E3%83%AA%E3%83%83%E3%83%81+%E7%8C%AB+%E7%8C%AB+%E3%81%8A%E3%82%84%E3%81%A4,,,search_url_generated,Amazon API未使用。検索結果から該当ASIN/商品URLを後で確認して差し替え。
product_0006,銀のスプーン にゃんSpoon,brand_066,銀のスプーン,ユニ・チャーム,cat_treat,おやつ・嗜好品,subcat_005,おやつ,シリーズ,まぐろ・かつお・ささみ等,A,量販店・ECでの初期マスタ優先度高,https://jp.unicharmpet.com/ja/brand/ginspoon.html,true,銀のスプーン にゃんSpoon 猫 猫 おやつ,https://www.amazon.co.jp/s?k=%E9%8A%80%E3%81%AE%E3%82%B9%E3%83%97%E3%83%BC%E3%83%B3+%E3%81%AB%E3%82%83%E3%82%93Spoon+%E7%8C%AB+%E7%8C%AB+%E3%81%8A%E3%82%84%E3%81%A4&i=pets,https://www.amazon.co.jp/s?k=%E9%8A%80%E3%81%AE%E3%82%B9%E3%83%97%E3%83%BC%E3%83%B3+%E3%81%AB%E3%82%83%E3%82%93Spoon+%E7%8C%AB+%E7%8C%AB+%E3%81%8A%E3%82%84%E3%81%A4,,,search_url_generated,Amazon API未使用。検索結果から該当ASIN/商品URLを後で確認して差し替え。
product_0292,銀のスプーン 三ツ星グルメ とろリッチ,brand_066,銀のスプーン,ユニ・チャーム,cat_treat,おやつ・嗜好品,subcat_005,おやつ,おやつ,味違いはSKUで管理,A,量販店・ECでの初期マスタ優先度高 / 1商品単位に分割,https://jp.unicharmpet.com/ja/brand/ginspoon.html,true,銀のスプーン 三ツ星グルメ とろリッチ 猫 猫 おやつ,https://www.amazon.co.jp/s?k=%E9%8A%80%E3%81%AE%E3%82%B9%E3%83%97%E3%83%BC%E3%83%B3+%E4%B8%89%E3%83%84%E6%98%9F%E3%82%B0%E3%83%AB%E3%83%A1+%E3%81%A8%E3%82%8D%E3%83%AA%E3%83%83%E3%83%81+%E7%8C%AB+%E7%8C%AB+%E3%81%8A%E3%82%84%E3%81%A4&i=pets,https://www.amazon.co.jp/s?k=%E9%8A%80%E3%81%AE%E3%82%B9%E3%83%97%E3%83%BC%E3%83%B3+%E4%B8%89%E3%83%84%E6%98%9F%E3%82%B0%E3%83%AB%E3%83%A1+%E3%81%A8%E3%82%8D%E3%83%AA%E3%83%83%E3%83%81+%E7%8C%AB+%E7%8C%AB+%E3%81%8A%E3%82%84%E3%81%A4,,,search_url_generated,Amazon API未使用。検索結果から該当ASIN/商品URLを後で確認して差し替え。
product_0022,CIAO ちゅ～る 水分補給,brand_002,CIAO / いなば,いなばペットフード,cat_treat,おやつ・嗜好品,subcat_006,機能性おやつ,おやつ/補助,水分補給系,A,ちゅ～る・ウェット系は最優先,https://www.inaba-petfood.co.jp/product/name/cat/CIAO%2B%E3%81%A1%E3%82%85%EF%BD%9E%E3%82%8B,true,CIAO / いなば CIAO ちゅ～る 水分補給 猫 猫 おやつ,https://www.amazon.co.jp/s?k=CIAO+%2F+%E3%81%84%E3%81%AA%E3%81%B0+CIAO+%E3%81%A1%E3%82%85%EF%BD%9E%E3%82%8B+%E6%B0%B4%E5%88%86%E8%A3%9C%E7%B5%A6+%E7%8C%AB+%E7%8C%AB+%E3%81%8A%E3%82%84%E3%81%A4&i=pets,https://www.amazon.co.jp/s?k=CIAO+%2F+%E3%81%84%E3%81%AA%E3%81%B0+CIAO+%E3%81%A1%E3%82%85%EF%BD%9E%E3%82%8B+%E6%B0%B4%E5%88%86%E8%A3%9C%E7%B5%A6+%E7%8C%AB+%E7%8C%AB+%E3%81%8A%E3%82%84%E3%81%A4,,,search_url_generated,Amazon API未使用。検索結果から該当ASIN/商品URLを後で確認して差し替え。
product_0021,CIAO ちゅ～る 総合栄養食,brand_002,CIAO / いなば,いなばペットフード,cat_treat,おやつ・嗜好品,subcat_006,機能性おやつ,おやつ/補助,総合栄養食タイプ,A,ちゅ～る・ウェット系は最優先,https://www.inaba-petfood.co.jp/product/name/cat/CIAO%2B%E3%81%A1%E3%82%85%EF%BD%9E%E3%82%8B,true,CIAO / いなば CIAO ちゅ～る 総合栄養食 猫 猫 おやつ,https://www.amazon.co.jp/s?k=CIAO+%2F+%E3%81%84%E3%81%AA%E3%81%B0+CIAO+%E3%81%A1%E3%82%85%EF%BD%9E%E3%82%8B+%E7%B7%8F%E5%90%88%E6%A0%84%E9%A4%8A%E9%A3%9F+%E7%8C%AB+%E7%8C%AB+%E3%81%8A%E3%82%84%E3%81%A4&i=pets,https://www.amazon.co.jp/s?k=CIAO+%2F+%E3%81%84%E3%81%AA%E3%81%B0+CIAO+%E3%81%A1%E3%82%85%EF%BD%9E%E3%82%8B+%E7%B7%8F%E5%90%88%E6%A0%84%E9%A4%8A%E9%A3%9F+%E7%8C%AB+%E7%8C%AB+%E3%81%8A%E3%82%84%E3%81%A4,,,search_url_generated,Amazon API未使用。検索結果から該当ASIN/商品URLを後で確認して差し替え。
product_0319,健康缶パウチ 水分補給 まぐろフレーク,brand_067,アイシア / AIXIA,アイシア,cat_treat,おやつ・嗜好品,subcat_006,機能性おやつ,機能性おやつ,味・容量違いはSKUで管理,A,追加候補: 主要ブランド/公式検索キーワード確認,https://www.aixia.jp/catfood/,true,アイシア / AIXIA 健康缶パウチ 水分補給 まぐろフレーク 猫 猫 おやつ,https://www.amazon.co.jp/s?k=%E3%82%A2%E3%82%A4%E3%82%B7%E3%82%A2+%2F+AIXIA+%E5%81%A5%E5%BA%B7%E7%BC%B6%E3%83%91%E3%82%A6%E3%83%81+%E6%B0%B4%E5%88%86%E8%A3%9C%E7%B5%A6+%E3%81%BE%E3%81%90%E3%82%8D%E3%83%95%E3%83%AC%E3%83%BC%E3%82%AF+%E7%8C%AB+%E7%8C%AB+%E3%81%8A%E3%82%84%E3%81%A4&i=pets,https://www.amazon.co.jp/s?k=%E3%82%A2%E3%82%A4%E3%82%B7%E3%82%A2+%2F+AIXIA+%E5%81%A5%E5%BA%B7%E7%BC%B6%E3%83%91%E3%82%A6%E3%83%81+%E6%B0%B4%E5%88%86%E8%A3%9C%E7%B5%A6+%E3%81%BE%E3%81%90%E3%82%8D%E3%83%95%E3%83%AC%E3%83%BC%E3%82%AF+%E7%8C%AB+%E7%8C%AB+%E3%81%8A%E3%82%84%E3%81%A4,,,search_url_generated,Amazon API未使用。検索結果から該当ASIN/商品URLを後で確認して差し替え。
product_0318,健康缶パウチ 水分補給 まぐろペースト,brand_067,アイシア / AIXIA,アイシア,cat_treat,おやつ・嗜好品,subcat_006,機能性おやつ,機能性おやつ,味・容量違いはSKUで管理,A,追加候補: 主要ブランド/公式検索キーワード確認,https://www.aixia.jp/catfood/,true,アイシア / AIXIA 健康缶パウチ 水分補給 まぐろペースト 猫 猫 おやつ,https://www.amazon.co.jp/s?k=%E3%82%A2%E3%82%A4%E3%82%B7%E3%82%A2+%2F+AIXIA+%E5%81%A5%E5%BA%B7%E7%BC%B6%E3%83%91%E3%82%A6%E3%83%81+%E6%B0%B4%E5%88%86%E8%A3%9C%E7%B5%A6+%E3%81%BE%E3%81%90%E3%82%8D%E3%83%9A%E3%83%BC%E3%82%B9%E3%83%88+%E7%8C%AB+%E7%8C%AB+%E3%81%8A%E3%82%84%E3%81%A4&i=pets,https://www.amazon.co.jp/s?k=%E3%82%A2%E3%82%A4%E3%82%B7%E3%82%A2+%2F+AIXIA+%E5%81%A5%E5%BA%B7%E7%BC%B6%E3%83%91%E3%82%A6%E3%83%81+%E6%B0%B4%E5%88%86%E8%A3%9C%E7%B5%A6+%E3%81%BE%E3%81%90%E3%82%8D%E3%83%9A%E3%83%BC%E3%82%B9%E3%83%88+%E7%8C%AB+%E7%8C%AB+%E3%81%8A%E3%82%84%E3%81%A4,,,search_url_generated,Amazon API未使用。検索結果から該当ASIN/商品URLを後で確認して差し替え。
product_0249,グリニーズ 毛玉ケア,brand_022,グリニーズ,マース ジャパン,cat_treat,おやつ・嗜好品,subcat_006,機能性おやつ,おやつ,容量違いあり,A,歯みがき専用スナック・機能性おやつ,https://m.greenies.jp/,true,グリニーズ 毛玉ケア 猫 猫 おやつ,https://www.amazon.co.jp/s?k=%E3%82%B0%E3%83%AA%E3%83%8B%E3%83%BC%E3%82%BA+%E6%AF%9B%E7%8E%89%E3%82%B1%E3%82%A2+%E7%8C%AB+%E7%8C%AB+%E3%81%8A%E3%82%84%E3%81%A4&i=pets,https://www.amazon.co.jp/s?k=%E3%82%B0%E3%83%AA%E3%83%8B%E3%83%BC%E3%82%BA+%E6%AF%9B%E7%8E%89%E3%82%B1%E3%82%A2+%E7%8C%AB+%E7%8C%AB+%E3%81%8A%E3%82%84%E3%81%A4,,,search_url_generated,Amazon API未使用。検索結果から該当ASIN/商品URLを後で確認して差し替え。
product_0250,グリニーズ 皮膚・被毛ケア,brand_022,グリニーズ,マース ジャパン,cat_treat,おやつ・嗜好品,subcat_006,機能性おやつ,おやつ,容量違いあり,A,歯みがき専用スナック・機能性おやつ,https://m.greenies.jp/,true,グリニーズ 皮膚・被毛ケア 猫 猫 おやつ,https://www.amazon.co.jp/s?k=%E3%82%B0%E3%83%AA%E3%83%8B%E3%83%BC%E3%82%BA+%E7%9A%AE%E8%86%9A%E3%83%BB%E8%A2%AB%E6%AF%9B%E3%82%B1%E3%82%A2+%E7%8C%AB+%E7%8C%AB+%E3%81%8A%E3%82%84%E3%81%A4&i=pets,https://www.amazon.co.jp/s?k=%E3%82%B0%E3%83%AA%E3%83%8B%E3%83%BC%E3%82%BA+%E7%9A%AE%E8%86%9A%E3%83%BB%E8%A2%AB%E6%AF%9B%E3%82%B1%E3%82%A2+%E7%8C%AB+%E7%8C%AB+%E3%81%8A%E3%82%84%E3%81%A4,,,search_url_generated,Amazon API未使用。検索結果から該当ASIN/商品URLを後で確認して差し替え。
product_0351,メディファス スナック 下部尿路&おなかの健康維持 鶏ささみ&焼きあご味,brand_056,メディファス,ペットライン,cat_treat,おやつ・嗜好品,subcat_006,機能性おやつ,機能性おやつ,味・容量違いはSKUで管理,B,追加候補: ペットライン公式キャットフード一覧確認,https://www.petline.co.jp/cat/,true,メディファス スナック 下部尿路&おなかの健康維持 鶏ささみ&焼きあご味 猫 猫 おやつ,https://www.amazon.co.jp/s?k=%E3%83%A1%E3%83%87%E3%82%A3%E3%83%95%E3%82%A1%E3%82%B9+%E3%82%B9%E3%83%8A%E3%83%83%E3%82%AF+%E4%B8%8B%E9%83%A8%E5%B0%BF%E8%B7%AF%26%E3%81%8A%E3%81%AA%E3%81%8B%E3%81%AE%E5%81%A5%E5%BA%B7%E7%B6%AD%E6%8C%81+%E9%B6%8F%E3%81%95%E3%81%95%E3%81%BF%26%E7%84%BC%E3%81%8D%E3%81%82%E3%81%94%E5%91%B3+%E7%8C%AB+%E7%8C%AB+%E3%81%8A%E3%82%84%E3%81%A4&i=pets,https://www.amazon.co.jp/s?k=%E3%83%A1%E3%83%87%E3%82%A3%E3%83%95%E3%82%A1%E3%82%B9+%E3%82%B9%E3%83%8A%E3%83%83%E3%82%AF+%E4%B8%8B%E9%83%A8%E5%B0%BF%E8%B7%AF%26%E3%81%8A%E3%81%AA%E3%81%8B%E3%81%AE%E5%81%A5%E5%BA%B7%E7%B6%AD%E6%8C%81+%E9%B6%8F%E3%81%95%E3%81%95%E3%81%BF%26%E7%84%BC%E3%81%8D%E3%81%82%E3%81%94%E5%91%B3+%E7%8C%AB+%E7%8C%AB+%E3%81%8A%E3%82%84%E3%81%A4,,,search_url_generated,Amazon API未使用。検索結果から該当ASIN/商品URLを後で確認して差し替え。
product_0245,PETKISS ネコちゃんの歯みがきおやつ,brand_004,PETKISS,ライオンペット,cat_treat,おやつ・嗜好品,subcat_007,デンタルおやつ,ケア/おやつ,チキン/まぐろ等,A,猫の歯みがきカテゴリ用,https://www.lion-pet.co.jp/petkiss/cat/lineup.htm,true,PETKISS ネコちゃんの歯みがきおやつ 猫 猫 おやつ,https://www.amazon.co.jp/s?k=PETKISS+%E3%83%8D%E3%82%B3%E3%81%A1%E3%82%83%E3%82%93%E3%81%AE%E6%AD%AF%E3%81%BF%E3%81%8C%E3%81%8D%E3%81%8A%E3%82%84%E3%81%A4+%E7%8C%AB+%E7%8C%AB+%E3%81%8A%E3%82%84%E3%81%A4&i=pets,https://www.amazon.co.jp/s?k=PETKISS+%E3%83%8D%E3%82%B3%E3%81%A1%E3%82%83%E3%82%93%E3%81%AE%E6%AD%AF%E3%81%BF%E3%81%8C%E3%81%8D%E3%81%8A%E3%82%84%E3%81%A4+%E7%8C%AB+%E7%8C%AB+%E3%81%8A%E3%82%84%E3%81%A4,,,search_url_generated,Amazon API未使用。検索結果から該当ASIN/商品URLを後で確認して差し替え。
product_0246,グリニーズ 猫用 グリルチキン味,brand_022,グリニーズ,マース ジャパン,cat_treat,おやつ・嗜好品,subcat_007,デンタルおやつ,おやつ,容量違いあり,A,歯みがき専用スナック・機能性おやつ,https://m.greenies.jp/,true,グリニーズ 猫用 グリルチキン味 猫 猫 おやつ,https://www.amazon.co.jp/s?k=%E3%82%B0%E3%83%AA%E3%83%8B%E3%83%BC%E3%82%BA+%E7%8C%AB%E7%94%A8+%E3%82%B0%E3%83%AA%E3%83%AB%E3%83%81%E3%82%AD%E3%83%B3%E5%91%B3+%E7%8C%AB+%E7%8C%AB+%E3%81%8A%E3%82%84%E3%81%A4&i=pets,https://www.amazon.co.jp/s?k=%E3%82%B0%E3%83%AA%E3%83%8B%E3%83%BC%E3%82%BA+%E7%8C%AB%E7%94%A8+%E3%82%B0%E3%83%AA%E3%83%AB%E3%83%81%E3%82%AD%E3%83%B3%E5%91%B3+%E7%8C%AB+%E7%8C%AB+%E3%81%8A%E3%82%84%E3%81%A4,,,search_url_generated,Amazon API未使用。検索結果から該当ASIN/商品URLを後で確認して差し替え。
product_0248,グリニーズ 猫用 ローストチキン味,brand_022,グリニーズ,マース ジャパン,cat_treat,おやつ・嗜好品,subcat_007,デンタルおやつ,おやつ,容量違いあり,A,歯みがき専用スナック・機能性おやつ,https://m.greenies.jp/,true,グリニーズ 猫用 ローストチキン味 猫 猫 おやつ,https://www.amazon.co.jp/s?k=%E3%82%B0%E3%83%AA%E3%83%8B%E3%83%BC%E3%82%BA+%E7%8C%AB%E7%94%A8+%E3%83%AD%E3%83%BC%E3%82%B9%E3%83%88%E3%83%81%E3%82%AD%E3%83%B3%E5%91%B3+%E7%8C%AB+%E7%8C%AB+%E3%81%8A%E3%82%84%E3%81%A4&i=pets,https://www.amazon.co.jp/s?k=%E3%82%B0%E3%83%AA%E3%83%8B%E3%83%BC%E3%82%BA+%E7%8C%AB%E7%94%A8+%E3%83%AD%E3%83%BC%E3%82%B9%E3%83%88%E3%83%81%E3%82%AD%E3%83%B3%E5%91%B3+%E7%8C%AB+%E7%8C%AB+%E3%81%8A%E3%82%84%E3%81%A4,,,search_url_generated,Amazon API未使用。検索結果から該当ASIN/商品URLを後で確認して差し替え。
product_0247,グリニーズ 猫用 香味サーモン味,brand_022,グリニーズ,マース ジャパン,cat_treat,おやつ・嗜好品,subcat_007,デンタルおやつ,おやつ,容量違いあり,A,歯みがき専用スナック・機能性おやつ,https://m.greenies.jp/,true,グリニーズ 猫用 香味サーモン味 猫 猫 おやつ,https://www.amazon.co.jp/s?k=%E3%82%B0%E3%83%AA%E3%83%8B%E3%83%BC%E3%82%BA+%E7%8C%AB%E7%94%A8+%E9%A6%99%E5%91%B3%E3%82%B5%E3%83%BC%E3%83%A2%E3%83%B3%E5%91%B3+%E7%8C%AB+%E7%8C%AB+%E3%81%8A%E3%82%84%E3%81%A4&i=pets,https://www.amazon.co.jp/s?k=%E3%82%B0%E3%83%AA%E3%83%8B%E3%83%BC%E3%82%BA+%E7%8C%AB%E7%94%A8+%E9%A6%99%E5%91%B3%E3%82%B5%E3%83%BC%E3%83%A2%E3%83%B3%E5%91%B3+%E7%8C%AB+%E7%8C%AB+%E3%81%8A%E3%82%84%E3%81%A4,,,search_url_generated,Amazon API未使用。検索結果から該当ASIN/商品URLを後で確認して差し替え。
product_0232,pHチェック猫砂,brand_009,アイリスオーヤマ,アイリスオーヤマ,cat_litter_toilet,猫砂・トイレ,subcat_008,猫砂（鉱物）,猫砂,容量違いあり,A,素材別ラインナップが広い,https://www.irisohyama.co.jp/products/pet-supplies-pet-food/cat-sand/,true,アイリスオーヤマ pHチェック猫砂 猫 猫砂 トイレ,https://www.amazon.co.jp/s?k=%E3%82%A2%E3%82%A4%E3%83%AA%E3%82%B9%E3%82%AA%E3%83%BC%E3%83%A4%E3%83%9E+pH%E3%83%81%E3%82%A7%E3%83%83%E3%82%AF%E7%8C%AB%E7%A0%82+%E7%8C%AB+%E7%8C%AB%E7%A0%82+%E3%83%88%E3%82%A4%E3%83%AC&i=pets,https://www.amazon.co.jp/s?k=%E3%82%A2%E3%82%A4%E3%83%AA%E3%82%B9%E3%82%AA%E3%83%BC%E3%83%A4%E3%83%9E+pH%E3%83%81%E3%82%A7%E3%83%83%E3%82%AF%E7%8C%AB%E7%A0%82+%E7%8C%AB+%E7%8C%AB%E7%A0%82+%E3%83%88%E3%82%A4%E3%83%AC,,,search_url_generated,Amazon API未使用。検索結果から該当ASIN/商品URLを後で確認して差し替え。
product_0228,ガッチリ固まる猫砂Ag+,brand_009,アイリスオーヤマ,アイリスオーヤマ,cat_litter_toilet,猫砂・トイレ,subcat_008,猫砂（鉱物）,猫砂,容量違いあり,A,素材別ラインナップが広い,https://www.irisohyama.co.jp/products/pet-supplies-pet-food/cat-sand/,true,アイリスオーヤマ ガッチリ固まる猫砂Ag+ 猫 猫砂 トイレ,https://www.amazon.co.jp/s?k=%E3%82%A2%E3%82%A4%E3%83%AA%E3%82%B9%E3%82%AA%E3%83%BC%E3%83%A4%E3%83%9E+%E3%82%AC%E3%83%83%E3%83%81%E3%83%AA%E5%9B%BA%E3%81%BE%E3%82%8B%E7%8C%AB%E7%A0%82Ag%2B+%E7%8C%AB+%E7%8C%AB%E7%A0%82+%E3%83%88%E3%82%A4%E3%83%AC&i=pets,https://www.amazon.co.jp/s?k=%E3%82%A2%E3%82%A4%E3%83%AA%E3%82%B9%E3%82%AA%E3%83%BC%E3%83%A4%E3%83%9E+%E3%82%AC%E3%83%83%E3%83%81%E3%83%AA%E5%9B%BA%E3%81%BE%E3%82%8B%E7%8C%AB%E7%A0%82Ag%2B+%E7%8C%AB+%E7%8C%AB%E7%A0%82+%E3%83%88%E3%82%A4%E3%83%AC,,,search_url_generated,Amazon API未使用。検索結果から該当ASIN/商品URLを後で確認して差し替え。
product_0227,クリーン&フレッシュ Ag+,brand_009,アイリスオーヤマ,アイリスオーヤマ,cat_litter_toilet,猫砂・トイレ,subcat_008,猫砂（鉱物）,猫砂,容量違いあり,A,素材別ラインナップが広い,https://www.irisohyama.co.jp/products/pet-supplies-pet-food/cat-sand/,true,アイリスオーヤマ クリーン&フレッシュ Ag+ 猫 猫砂 トイレ,https://www.amazon.co.jp/s?k=%E3%82%A2%E3%82%A4%E3%83%AA%E3%82%B9%E3%82%AA%E3%83%BC%E3%83%A4%E3%83%9E+%E3%82%AF%E3%83%AA%E3%83%BC%E3%83%B3%26%E3%83%95%E3%83%AC%E3%83%83%E3%82%B7%E3%83%A5+Ag%2B+%E7%8C%AB+%E7%8C%AB%E7%A0%82+%E3%83%88%E3%82%A4%E3%83%AC&i=pets,https://www.amazon.co.jp/s?k=%E3%82%A2%E3%82%A4%E3%83%AA%E3%82%B9%E3%82%AA%E3%83%BC%E3%83%A4%E3%83%9E+%E3%82%AF%E3%83%AA%E3%83%BC%E3%83%B3%26%E3%83%95%E3%83%AC%E3%83%83%E3%82%B7%E3%83%A5+Ag%2B+%E7%8C%AB+%E7%8C%AB%E7%A0%82+%E3%83%88%E3%82%A4%E3%83%AC,,,search_url_generated,Amazon API未使用。検索結果から該当ASIN/商品URLを後で確認して差し替え。
product_0224,クリーンサンド,brand_009,アイリスオーヤマ,アイリスオーヤマ,cat_litter_toilet,猫砂・トイレ,subcat_008,猫砂（鉱物）,猫砂,容量違いあり,A,素材別ラインナップが広い,https://www.irisohyama.co.jp/products/pet-supplies-pet-food/cat-sand/,true,アイリスオーヤマ クリーンサンド 猫 猫砂 トイレ,https://www.amazon.co.jp/s?k=%E3%82%A2%E3%82%A4%E3%83%AA%E3%82%B9%E3%82%AA%E3%83%BC%E3%83%A4%E3%83%9E+%E3%82%AF%E3%83%AA%E3%83%BC%E3%83%B3%E3%82%B5%E3%83%B3%E3%83%89+%E7%8C%AB+%E7%8C%AB%E7%A0%82+%E3%83%88%E3%82%A4%E3%83%AC&i=pets,https://www.amazon.co.jp/s?k=%E3%82%A2%E3%82%A4%E3%83%AA%E3%82%B9%E3%82%AA%E3%83%BC%E3%83%A4%E3%83%9E+%E3%82%AF%E3%83%AA%E3%83%BC%E3%83%B3%E3%82%B5%E3%83%B3%E3%83%89+%E7%8C%AB+%E7%8C%AB%E7%A0%82+%E3%83%88%E3%82%A4%E3%83%AC,,,search_url_generated,Amazon API未使用。検索結果から該当ASIN/商品URLを後で確認して差し替え。
product_0240,システムトイレ用 猫砂,brand_009,アイリスオーヤマ,アイリスオーヤマ,cat_litter_toilet,猫砂・トイレ,subcat_008,猫砂（鉱物）,猫砂,容量違いあり,A,素材別ラインナップが広い,https://www.irisohyama.co.jp/products/pet-supplies-pet-food/cat-sand/,true,アイリスオーヤマ システムトイレ用 猫砂 猫 猫砂 トイレ,https://www.amazon.co.jp/s?k=%E3%82%A2%E3%82%A4%E3%83%AA%E3%82%B9%E3%82%AA%E3%83%BC%E3%83%A4%E3%83%9E+%E3%82%B7%E3%82%B9%E3%83%86%E3%83%A0%E3%83%88%E3%82%A4%E3%83%AC%E7%94%A8+%E7%8C%AB%E7%A0%82+%E7%8C%AB+%E7%8C%AB%E7%A0%82+%E3%83%88%E3%82%A4%E3%83%AC&i=pets,https://www.amazon.co.jp/s?k=%E3%82%A2%E3%82%A4%E3%83%AA%E3%82%B9%E3%82%AA%E3%83%BC%E3%83%A4%E3%83%9E+%E3%82%B7%E3%82%B9%E3%83%86%E3%83%A0%E3%83%88%E3%82%A4%E3%83%AC%E7%94%A8+%E7%8C%AB%E7%A0%82+%E7%8C%AB+%E7%8C%AB%E7%A0%82+%E3%83%88%E3%82%A4%E3%83%AC,,,search_url_generated,Amazon API未使用。検索結果から該当ASIN/商品URLを後で確認して差し替え。
product_0225,ニオイをのこサンド,brand_009,アイリスオーヤマ,アイリスオーヤマ,cat_litter_toilet,猫砂・トイレ,subcat_008,猫砂（鉱物）,猫砂,容量違いあり,A,素材別ラインナップが広い,https://www.irisohyama.co.jp/products/pet-supplies-pet-food/cat-sand/,true,アイリスオーヤマ ニオイをのこサンド 猫 猫砂 トイレ,https://www.amazon.co.jp/s?k=%E3%82%A2%E3%82%A4%E3%83%AA%E3%82%B9%E3%82%AA%E3%83%BC%E3%83%A4%E3%83%9E+%E3%83%8B%E3%82%AA%E3%82%A4%E3%82%92%E3%81%AE%E3%81%93%E3%82%B5%E3%83%B3%E3%83%89+%E7%8C%AB+%E7%8C%AB%E7%A0%82+%E3%83%88%E3%82%A4%E3%83%AC&i=pets,https://www.amazon.co.jp/s?k=%E3%82%A2%E3%82%A4%E3%83%AA%E3%82%B9%E3%82%AA%E3%83%BC%E3%83%A4%E3%83%9E+%E3%83%8B%E3%82%AA%E3%82%A4%E3%82%92%E3%81%AE%E3%81%93%E3%82%B5%E3%83%B3%E3%83%89+%E7%8C%AB+%E7%8C%AB%E7%A0%82+%E3%83%88%E3%82%A4%E3%83%AC,,,search_url_generated,Amazon API未使用。検索結果から該当ASIN/商品URLを後で確認して差し替え。
product_0226,上から猫トイレ用猫砂,brand_009,アイリスオーヤマ,アイリスオーヤマ,cat_litter_toilet,猫砂・トイレ,subcat_008,猫砂（鉱物）,猫砂,容量違いあり,A,素材別ラインナップが広い,https://www.irisohyama.co.jp/products/pet-supplies-pet-food/cat-sand/,true,アイリスオーヤマ 上から猫トイレ用猫砂 猫 猫砂 トイレ,https://www.amazon.co.jp/s?k=%E3%82%A2%E3%82%A4%E3%83%AA%E3%82%B9%E3%82%AA%E3%83%BC%E3%83%A4%E3%83%9E+%E4%B8%8A%E3%81%8B%E3%82%89%E7%8C%AB%E3%83%88%E3%82%A4%E3%83%AC%E7%94%A8%E7%8C%AB%E7%A0%82+%E7%8C%AB+%E7%8C%AB%E7%A0%82+%E3%83%88%E3%82%A4%E3%83%AC&i=pets,https://www.amazon.co.jp/s?k=%E3%82%A2%E3%82%A4%E3%83%AA%E3%82%B9%E3%82%AA%E3%83%BC%E3%83%A4%E3%83%9E+%E4%B8%8A%E3%81%8B%E3%82%89%E7%8C%AB%E3%83%88%E3%82%A4%E3%83%AC%E7%94%A8%E7%8C%AB%E7%A0%82+%E7%8C%AB+%E7%8C%AB%E7%A0%82+%E3%83%88%E3%82%A4%E3%83%AC,,,search_url_generated,Amazon API未使用。検索結果から該当ASIN/商品URLを後で確認して差し替え。
product_0218,ニオイをとる砂 フローラルソープの香り,brand_034,ニオイをとる砂,ライオンペット,cat_litter_toilet,猫砂・トイレ,subcat_008,猫砂（鉱物）,猫砂,香り付き,A,固まる砂の定番,https://www.lion-pet.co.jp/catsuna/,true,ニオイをとる砂 フローラルソープの香り 猫 猫砂 トイレ,https://www.amazon.co.jp/s?k=%E3%83%8B%E3%82%AA%E3%82%A4%E3%82%92%E3%81%A8%E3%82%8B%E7%A0%82+%E3%83%95%E3%83%AD%E3%83%BC%E3%83%A9%E3%83%AB%E3%82%BD%E3%83%BC%E3%83%97%E3%81%AE%E9%A6%99%E3%82%8A+%E7%8C%AB+%E7%8C%AB%E7%A0%82+%E3%83%88%E3%82%A4%E3%83%AC&i=pets,https://www.amazon.co.jp/s?k=%E3%83%8B%E3%82%AA%E3%82%A4%E3%82%92%E3%81%A8%E3%82%8B%E7%A0%82+%E3%83%95%E3%83%AD%E3%83%BC%E3%83%A9%E3%83%AB%E3%82%BD%E3%83%BC%E3%83%97%E3%81%AE%E9%A6%99%E3%82%8A+%E7%8C%AB+%E7%8C%AB%E7%A0%82+%E3%83%88%E3%82%A4%E3%83%AC,,,search_url_generated,Amazon API未使用。検索結果から該当ASIN/商品URLを後で確認して差し替え。
product_0219,ニオイをとる砂 リラックスグリーンの香り,brand_034,ニオイをとる砂,ライオンペット,cat_litter_toilet,猫砂・トイレ,subcat_008,猫砂（鉱物）,猫砂,香り付き,A,固まる砂の定番,https://www.lion-pet.co.jp/catsuna/,true,ニオイをとる砂 リラックスグリーンの香り 猫 猫砂 トイレ,https://www.amazon.co.jp/s?k=%E3%83%8B%E3%82%AA%E3%82%A4%E3%82%92%E3%81%A8%E3%82%8B%E7%A0%82+%E3%83%AA%E3%83%A9%E3%83%83%E3%82%AF%E3%82%B9%E3%82%B0%E3%83%AA%E3%83%BC%E3%83%B3%E3%81%AE%E9%A6%99%E3%82%8A+%E7%8C%AB+%E7%8C%AB%E7%A0%82+%E3%83%88%E3%82%A4%E3%83%AC&i=pets,https://www.amazon.co.jp/s?k=%E3%83%8B%E3%82%AA%E3%82%A4%E3%82%92%E3%81%A8%E3%82%8B%E7%A0%82+%E3%83%AA%E3%83%A9%E3%83%83%E3%82%AF%E3%82%B9%E3%82%B0%E3%83%AA%E3%83%BC%E3%83%B3%E3%81%AE%E9%A6%99%E3%82%8A+%E7%8C%AB+%E7%8C%AB%E7%A0%82+%E3%83%88%E3%82%A4%E3%83%AC,,,search_url_generated,Amazon API未使用。検索結果から該当ASIN/商品URLを後で確認して差し替え。
product_0222,ニオイをとる砂 軽量タイプ,brand_034,ニオイをとる砂,ライオンペット,cat_litter_toilet,猫砂・トイレ,subcat_008,猫砂（鉱物）,猫砂,軽量,A,固まる砂の定番,https://www.lion-pet.co.jp/catsuna/,true,ニオイをとる砂 軽量タイプ 猫 猫砂 トイレ,https://www.amazon.co.jp/s?k=%E3%83%8B%E3%82%AA%E3%82%A4%E3%82%92%E3%81%A8%E3%82%8B%E7%A0%82+%E8%BB%BD%E9%87%8F%E3%82%BF%E3%82%A4%E3%83%97+%E7%8C%AB+%E7%8C%AB%E7%A0%82+%E3%83%88%E3%82%A4%E3%83%AC&i=pets,https://www.amazon.co.jp/s?k=%E3%83%8B%E3%82%AA%E3%82%A4%E3%82%92%E3%81%A8%E3%82%8B%E7%A0%82+%E8%BB%BD%E9%87%8F%E3%82%BF%E3%82%A4%E3%83%97+%E7%8C%AB+%E7%8C%AB%E7%A0%82+%E3%83%88%E3%82%A4%E3%83%AC,,,search_url_generated,Amazon API未使用。検索結果から該当ASIN/商品URLを後で確認して差し替え。
product_0217,ニオイをとる砂 鉱物タイプ,brand_034,ニオイをとる砂,ライオンペット,cat_litter_toilet,猫砂・トイレ,subcat_008,猫砂（鉱物）,猫砂,鉱物/ベントナイト、香り付き等,A,固まる砂の定番,https://www.lion-pet.co.jp/catsuna/,true,ニオイをとる砂 鉱物タイプ 猫 猫砂 トイレ,https://www.amazon.co.jp/s?k=%E3%83%8B%E3%82%AA%E3%82%A4%E3%82%92%E3%81%A8%E3%82%8B%E7%A0%82+%E9%89%B1%E7%89%A9%E3%82%BF%E3%82%A4%E3%83%97+%E7%8C%AB+%E7%8C%AB%E7%A0%82+%E3%83%88%E3%82%A4%E3%83%AC&i=pets,https://www.amazon.co.jp/s?k=%E3%83%8B%E3%82%AA%E3%82%A4%E3%82%92%E3%81%A8%E3%82%8B%E7%A0%82+%E9%89%B1%E7%89%A9%E3%82%BF%E3%82%A4%E3%83%97+%E7%8C%AB+%E7%8C%AB%E7%A0%82+%E3%83%88%E3%82%A4%E3%83%AC,,,search_url_generated,Amazon API未使用。検索結果から該当ASIN/商品URLを後で確認して差し替え。
product_0233,ペーパーフレッシュ,brand_009,アイリスオーヤマ,アイリスオーヤマ,cat_litter_toilet,猫砂・トイレ,subcat_009,猫砂（紙）,猫砂,容量違いあり,A,素材別ラインナップが広い,https://www.irisohyama.co.jp/products/pet-supplies-pet-food/cat-sand/,true,アイリスオーヤマ ペーパーフレッシュ 猫 猫砂 トイレ,https://www.amazon.co.jp/s?k=%E3%82%A2%E3%82%A4%E3%83%AA%E3%82%B9%E3%82%AA%E3%83%BC%E3%83%A4%E3%83%9E+%E3%83%9A%E3%83%BC%E3%83%91%E3%83%BC%E3%83%95%E3%83%AC%E3%83%83%E3%82%B7%E3%83%A5+%E7%8C%AB+%E7%8C%AB%E7%A0%82+%E3%83%88%E3%82%A4%E3%83%AC&i=pets,https://www.amazon.co.jp/s?k=%E3%82%A2%E3%82%A4%E3%83%AA%E3%82%B9%E3%82%AA%E3%83%BC%E3%83%A4%E3%83%9E+%E3%83%9A%E3%83%BC%E3%83%91%E3%83%BC%E3%83%95%E3%83%AC%E3%83%83%E3%82%B7%E3%83%A5+%E7%8C%AB+%E7%8C%AB%E7%A0%82+%E3%83%88%E3%82%A4%E3%83%AC,,,search_url_generated,Amazon API未使用。検索結果から該当ASIN/商品URLを後で確認して差し替え。
product_0234,紙の猫砂,brand_009,アイリスオーヤマ,アイリスオーヤマ,cat_litter_toilet,猫砂・トイレ,subcat_009,猫砂（紙）,猫砂,容量違いあり,A,素材別ラインナップが広い,https://www.irisohyama.co.jp/products/pet-supplies-pet-food/cat-sand/,true,アイリスオーヤマ 紙の猫砂 猫 猫砂 トイレ,https://www.amazon.co.jp/s?k=%E3%82%A2%E3%82%A4%E3%83%AA%E3%82%B9%E3%82%AA%E3%83%BC%E3%83%A4%E3%83%9E+%E7%B4%99%E3%81%AE%E7%8C%AB%E7%A0%82+%E7%8C%AB+%E7%8C%AB%E7%A0%82+%E3%83%88%E3%82%A4%E3%83%AC&i=pets,https://www.amazon.co.jp/s?k=%E3%82%A2%E3%82%A4%E3%83%AA%E3%82%B9%E3%82%AA%E3%83%BC%E3%83%A4%E3%83%9E+%E7%B4%99%E3%81%AE%E7%8C%AB%E7%A0%82+%E7%8C%AB+%E7%8C%AB%E7%A0%82+%E3%83%88%E3%82%A4%E3%83%AC,,,search_url_generated,Amazon API未使用。検索結果から該当ASIN/商品URLを後で確認して差し替え。
product_0235,脱臭ペーパーフレッシュ,brand_009,アイリスオーヤマ,アイリスオーヤマ,cat_litter_toilet,猫砂・トイレ,subcat_009,猫砂（紙）,猫砂,容量違いあり,A,素材別ラインナップが広い,https://www.irisohyama.co.jp/products/pet-supplies-pet-food/cat-sand/,true,アイリスオーヤマ 脱臭ペーパーフレッシュ 猫 猫砂 トイレ,https://www.amazon.co.jp/s?k=%E3%82%A2%E3%82%A4%E3%83%AA%E3%82%B9%E3%82%AA%E3%83%BC%E3%83%A4%E3%83%9E+%E8%84%B1%E8%87%AD%E3%83%9A%E3%83%BC%E3%83%91%E3%83%BC%E3%83%95%E3%83%AC%E3%83%83%E3%82%B7%E3%83%A5+%E7%8C%AB+%E7%8C%AB%E7%A0%82+%E3%83%88%E3%82%A4%E3%83%AC&i=pets,https://www.amazon.co.jp/s?k=%E3%82%A2%E3%82%A4%E3%83%AA%E3%82%B9%E3%82%AA%E3%83%BC%E3%83%A4%E3%83%9E+%E8%84%B1%E8%87%AD%E3%83%9A%E3%83%BC%E3%83%91%E3%83%BC%E3%83%95%E3%83%AC%E3%83%83%E3%82%B7%E3%83%A5+%E7%8C%AB+%E7%8C%AB%E7%A0%82+%E3%83%88%E3%82%A4%E3%83%AC,,,search_url_generated,Amazon API未使用。検索結果から該当ASIN/商品URLを後で確認して差し替え。
product_0221,ニオイをとる砂 紙砂,brand_034,ニオイをとる砂,ライオンペット,cat_litter_toilet,猫砂・トイレ,subcat_009,猫砂（紙）,猫砂,紙,A,固まる砂の定番,https://www.lion-pet.co.jp/catsuna/,true,ニオイをとる砂 紙砂 猫 猫砂 トイレ,https://www.amazon.co.jp/s?k=%E3%83%8B%E3%82%AA%E3%82%A4%E3%82%92%E3%81%A8%E3%82%8B%E7%A0%82+%E7%B4%99%E7%A0%82+%E7%8C%AB+%E7%8C%AB%E7%A0%82+%E3%83%88%E3%82%A4%E3%83%AC&i=pets,https://www.amazon.co.jp/s?k=%E3%83%8B%E3%82%AA%E3%82%A4%E3%82%92%E3%81%A8%E3%82%8B%E7%A0%82+%E7%B4%99%E7%A0%82+%E7%8C%AB+%E7%8C%AB%E7%A0%82+%E3%83%88%E3%82%A4%E3%83%AC,,,search_url_generated,Amazon API未使用。検索結果から該当ASIN/商品URLを後で確認して差し替え。
product_0237,ひのきでつくった猫砂,brand_009,アイリスオーヤマ,アイリスオーヤマ,cat_litter_toilet,猫砂・トイレ,subcat_010,猫砂（木・ひのき）,猫砂,容量違いあり,A,素材別ラインナップが広い,https://www.irisohyama.co.jp/products/pet-supplies-pet-food/cat-sand/,true,アイリスオーヤマ ひのきでつくった猫砂 猫 猫砂 トイレ,https://www.amazon.co.jp/s?k=%E3%82%A2%E3%82%A4%E3%83%AA%E3%82%B9%E3%82%AA%E3%83%BC%E3%83%A4%E3%83%9E+%E3%81%B2%E3%81%AE%E3%81%8D%E3%81%A7%E3%81%A4%E3%81%8F%E3%81%A3%E3%81%9F%E7%8C%AB%E7%A0%82+%E7%8C%AB+%E7%8C%AB%E7%A0%82+%E3%83%88%E3%82%A4%E3%83%AC&i=pets,https://www.amazon.co.jp/s?k=%E3%82%A2%E3%82%A4%E3%83%AA%E3%82%B9%E3%82%AA%E3%83%BC%E3%83%A4%E3%83%9E+%E3%81%B2%E3%81%AE%E3%81%8D%E3%81%A7%E3%81%A4%E3%81%8F%E3%81%A3%E3%81%9F%E7%8C%AB%E7%A0%82+%E7%8C%AB+%E7%8C%AB%E7%A0%82+%E3%83%88%E3%82%A4%E3%83%AC,,,search_url_generated,Amazon API未使用。検索結果から該当ASIN/商品URLを後で確認して差し替え。
product_0229,ウッディフレッシュ,brand_009,アイリスオーヤマ,アイリスオーヤマ,cat_litter_toilet,猫砂・トイレ,subcat_010,猫砂（木・ひのき）,猫砂,容量違いあり,A,素材別ラインナップが広い,https://www.irisohyama.co.jp/products/pet-supplies-pet-food/cat-sand/,true,アイリスオーヤマ ウッディフレッシュ 猫 猫砂 トイレ,https://www.amazon.co.jp/s?k=%E3%82%A2%E3%82%A4%E3%83%AA%E3%82%B9%E3%82%AA%E3%83%BC%E3%83%A4%E3%83%9E+%E3%82%A6%E3%83%83%E3%83%87%E3%82%A3%E3%83%95%E3%83%AC%E3%83%83%E3%82%B7%E3%83%A5+%E7%8C%AB+%E7%8C%AB%E7%A0%82+%E3%83%88%E3%82%A4%E3%83%AC&i=pets,https://www.amazon.co.jp/s?k=%E3%82%A2%E3%82%A4%E3%83%AA%E3%82%B9%E3%82%AA%E3%83%BC%E3%83%A4%E3%83%9E+%E3%82%A6%E3%83%83%E3%83%87%E3%82%A3%E3%83%95%E3%83%AC%E3%83%83%E3%82%B7%E3%83%A5+%E7%8C%AB+%E7%8C%AB%E7%A0%82+%E3%83%88%E3%82%A4%E3%83%AC,,,search_url_generated,Amazon API未使用。検索結果から該当ASIN/商品URLを後で確認して差し替え。
product_0230,ハイパーウッディ,brand_009,アイリスオーヤマ,アイリスオーヤマ,cat_litter_toilet,猫砂・トイレ,subcat_010,猫砂（木・ひのき）,猫砂,容量違いあり,A,素材別ラインナップが広い,https://www.irisohyama.co.jp/products/pet-supplies-pet-food/cat-sand/,true,アイリスオーヤマ ハイパーウッディ 猫 猫砂 トイレ,https://www.amazon.co.jp/s?k=%E3%82%A2%E3%82%A4%E3%83%AA%E3%82%B9%E3%82%AA%E3%83%BC%E3%83%A4%E3%83%9E+%E3%83%8F%E3%82%A4%E3%83%91%E3%83%BC%E3%82%A6%E3%83%83%E3%83%87%E3%82%A3+%E7%8C%AB+%E7%8C%AB%E7%A0%82+%E3%83%88%E3%82%A4%E3%83%AC&i=pets,https://www.amazon.co.jp/s?k=%E3%82%A2%E3%82%A4%E3%83%AA%E3%82%B9%E3%82%AA%E3%83%BC%E3%83%A4%E3%83%9E+%E3%83%8F%E3%82%A4%E3%83%91%E3%83%BC%E3%82%A6%E3%83%83%E3%83%87%E3%82%A3+%E7%8C%AB+%E7%8C%AB%E7%A0%82+%E3%83%88%E3%82%A4%E3%83%AC,,,search_url_generated,Amazon API未使用。検索結果から該当ASIN/商品URLを後で確認して差し替え。
product_0231,炭の猫砂,brand_009,アイリスオーヤマ,アイリスオーヤマ,cat_litter_toilet,猫砂・トイレ,subcat_010,猫砂（木・ひのき）,猫砂,容量違いあり,A,素材別ラインナップが広い,https://www.irisohyama.co.jp/products/pet-supplies-pet-food/cat-sand/,true,アイリスオーヤマ 炭の猫砂 猫 猫砂 トイレ,https://www.amazon.co.jp/s?k=%E3%82%A2%E3%82%A4%E3%83%AA%E3%82%B9%E3%82%AA%E3%83%BC%E3%83%A4%E3%83%9E+%E7%82%AD%E3%81%AE%E7%8C%AB%E7%A0%82+%E7%8C%AB+%E7%8C%AB%E7%A0%82+%E3%83%88%E3%82%A4%E3%83%AC&i=pets,https://www.amazon.co.jp/s?k=%E3%82%A2%E3%82%A4%E3%83%AA%E3%82%B9%E3%82%AA%E3%83%BC%E3%83%A4%E3%83%9E+%E7%82%AD%E3%81%AE%E7%8C%AB%E7%A0%82+%E7%8C%AB+%E7%8C%AB%E7%A0%82+%E3%83%88%E3%82%A4%E3%83%AC,,,search_url_generated,Amazon API未使用。検索結果から該当ASIN/商品URLを後で確認して差し替え。
product_0236,お茶の猫砂,brand_009,アイリスオーヤマ,アイリスオーヤマ,cat_litter_toilet,猫砂・トイレ,subcat_011,猫砂（おから）,猫砂,容量違いあり,A,素材別ラインナップが広い,https://www.irisohyama.co.jp/products/pet-supplies-pet-food/cat-sand/,true,アイリスオーヤマ お茶の猫砂 猫 猫砂 トイレ,https://www.amazon.co.jp/s?k=%E3%82%A2%E3%82%A4%E3%83%AA%E3%82%B9%E3%82%AA%E3%83%BC%E3%83%A4%E3%83%9E+%E3%81%8A%E8%8C%B6%E3%81%AE%E7%8C%AB%E7%A0%82+%E7%8C%AB+%E7%8C%AB%E7%A0%82+%E3%83%88%E3%82%A4%E3%83%AC&i=pets,https://www.amazon.co.jp/s?k=%E3%82%A2%E3%82%A4%E3%83%AA%E3%82%B9%E3%82%AA%E3%83%BC%E3%83%A4%E3%83%9E+%E3%81%8A%E8%8C%B6%E3%81%AE%E7%8C%AB%E7%A0%82+%E7%8C%AB+%E7%8C%AB%E7%A0%82+%E3%83%88%E3%82%A4%E3%83%AC,,,search_url_generated,Amazon API未使用。検索結果から該当ASIN/商品URLを後で確認して差し替え。
product_0220,ニオイをとる砂 おから砂,brand_034,ニオイをとる砂,ライオンペット,cat_litter_toilet,猫砂・トイレ,subcat_011,猫砂（おから）,猫砂,おから,A,固まる砂の定番,https://www.lion-pet.co.jp/catsuna/,true,ニオイをとる砂 おから砂 猫 猫砂 トイレ,https://www.amazon.co.jp/s?k=%E3%83%8B%E3%82%AA%E3%82%A4%E3%82%92%E3%81%A8%E3%82%8B%E7%A0%82+%E3%81%8A%E3%81%8B%E3%82%89%E7%A0%82+%E7%8C%AB+%E7%8C%AB%E7%A0%82+%E3%83%88%E3%82%A4%E3%83%AC&i=pets,https://www.amazon.co.jp/s?k=%E3%83%8B%E3%82%AA%E3%82%A4%E3%82%92%E3%81%A8%E3%82%8B%E7%A0%82+%E3%81%8A%E3%81%8B%E3%82%89%E7%A0%82+%E7%8C%AB+%E7%8C%AB%E7%A0%82+%E3%83%88%E3%82%A4%E3%83%AC,,,search_url_generated,Amazon API未使用。検索結果から該当ASIN/商品URLを後で確認して差し替え。
product_0239,シリカゲルの猫砂,brand_009,アイリスオーヤマ,アイリスオーヤマ,cat_litter_toilet,猫砂・トイレ,subcat_012,猫砂（シリカゲル）,猫砂,容量違いあり,A,素材別ラインナップが広い,https://www.irisohyama.co.jp/products/pet-supplies-pet-food/cat-sand/,true,アイリスオーヤマ シリカゲルの猫砂 猫 猫砂 トイレ,https://www.amazon.co.jp/s?k=%E3%82%A2%E3%82%A4%E3%83%AA%E3%82%B9%E3%82%AA%E3%83%BC%E3%83%A4%E3%83%9E+%E3%82%B7%E3%83%AA%E3%82%AB%E3%82%B2%E3%83%AB%E3%81%AE%E7%8C%AB%E7%A0%82+%E7%8C%AB+%E7%8C%AB%E7%A0%82+%E3%83%88%E3%82%A4%E3%83%AC&i=pets,https://www.amazon.co.jp/s?k=%E3%82%A2%E3%82%A4%E3%83%AA%E3%82%B9%E3%82%AA%E3%83%BC%E3%83%A4%E3%83%9E+%E3%82%B7%E3%83%AA%E3%82%AB%E3%82%B2%E3%83%AB%E3%81%AE%E7%8C%AB%E7%A0%82+%E7%8C%AB+%E7%8C%AB%E7%A0%82+%E3%83%88%E3%82%A4%E3%83%AC,,,search_url_generated,Amazon API未使用。検索結果から該当ASIN/商品URLを後で確認して差し替え。
product_0238,消臭砂シリカゲルサンド,brand_009,アイリスオーヤマ,アイリスオーヤマ,cat_litter_toilet,猫砂・トイレ,subcat_012,猫砂（シリカゲル）,猫砂,容量違いあり,A,素材別ラインナップが広い,https://www.irisohyama.co.jp/products/pet-supplies-pet-food/cat-sand/,true,アイリスオーヤマ 消臭砂シリカゲルサンド 猫 猫砂 トイレ,https://www.amazon.co.jp/s?k=%E3%82%A2%E3%82%A4%E3%83%AA%E3%82%B9%E3%82%AA%E3%83%BC%E3%83%A4%E3%83%9E+%E6%B6%88%E8%87%AD%E7%A0%82%E3%82%B7%E3%83%AA%E3%82%AB%E3%82%B2%E3%83%AB%E3%82%B5%E3%83%B3%E3%83%89+%E7%8C%AB+%E7%8C%AB%E7%A0%82+%E3%83%88%E3%82%A4%E3%83%AC&i=pets,https://www.amazon.co.jp/s?k=%E3%82%A2%E3%82%A4%E3%83%AA%E3%82%B9%E3%82%AA%E3%83%BC%E3%83%A4%E3%83%9E+%E6%B6%88%E8%87%AD%E7%A0%82%E3%82%B7%E3%83%AA%E3%82%AB%E3%82%B2%E3%83%AB%E3%82%B5%E3%83%B3%E3%83%89+%E7%8C%AB+%E7%8C%AB%E7%A0%82+%E3%83%88%E3%82%A4%E3%83%AC,,,search_url_generated,Amazon API未使用。検索結果から該当ASIN/商品URLを後で確認して差し替え。
product_0204,デオトイレ 消臭・抗菌サンド,brand_030,デオトイレ,ユニ・チャーム,cat_litter_toilet,猫砂・トイレ,subcat_013,システムトイレ用チップ/砂,システムトイレ用砂,鉱物系/紙系/ふんわり香る/複数ねこ用等,A,シート・サンドは消耗品の最優先カテゴリ,https://jp.unicharmpet.com/ja/deotoilet/lineup.html,true,デオトイレ 消臭・抗菌サンド 猫 猫砂 トイレ,https://www.amazon.co.jp/s?k=%E3%83%87%E3%82%AA%E3%83%88%E3%82%A4%E3%83%AC+%E6%B6%88%E8%87%AD%E3%83%BB%E6%8A%97%E8%8F%8C%E3%82%B5%E3%83%B3%E3%83%89+%E7%8C%AB+%E7%8C%AB%E7%A0%82+%E3%83%88%E3%82%A4%E3%83%AC&i=pets,https://www.amazon.co.jp/s?k=%E3%83%87%E3%82%AA%E3%83%88%E3%82%A4%E3%83%AC+%E6%B6%88%E8%87%AD%E3%83%BB%E6%8A%97%E8%8F%8C%E3%82%B5%E3%83%B3%E3%83%89+%E7%8C%AB+%E7%8C%AB%E7%A0%82+%E3%83%88%E3%82%A4%E3%83%AC,,,search_url_generated,Amazon API未使用。検索結果から該当ASIN/商品URLを後で確認して差し替え。
product_0205,デオトイレ 飛び散らない消臭・抗菌サンド,brand_030,デオトイレ,ユニ・チャーム,cat_litter_toilet,猫砂・トイレ,subcat_013,システムトイレ用チップ/砂,システムトイレ用砂,小粒/大粒系,A,シート・サンドは消耗品の最優先カテゴリ,https://jp.unicharmpet.com/ja/deotoilet/lineup.html,true,デオトイレ 飛び散らない消臭・抗菌サンド 猫 猫砂 トイレ,https://www.amazon.co.jp/s?k=%E3%83%87%E3%82%AA%E3%83%88%E3%82%A4%E3%83%AC+%E9%A3%9B%E3%81%B3%E6%95%A3%E3%82%89%E3%81%AA%E3%81%84%E6%B6%88%E8%87%AD%E3%83%BB%E6%8A%97%E8%8F%8C%E3%82%B5%E3%83%B3%E3%83%89+%E7%8C%AB+%E7%8C%AB%E7%A0%82+%E3%83%88%E3%82%A4%E3%83%AC&i=pets,https://www.amazon.co.jp/s?k=%E3%83%87%E3%82%AA%E3%83%88%E3%82%A4%E3%83%AC+%E9%A3%9B%E3%81%B3%E6%95%A3%E3%82%89%E3%81%AA%E3%81%84%E6%B6%88%E8%87%AD%E3%83%BB%E6%8A%97%E8%8F%8C%E3%82%B5%E3%83%B3%E3%83%89+%E7%8C%AB+%E7%8C%AB%E7%A0%82+%E3%83%88%E3%82%A4%E3%83%AC,,,search_url_generated,Amazon API未使用。検索結果から該当ASIN/商品URLを後で確認して差し替え。
product_0213,ニャンとも清潔トイレ 消臭プロフェッショナル チップ,brand_035,ニャンとも清潔トイレ,エステー,cat_litter_toilet,猫砂・トイレ,subcat_013,システムトイレ用チップ/砂,システムトイレ用チップ,大きめの粒等,A,チップ・シートは消耗品の最優先カテゴリ,https://products.st-c.co.jp/brand/nyantomo/,true,ニャンとも清潔トイレ 消臭プロフェッショナル チップ 猫 猫砂 トイレ,https://www.amazon.co.jp/s?k=%E3%83%8B%E3%83%A3%E3%83%B3%E3%81%A8%E3%82%82%E6%B8%85%E6%BD%94%E3%83%88%E3%82%A4%E3%83%AC+%E6%B6%88%E8%87%AD%E3%83%97%E3%83%AD%E3%83%95%E3%82%A7%E3%83%83%E3%82%B7%E3%83%A7%E3%83%8A%E3%83%AB+%E3%83%81%E3%83%83%E3%83%97+%E7%8C%AB+%E7%8C%AB%E7%A0%82+%E3%83%88%E3%82%A4%E3%83%AC&i=pets,https://www.amazon.co.jp/s?k=%E3%83%8B%E3%83%A3%E3%83%B3%E3%81%A8%E3%82%82%E6%B8%85%E6%BD%94%E3%83%88%E3%82%A4%E3%83%AC+%E6%B6%88%E8%87%AD%E3%83%97%E3%83%AD%E3%83%95%E3%82%A7%E3%83%83%E3%82%B7%E3%83%A7%E3%83%8A%E3%83%AB+%E3%83%81%E3%83%83%E3%83%97+%E7%8C%AB+%E7%8C%AB%E7%A0%82+%E3%83%88%E3%82%A4%E3%83%AC,,,search_url_generated,Amazon API未使用。検索結果から該当ASIN/商品URLを後で確認して差し替え。
product_0210,ニャンとも清潔トイレ 脱臭・抗菌チップ,brand_035,ニャンとも清潔トイレ,エステー,cat_litter_toilet,猫砂・トイレ,subcat_013,システムトイレ用チップ/砂,システムトイレ用チップ,大きめ/小さめ/極小の粒,A,チップ・シートは消耗品の最優先カテゴリ,https://products.st-c.co.jp/brand/nyantomo/,true,ニャンとも清潔トイレ 脱臭・抗菌チップ 猫 猫砂 トイレ,https://www.amazon.co.jp/s?k=%E3%83%8B%E3%83%A3%E3%83%B3%E3%81%A8%E3%82%82%E6%B8%85%E6%BD%94%E3%83%88%E3%82%A4%E3%83%AC+%E8%84%B1%E8%87%AD%E3%83%BB%E6%8A%97%E8%8F%8C%E3%83%81%E3%83%83%E3%83%97+%E7%8C%AB+%E7%8C%AB%E7%A0%82+%E3%83%88%E3%82%A4%E3%83%AC&i=pets,https://www.amazon.co.jp/s?k=%E3%83%8B%E3%83%A3%E3%83%B3%E3%81%A8%E3%82%82%E6%B8%85%E6%BD%94%E3%83%88%E3%82%A4%E3%83%AC+%E8%84%B1%E8%87%AD%E3%83%BB%E6%8A%97%E8%8F%8C%E3%83%81%E3%83%83%E3%83%97+%E7%8C%AB+%E7%8C%AB%E7%A0%82+%E3%83%88%E3%82%A4%E3%83%AC,,,search_url_generated,Amazon API未使用。検索結果から該当ASIN/商品URLを後で確認して差し替え。
product_0207,デオトイレ ふんわり香る消臭・抗菌シート,brand_030,デオトイレ,ユニ・チャーム,cat_litter_toilet,猫砂・トイレ,subcat_014,システムトイレ用シート/マット,システムトイレ用シート,ナチュラルガーデン等,A,シート・サンドは消耗品の最優先カテゴリ,https://jp.unicharmpet.com/ja/deotoilet/lineup.html,true,デオトイレ ふんわり香る消臭・抗菌シート 猫 猫砂 トイレ,https://www.amazon.co.jp/s?k=%E3%83%87%E3%82%AA%E3%83%88%E3%82%A4%E3%83%AC+%E3%81%B5%E3%82%93%E3%82%8F%E3%82%8A%E9%A6%99%E3%82%8B%E6%B6%88%E8%87%AD%E3%83%BB%E6%8A%97%E8%8F%8C%E3%82%B7%E3%83%BC%E3%83%88+%E7%8C%AB+%E7%8C%AB%E7%A0%82+%E3%83%88%E3%82%A4%E3%83%AC&i=pets,https://www.amazon.co.jp/s?k=%E3%83%87%E3%82%AA%E3%83%88%E3%82%A4%E3%83%AC+%E3%81%B5%E3%82%93%E3%82%8F%E3%82%8A%E9%A6%99%E3%82%8B%E6%B6%88%E8%87%AD%E3%83%BB%E6%8A%97%E8%8F%8C%E3%82%B7%E3%83%BC%E3%83%88+%E7%8C%AB+%E7%8C%AB%E7%A0%82+%E3%83%88%E3%82%A4%E3%83%AC,,,search_url_generated,Amazon API未使用。検索結果から該当ASIN/商品URLを後で確認して差し替え。
product_0206,デオトイレ 消臭・抗菌シート,brand_030,デオトイレ,ユニ・チャーム,cat_litter_toilet,猫砂・トイレ,subcat_014,システムトイレ用シート/マット,システムトイレ用シート,10枚/20枚/複数ねこ用/香り付き等,A,シート・サンドは消耗品の最優先カテゴリ,https://jp.unicharmpet.com/ja/deotoilet/lineup.html,true,デオトイレ 消臭・抗菌シート 猫 猫砂 トイレ,https://www.amazon.co.jp/s?k=%E3%83%87%E3%82%AA%E3%83%88%E3%82%A4%E3%83%AC+%E6%B6%88%E8%87%AD%E3%83%BB%E6%8A%97%E8%8F%8C%E3%82%B7%E3%83%BC%E3%83%88+%E7%8C%AB+%E7%8C%AB%E7%A0%82+%E3%83%88%E3%82%A4%E3%83%AC&i=pets,https://www.amazon.co.jp/s?k=%E3%83%87%E3%82%AA%E3%83%88%E3%82%A4%E3%83%AC+%E6%B6%88%E8%87%AD%E3%83%BB%E6%8A%97%E8%8F%8C%E3%82%B7%E3%83%BC%E3%83%88+%E7%8C%AB+%E7%8C%AB%E7%A0%82+%E3%83%88%E3%82%A4%E3%83%AC,,,search_url_generated,Amazon API未使用。検索結果から該当ASIN/商品URLを後で確認して差し替え。
product_0214,ニャンとも清潔トイレ 消臭プロフェッショナル シート,brand_035,ニャンとも清潔トイレ,エステー,cat_litter_toilet,猫砂・トイレ,subcat_014,システムトイレ用シート/マット,システムトイレ用シート,12枚等,A,チップ・シートは消耗品の最優先カテゴリ,https://products.st-c.co.jp/brand/nyantomo/,true,ニャンとも清潔トイレ 消臭プロフェッショナル シート 猫 猫砂 トイレ,https://www.amazon.co.jp/s?k=%E3%83%8B%E3%83%A3%E3%83%B3%E3%81%A8%E3%82%82%E6%B8%85%E6%BD%94%E3%83%88%E3%82%A4%E3%83%AC+%E6%B6%88%E8%87%AD%E3%83%97%E3%83%AD%E3%83%95%E3%82%A7%E3%83%83%E3%82%B7%E3%83%A7%E3%83%8A%E3%83%AB+%E3%82%B7%E3%83%BC%E3%83%88+%E7%8C%AB+%E7%8C%AB%E7%A0%82+%E3%83%88%E3%82%A4%E3%83%AC&i=pets,https://www.amazon.co.jp/s?k=%E3%83%8B%E3%83%A3%E3%83%B3%E3%81%A8%E3%82%82%E6%B8%85%E6%BD%94%E3%83%88%E3%82%A4%E3%83%AC+%E6%B6%88%E8%87%AD%E3%83%97%E3%83%AD%E3%83%95%E3%82%A7%E3%83%83%E3%82%B7%E3%83%A7%E3%83%8A%E3%83%AB+%E3%82%B7%E3%83%BC%E3%83%88+%E7%8C%AB+%E7%8C%AB%E7%A0%82+%E3%83%88%E3%82%A4%E3%83%AC,,,search_url_generated,Amazon API未使用。検索結果から該当ASIN/商品URLを後で確認して差し替え。
product_0211,ニャンとも清潔トイレ 脱臭・抗菌シート,brand_035,ニャンとも清潔トイレ,エステー,cat_litter_toilet,猫砂・トイレ,subcat_014,システムトイレ用シート/マット,システムトイレ用シート,4枚/12枚/複数ねこ用等,A,チップ・シートは消耗品の最優先カテゴリ,https://products.st-c.co.jp/brand/nyantomo/,true,ニャンとも清潔トイレ 脱臭・抗菌シート 猫 猫砂 トイレ,https://www.amazon.co.jp/s?k=%E3%83%8B%E3%83%A3%E3%83%B3%E3%81%A8%E3%82%82%E6%B8%85%E6%BD%94%E3%83%88%E3%82%A4%E3%83%AC+%E8%84%B1%E8%87%AD%E3%83%BB%E6%8A%97%E8%8F%8C%E3%82%B7%E3%83%BC%E3%83%88+%E7%8C%AB+%E7%8C%AB%E7%A0%82+%E3%83%88%E3%82%A4%E3%83%AC&i=pets,https://www.amazon.co.jp/s?k=%E3%83%8B%E3%83%A3%E3%83%B3%E3%81%A8%E3%82%82%E6%B8%85%E6%BD%94%E3%83%88%E3%82%A4%E3%83%AC+%E8%84%B1%E8%87%AD%E3%83%BB%E6%8A%97%E8%8F%8C%E3%82%B7%E3%83%BC%E3%83%88+%E7%8C%AB+%E7%8C%AB%E7%A0%82+%E3%83%88%E3%82%A4%E3%83%AC,,,search_url_generated,Amazon API未使用。検索結果から該当ASIN/商品URLを後で確認して差し替え。
product_0212,ニャンとも清潔トイレ 脱臭・抗菌マット,brand_035,ニャンとも清潔トイレ,エステー,cat_litter_toilet,猫砂・トイレ,subcat_014,システムトイレ用シート/マット,システムトイレ用マット,マットタイプ,A,チップ・シートは消耗品の最優先カテゴリ,https://products.st-c.co.jp/brand/nyantomo/,true,ニャンとも清潔トイレ 脱臭・抗菌マット 猫 猫砂 トイレ,https://www.amazon.co.jp/s?k=%E3%83%8B%E3%83%A3%E3%83%B3%E3%81%A8%E3%82%82%E6%B8%85%E6%BD%94%E3%83%88%E3%82%A4%E3%83%AC+%E8%84%B1%E8%87%AD%E3%83%BB%E6%8A%97%E8%8F%8C%E3%83%9E%E3%83%83%E3%83%88+%E7%8C%AB+%E7%8C%AB%E7%A0%82+%E3%83%88%E3%82%A4%E3%83%AC&i=pets,https://www.amazon.co.jp/s?k=%E3%83%8B%E3%83%A3%E3%83%B3%E3%81%A8%E3%82%82%E6%B8%85%E6%BD%94%E3%83%88%E3%82%A4%E3%83%AC+%E8%84%B1%E8%87%AD%E3%83%BB%E6%8A%97%E8%8F%8C%E3%83%9E%E3%83%83%E3%83%88+%E7%8C%AB+%E7%8C%AB%E7%A0%82+%E3%83%88%E3%82%A4%E3%83%AC,,,search_url_generated,Amazon API未使用。検索結果から該当ASIN/商品URLを後で確認して差し替え。
product_0208,デオトイレ 本体セット,brand_030,デオトイレ,ユニ・チャーム,cat_litter_toilet,猫砂・トイレ,subcat_015,トイレ本体,トイレ本体,ハーフ/フード付き/子猫用等,A,シート・サンドは消耗品の最優先カテゴリ,https://jp.unicharmpet.com/ja/deotoilet/lineup.html,true,デオトイレ 本体セット 猫 猫砂 トイレ,https://www.amazon.co.jp/s?k=%E3%83%87%E3%82%AA%E3%83%88%E3%82%A4%E3%83%AC+%E6%9C%AC%E4%BD%93%E3%82%BB%E3%83%83%E3%83%88+%E7%8C%AB+%E7%8C%AB%E7%A0%82+%E3%83%88%E3%82%A4%E3%83%AC&i=pets,https://www.amazon.co.jp/s?k=%E3%83%87%E3%82%AA%E3%83%88%E3%82%A4%E3%83%AC+%E6%9C%AC%E4%BD%93%E3%82%BB%E3%83%83%E3%83%88+%E7%8C%AB+%E7%8C%AB%E7%A0%82+%E3%83%88%E3%82%A4%E3%83%AC,,,search_url_generated,Amazon API未使用。検索結果から該当ASIN/商品URLを後で確認して差し替え。
product_0209,デオトイレ 脱臭ファン＋本体,brand_030,デオトイレ,ユニ・チャーム,cat_litter_toilet,猫砂・トイレ,subcat_015,トイレ本体,トイレ本体,本体・交換カートリッジ系,A,シート・サンドは消耗品の最優先カテゴリ,https://jp.unicharmpet.com/ja/deotoilet/lineup.html,true,デオトイレ 脱臭ファン＋本体 猫 猫砂 トイレ,https://www.amazon.co.jp/s?k=%E3%83%87%E3%82%AA%E3%83%88%E3%82%A4%E3%83%AC+%E8%84%B1%E8%87%AD%E3%83%95%E3%82%A1%E3%83%B3%EF%BC%8B%E6%9C%AC%E4%BD%93+%E7%8C%AB+%E7%8C%AB%E7%A0%82+%E3%83%88%E3%82%A4%E3%83%AC&i=pets,https://www.amazon.co.jp/s?k=%E3%83%87%E3%82%AA%E3%83%88%E3%82%A4%E3%83%AC+%E8%84%B1%E8%87%AD%E3%83%95%E3%82%A1%E3%83%B3%EF%BC%8B%E6%9C%AC%E4%BD%93+%E7%8C%AB+%E7%8C%AB%E7%A0%82+%E3%83%88%E3%82%A4%E3%83%AC,,,search_url_generated,Amazon API未使用。検索結果から該当ASIN/商品URLを後で確認して差し替え。
product_0223,獣医師開発猫トイレ,brand_034,ニオイをとる砂,ライオンペット,cat_litter_toilet,猫砂・トイレ,subcat_015,トイレ本体,猫砂,本体/専用砂系,A,固まる砂の定番,https://www.lion-pet.co.jp/catsuna/,true,ニオイをとる砂 獣医師開発猫トイレ 猫 猫砂 トイレ,https://www.amazon.co.jp/s?k=%E3%83%8B%E3%82%AA%E3%82%A4%E3%82%92%E3%81%A8%E3%82%8B%E7%A0%82+%E7%8D%A3%E5%8C%BB%E5%B8%AB%E9%96%8B%E7%99%BA%E7%8C%AB%E3%83%88%E3%82%A4%E3%83%AC+%E7%8C%AB+%E7%8C%AB%E7%A0%82+%E3%83%88%E3%82%A4%E3%83%AC&i=pets,https://www.amazon.co.jp/s?k=%E3%83%8B%E3%82%AA%E3%82%A4%E3%82%92%E3%81%A8%E3%82%8B%E7%A0%82+%E7%8D%A3%E5%8C%BB%E5%B8%AB%E9%96%8B%E7%99%BA%E7%8C%AB%E3%83%88%E3%82%A4%E3%83%AC+%E7%8C%AB+%E7%8C%AB%E7%A0%82+%E3%83%88%E3%82%A4%E3%83%AC,,,search_url_generated,Amazon API未使用。検索結果から該当ASIN/商品URLを後で確認して差し替え。
product_0216,ニャンとも清潔トイレ 本体セット,brand_035,ニャンとも清潔トイレ,エステー,cat_litter_toilet,猫砂・トイレ,subcat_015,トイレ本体,トイレ本体,オープン/ドーム/シンプル等,A,チップ・シートは消耗品の最優先カテゴリ,https://products.st-c.co.jp/brand/nyantomo/,true,ニャンとも清潔トイレ 本体セット 猫 猫砂 トイレ,https://www.amazon.co.jp/s?k=%E3%83%8B%E3%83%A3%E3%83%B3%E3%81%A8%E3%82%82%E6%B8%85%E6%BD%94%E3%83%88%E3%82%A4%E3%83%AC+%E6%9C%AC%E4%BD%93%E3%82%BB%E3%83%83%E3%83%88+%E7%8C%AB+%E7%8C%AB%E7%A0%82+%E3%83%88%E3%82%A4%E3%83%AC&i=pets,https://www.amazon.co.jp/s?k=%E3%83%8B%E3%83%A3%E3%83%B3%E3%81%A8%E3%82%82%E6%B8%85%E6%BD%94%E3%83%88%E3%82%A4%E3%83%AC+%E6%9C%AC%E4%BD%93%E3%82%BB%E3%83%83%E3%83%88+%E7%8C%AB+%E7%8C%AB%E7%A0%82+%E3%83%88%E3%82%A4%E3%83%AC,,,search_url_generated,Amazon API未使用。検索結果から該当ASIN/商品URLを後で確認して差し替え。
product_0215,ニャンとも清潔トイレ 消臭プロフェッショナル スプレー,brand_035,ニャンとも清潔トイレ,エステー,cat_care_cleaning,ケア・掃除,subcat_016,消臭・掃除用品,消臭剤,本体/つめかえ,A,チップ・シートは消耗品の最優先カテゴリ,https://products.st-c.co.jp/brand/nyantomo/,true,ニャンとも清潔トイレ 消臭プロフェッショナル スプレー 猫 猫 掃除 消臭,https://www.amazon.co.jp/s?k=%E3%83%8B%E3%83%A3%E3%83%B3%E3%81%A8%E3%82%82%E6%B8%85%E6%BD%94%E3%83%88%E3%82%A4%E3%83%AC+%E6%B6%88%E8%87%AD%E3%83%97%E3%83%AD%E3%83%95%E3%82%A7%E3%83%83%E3%82%B7%E3%83%A7%E3%83%8A%E3%83%AB+%E3%82%B9%E3%83%97%E3%83%AC%E3%83%BC+%E7%8C%AB+%E7%8C%AB+%E6%8E%83%E9%99%A4+%E6%B6%88%E8%87%AD&i=pets,https://www.amazon.co.jp/s?k=%E3%83%8B%E3%83%A3%E3%83%B3%E3%81%A8%E3%82%82%E6%B8%85%E6%BD%94%E3%83%88%E3%82%A4%E3%83%AC+%E6%B6%88%E8%87%AD%E3%83%97%E3%83%AD%E3%83%95%E3%82%A7%E3%83%83%E3%82%B7%E3%83%A7%E3%83%8A%E3%83%AB+%E3%82%B9%E3%83%97%E3%83%AC%E3%83%BC+%E7%8C%AB+%E7%8C%AB+%E6%8E%83%E9%99%A4+%E6%B6%88%E8%87%AD,,,search_url_generated,Amazon API未使用。検索結果から該当ASIN/商品URLを後で確認して差し替え。
product_0244,PETKISS デンタルブラシコンパクト,brand_004,PETKISS,ライオンペット,cat_care_cleaning,ケア・掃除,subcat_018,デンタルケア用品,ケア/おやつ,歯ブラシ,A,猫の歯みがきカテゴリ用,https://www.lion-pet.co.jp/petkiss/cat/lineup.htm,true,PETKISS デンタルブラシコンパクト 猫 猫 デンタル,https://www.amazon.co.jp/s?k=PETKISS+%E3%83%87%E3%83%B3%E3%82%BF%E3%83%AB%E3%83%96%E3%83%A9%E3%82%B7%E3%82%B3%E3%83%B3%E3%83%91%E3%82%AF%E3%83%88+%E7%8C%AB+%E7%8C%AB+%E3%83%87%E3%83%B3%E3%82%BF%E3%83%AB&i=pets,https://www.amazon.co.jp/s?k=PETKISS+%E3%83%87%E3%83%B3%E3%82%BF%E3%83%AB%E3%83%96%E3%83%A9%E3%82%B7%E3%82%B3%E3%83%B3%E3%83%91%E3%82%AF%E3%83%88+%E7%8C%AB+%E7%8C%AB+%E3%83%87%E3%83%B3%E3%82%BF%E3%83%AB,,,search_url_generated,Amazon API未使用。検索結果から該当ASIN/商品URLを後で確認して差し替え。
product_0242,PETKISS 指サック歯みがきシート,brand_004,PETKISS,ライオンペット,cat_care_cleaning,ケア・掃除,subcat_018,デンタルケア用品,ケア/おやつ,指サックタイプ,A,猫の歯みがきカテゴリ用,https://www.lion-pet.co.jp/petkiss/cat/lineup.htm,true,PETKISS 指サック歯みがきシート 猫 猫 デンタル,https://www.amazon.co.jp/s?k=PETKISS+%E6%8C%87%E3%82%B5%E3%83%83%E3%82%AF%E6%AD%AF%E3%81%BF%E3%81%8C%E3%81%8D%E3%82%B7%E3%83%BC%E3%83%88+%E7%8C%AB+%E7%8C%AB+%E3%83%87%E3%83%B3%E3%82%BF%E3%83%AB&i=pets,https://www.amazon.co.jp/s?k=PETKISS+%E6%8C%87%E3%82%B5%E3%83%83%E3%82%AF%E6%AD%AF%E3%81%BF%E3%81%8C%E3%81%8D%E3%82%B7%E3%83%BC%E3%83%88+%E7%8C%AB+%E7%8C%AB+%E3%83%87%E3%83%B3%E3%82%BF%E3%83%AB,,,search_url_generated,Amazon API未使用。検索結果から該当ASIN/商品URLを後で確認して差し替え。
product_0243,PETKISS 歯みがきシート,brand_004,PETKISS,ライオンペット,cat_care_cleaning,ケア・掃除,subcat_018,デンタルケア用品,ケア/おやつ,シートタイプ,A,猫の歯みがきカテゴリ用,https://www.lion-pet.co.jp/petkiss/cat/lineup.htm,true,PETKISS 歯みがきシート 猫 猫 デンタル,https://www.amazon.co.jp/s?k=PETKISS+%E6%AD%AF%E3%81%BF%E3%81%8C%E3%81%8D%E3%82%B7%E3%83%BC%E3%83%88+%E7%8C%AB+%E7%8C%AB+%E3%83%87%E3%83%B3%E3%82%BF%E3%83%AB&i=pets,https://www.amazon.co.jp/s?k=PETKISS+%E6%AD%AF%E3%81%BF%E3%81%8C%E3%81%8D%E3%82%B7%E3%83%BC%E3%83%88+%E7%8C%AB+%E7%8C%AB+%E3%83%87%E3%83%B3%E3%82%BF%E3%83%AB,,,search_url_generated,Amazon API未使用。検索結果から該当ASIN/商品URLを後で確認して差し替え。
product_0241,PETKISS 歯みがきジェル,brand_004,PETKISS,ライオンペット,cat_care_cleaning,ケア・掃除,subcat_018,デンタルケア用品,ケア/おやつ,リーフ/チキン/アップル等,A,猫の歯みがきカテゴリ用,https://www.lion-pet.co.jp/petkiss/cat/lineup.htm,true,PETKISS 歯みがきジェル 猫 猫 デンタル,https://www.amazon.co.jp/s?k=PETKISS+%E6%AD%AF%E3%81%BF%E3%81%8C%E3%81%8D%E3%82%B8%E3%82%A7%E3%83%AB+%E7%8C%AB+%E7%8C%AB+%E3%83%87%E3%83%B3%E3%82%BF%E3%83%AB&i=pets,https://www.amazon.co.jp/s?k=PETKISS+%E6%AD%AF%E3%81%BF%E3%81%8C%E3%81%8D%E3%82%B8%E3%82%A7%E3%83%AB+%E7%8C%AB+%E7%8C%AB+%E3%83%87%E3%83%B3%E3%82%BF%E3%83%AB,,,search_url_generated,Amazon API未使用。検索結果から該当ASIN/商品URLを後で確認して差し替え。
product_0264,らくらく歯みがきシート,brand_027,スーパーキャット,スーパーキャット,cat_care_cleaning,ケア・掃除,subcat_018,デンタルケア用品,シリーズ,色・サイズ・容量違いはSKUで管理,B,前回リストブランドの代表商品シリーズ,https://www.doggyman.com/,true,スーパーキャット らくらく歯みがきシート 猫 猫 デンタル,https://www.amazon.co.jp/s?k=%E3%82%B9%E3%83%BC%E3%83%91%E3%83%BC%E3%82%AD%E3%83%A3%E3%83%83%E3%83%88+%E3%82%89%E3%81%8F%E3%82%89%E3%81%8F%E6%AD%AF%E3%81%BF%E3%81%8C%E3%81%8D%E3%82%B7%E3%83%BC%E3%83%88+%E7%8C%AB+%E7%8C%AB+%E3%83%87%E3%83%B3%E3%82%BF%E3%83%AB&i=pets,https://www.amazon.co.jp/s?k=%E3%82%B9%E3%83%BC%E3%83%91%E3%83%BC%E3%82%AD%E3%83%A3%E3%83%83%E3%83%88+%E3%82%89%E3%81%8F%E3%82%89%E3%81%8F%E6%AD%AF%E3%81%BF%E3%81%8C%E3%81%8D%E3%82%B7%E3%83%BC%E3%83%88+%E7%8C%AB+%E7%8C%AB+%E3%83%87%E3%83%B3%E3%82%BF%E3%83%AB,,,search_url_generated,Amazon API未使用。検索結果から該当ASIN/商品URLを後で確認して差し替え。
product_0308,トーラス 歯みがきシート,brand_031,トーラス,トーラス,cat_care_cleaning,ケア・掃除,subcat_018,デンタルケア用品,デンタルケア用品,容量違いはSKUで管理,B,前回リストブランドの代表商品シリーズ / 1商品単位に分割,https://shopping.geocities.jp/chanet/docs/catdrylist_yh.html,true,トーラス 歯みがきシート 猫 猫 デンタル,https://www.amazon.co.jp/s?k=%E3%83%88%E3%83%BC%E3%83%A9%E3%82%B9+%E6%AD%AF%E3%81%BF%E3%81%8C%E3%81%8D%E3%82%B7%E3%83%BC%E3%83%88+%E7%8C%AB+%E7%8C%AB+%E3%83%87%E3%83%B3%E3%82%BF%E3%83%AB&i=pets,https://www.amazon.co.jp/s?k=%E3%83%88%E3%83%BC%E3%83%A9%E3%82%B9+%E6%AD%AF%E3%81%BF%E3%81%8C%E3%81%8D%E3%82%B7%E3%83%BC%E3%83%88+%E7%8C%AB+%E7%8C%AB+%E3%83%87%E3%83%B3%E3%82%BF%E3%83%AB,,,search_url_generated,Amazon API未使用。検索結果から該当ASIN/商品URLを後で確認して差し替え。
product_0309,トーラス 歯みがきジェル,brand_031,トーラス,トーラス,cat_care_cleaning,ケア・掃除,subcat_018,デンタルケア用品,デンタルケア用品,容量違いはSKUで管理,B,前回リストブランドの代表商品シリーズ / 1商品単位に分割,https://shopping.geocities.jp/chanet/docs/catdrylist_yh.html,true,トーラス 歯みがきジェル 猫 猫 デンタル,https://www.amazon.co.jp/s?k=%E3%83%88%E3%83%BC%E3%83%A9%E3%82%B9+%E6%AD%AF%E3%81%BF%E3%81%8C%E3%81%8D%E3%82%B8%E3%82%A7%E3%83%AB+%E7%8C%AB+%E7%8C%AB+%E3%83%87%E3%83%B3%E3%82%BF%E3%83%AB&i=pets,https://www.amazon.co.jp/s?k=%E3%83%88%E3%83%BC%E3%83%A9%E3%82%B9+%E6%AD%AF%E3%81%BF%E3%81%8C%E3%81%8D%E3%82%B8%E3%82%A7%E3%83%AB+%E7%8C%AB+%E7%8C%AB+%E3%83%87%E3%83%B3%E3%82%BF%E3%83%AB,,,search_url_generated,Amazon API未使用。検索結果から該当ASIN/商品URLを後で確認して差し替え。
product_0275,歯みがきラクヤー,brand_031,トーラス,トーラス,cat_care_cleaning,ケア・掃除,subcat_018,デンタルケア用品,シリーズ,色・サイズ・容量違いはSKUで管理,B,前回リストブランドの代表商品シリーズ,https://shopping.geocities.jp/chanet/docs/catdrylist_yh.html,true,トーラス 歯みがきラクヤー 猫 猫 デンタル,https://www.amazon.co.jp/s?k=%E3%83%88%E3%83%BC%E3%83%A9%E3%82%B9+%E6%AD%AF%E3%81%BF%E3%81%8C%E3%81%8D%E3%83%A9%E3%82%AF%E3%83%A4%E3%83%BC+%E7%8C%AB+%E7%8C%AB+%E3%83%87%E3%83%B3%E3%82%BF%E3%83%AB&i=pets,https://www.amazon.co.jp/s?k=%E3%83%88%E3%83%BC%E3%83%A9%E3%82%B9+%E6%AD%AF%E3%81%BF%E3%81%8C%E3%81%8D%E3%83%A9%E3%82%AF%E3%83%A4%E3%83%BC+%E7%8C%AB+%E7%8C%AB+%E3%83%87%E3%83%B3%E3%82%BF%E3%83%AB,,,search_url_generated,Amazon API未使用。検索結果から該当ASIN/商品URLを後で確認して差し替え。
product_0279,C.E.T. 歯みがきペースト,brand_044,ビルバック,ビルバック,cat_care_cleaning,ケア・掃除,subcat_018,デンタルケア用品,シリーズ,色・サイズ・容量違いはSKUで管理,B,前回リストブランドの代表商品シリーズ,https://shopping.geocities.jp/chanet/docs/catdrylist_yh.html,true,ビルバック C.E.T. 歯みがきペースト 猫 猫 デンタル,https://www.amazon.co.jp/s?k=%E3%83%93%E3%83%AB%E3%83%90%E3%83%83%E3%82%AF+C.E.T.+%E6%AD%AF%E3%81%BF%E3%81%8C%E3%81%8D%E3%83%9A%E3%83%BC%E3%82%B9%E3%83%88+%E7%8C%AB+%E7%8C%AB+%E3%83%87%E3%83%B3%E3%82%BF%E3%83%AB&i=pets,https://www.amazon.co.jp/s?k=%E3%83%93%E3%83%AB%E3%83%90%E3%83%83%E3%82%AF+C.E.T.+%E6%AD%AF%E3%81%BF%E3%81%8C%E3%81%8D%E3%83%9A%E3%83%BC%E3%82%B9%E3%83%88+%E7%8C%AB+%E7%8C%AB+%E3%83%87%E3%83%B3%E3%82%BF%E3%83%AB,,,search_url_generated,Amazon API未使用。検索結果から該当ASIN/商品URLを後で確認して差し替え。
product_0280,C.E.T. 歯ブラシ,brand_044,ビルバック,ビルバック,cat_care_cleaning,ケア・掃除,subcat_018,デンタルケア用品,シリーズ,色・サイズ・容量違いはSKUで管理,B,前回リストブランドの代表商品シリーズ,https://shopping.geocities.jp/chanet/docs/catdrylist_yh.html,true,ビルバック C.E.T. 歯ブラシ 猫 猫 デンタル,https://www.amazon.co.jp/s?k=%E3%83%93%E3%83%AB%E3%83%90%E3%83%83%E3%82%AF+C.E.T.+%E6%AD%AF%E3%83%96%E3%83%A9%E3%82%B7+%E7%8C%AB+%E7%8C%AB+%E3%83%87%E3%83%B3%E3%82%BF%E3%83%AB&i=pets,https://www.amazon.co.jp/s?k=%E3%83%93%E3%83%AB%E3%83%90%E3%83%83%E3%82%AF+C.E.T.+%E6%AD%AF%E3%83%96%E3%83%A9%E3%82%B7+%E7%8C%AB+%E7%8C%AB+%E3%83%87%E3%83%B3%E3%82%BF%E3%83%AB,,,search_url_generated,Amazon API未使用。検索結果から該当ASIN/商品URLを後で確認して差し替え。
product_0306,キャティーマン 猫用ブラシ,brand_018,キャティーマン,ドギーマンハヤシ,cat_care_cleaning,ケア・掃除,subcat_019,グルーミング用品,グルーミング用品,形状違いはSKUで管理,B,前回リストブランドの代表商品シリーズ / 1商品単位に分割,https://www.doggyman.com/,true,キャティーマン 猫用ブラシ 猫 猫 グルーミング,https://www.amazon.co.jp/s?k=%E3%82%AD%E3%83%A3%E3%83%86%E3%82%A3%E3%83%BC%E3%83%9E%E3%83%B3+%E7%8C%AB%E7%94%A8%E3%83%96%E3%83%A9%E3%82%B7+%E7%8C%AB+%E7%8C%AB+%E3%82%B0%E3%83%AB%E3%83%BC%E3%83%9F%E3%83%B3%E3%82%B0&i=pets,https://www.amazon.co.jp/s?k=%E3%82%AD%E3%83%A3%E3%83%86%E3%82%A3%E3%83%BC%E3%83%9E%E3%83%B3+%E7%8C%AB%E7%94%A8%E3%83%96%E3%83%A9%E3%82%B7+%E7%8C%AB+%E7%8C%AB+%E3%82%B0%E3%83%AB%E3%83%BC%E3%83%9F%E3%83%B3%E3%82%B0,,,search_url_generated,Amazon API未使用。検索結果から該当ASIN/商品URLを後で確認して差し替え。
product_0307,キャティーマン 猫用爪切り,brand_018,キャティーマン,ドギーマンハヤシ,cat_care_cleaning,ケア・掃除,subcat_019,グルーミング用品,グルーミング用品,形状違いはSKUで管理,B,前回リストブランドの代表商品シリーズ / 1商品単位に分割,https://www.doggyman.com/,true,キャティーマン 猫用爪切り 猫 猫 グルーミング,https://www.amazon.co.jp/s?k=%E3%82%AD%E3%83%A3%E3%83%86%E3%82%A3%E3%83%BC%E3%83%9E%E3%83%B3+%E7%8C%AB%E7%94%A8%E7%88%AA%E5%88%87%E3%82%8A+%E7%8C%AB+%E7%8C%AB+%E3%82%B0%E3%83%AB%E3%83%BC%E3%83%9F%E3%83%B3%E3%82%B0&i=pets,https://www.amazon.co.jp/s?k=%E3%82%AD%E3%83%A3%E3%83%86%E3%82%A3%E3%83%BC%E3%83%9E%E3%83%B3+%E7%8C%AB%E7%94%A8%E7%88%AA%E5%88%87%E3%82%8A+%E7%8C%AB+%E7%8C%AB+%E3%82%B0%E3%83%AB%E3%83%BC%E3%83%9F%E3%83%B3%E3%82%B0,,,search_url_generated,Amazon API未使用。検索結果から該当ASIN/商品URLを後で確認して差し替え。
product_0304,ファーミネーター 大型猫 短毛種用,brand_048,ファーミネーター,スペクトラムブランズ等,cat_care_cleaning,ケア・掃除,subcat_019,グルーミング用品,グルーミング用品,サイズ違いはSKUで管理,B,前回リストブランドの代表商品シリーズ / 1商品単位に分割,https://shopping.geocities.jp/chanet/docs/catdrylist_yh.html,true,ファーミネーター 大型猫 短毛種用 猫 猫 グルーミング,https://www.amazon.co.jp/s?k=%E3%83%95%E3%82%A1%E3%83%BC%E3%83%9F%E3%83%8D%E3%83%BC%E3%82%BF%E3%83%BC+%E5%A4%A7%E5%9E%8B%E7%8C%AB+%E7%9F%AD%E6%AF%9B%E7%A8%AE%E7%94%A8+%E7%8C%AB+%E7%8C%AB+%E3%82%B0%E3%83%AB%E3%83%BC%E3%83%9F%E3%83%B3%E3%82%B0&i=pets,https://www.amazon.co.jp/s?k=%E3%83%95%E3%82%A1%E3%83%BC%E3%83%9F%E3%83%8D%E3%83%BC%E3%82%BF%E3%83%BC+%E5%A4%A7%E5%9E%8B%E7%8C%AB+%E7%9F%AD%E6%AF%9B%E7%A8%AE%E7%94%A8+%E7%8C%AB+%E7%8C%AB+%E3%82%B0%E3%83%AB%E3%83%BC%E3%83%9F%E3%83%B3%E3%82%B0,,,search_url_generated,Amazon API未使用。検索結果から該当ASIN/商品URLを後で確認して差し替え。
product_0305,ファーミネーター 大型猫 長毛種用,brand_048,ファーミネーター,スペクトラムブランズ等,cat_care_cleaning,ケア・掃除,subcat_019,グルーミング用品,グルーミング用品,サイズ違いはSKUで管理,B,前回リストブランドの代表商品シリーズ / 1商品単位に分割,https://shopping.geocities.jp/chanet/docs/catdrylist_yh.html,true,ファーミネーター 大型猫 長毛種用 猫 猫 グルーミング,https://www.amazon.co.jp/s?k=%E3%83%95%E3%82%A1%E3%83%BC%E3%83%9F%E3%83%8D%E3%83%BC%E3%82%BF%E3%83%BC+%E5%A4%A7%E5%9E%8B%E7%8C%AB+%E9%95%B7%E6%AF%9B%E7%A8%AE%E7%94%A8+%E7%8C%AB+%E7%8C%AB+%E3%82%B0%E3%83%AB%E3%83%BC%E3%83%9F%E3%83%B3%E3%82%B0&i=pets,https://www.amazon.co.jp/s?k=%E3%83%95%E3%82%A1%E3%83%BC%E3%83%9F%E3%83%8D%E3%83%BC%E3%82%BF%E3%83%BC+%E5%A4%A7%E5%9E%8B%E7%8C%AB+%E9%95%B7%E6%AF%9B%E7%A8%AE%E7%94%A8+%E7%8C%AB+%E7%8C%AB+%E3%82%B0%E3%83%AB%E3%83%BC%E3%83%9F%E3%83%B3%E3%82%B0,,,search_url_generated,Amazon API未使用。検索結果から該当ASIN/商品URLを後で確認して差し替え。
product_0272,ファーミネーター 小型猫 短毛種用,brand_048,ファーミネーター,スペクトラムブランズ等,cat_care_cleaning,ケア・掃除,subcat_019,グルーミング用品,シリーズ,色・サイズ・容量違いはSKUで管理,B,前回リストブランドの代表商品シリーズ,https://shopping.geocities.jp/chanet/docs/catdrylist_yh.html,true,ファーミネーター 小型猫 短毛種用 猫 猫 グルーミング,https://www.amazon.co.jp/s?k=%E3%83%95%E3%82%A1%E3%83%BC%E3%83%9F%E3%83%8D%E3%83%BC%E3%82%BF%E3%83%BC+%E5%B0%8F%E5%9E%8B%E7%8C%AB+%E7%9F%AD%E6%AF%9B%E7%A8%AE%E7%94%A8+%E7%8C%AB+%E7%8C%AB+%E3%82%B0%E3%83%AB%E3%83%BC%E3%83%9F%E3%83%B3%E3%82%B0&i=pets,https://www.amazon.co.jp/s?k=%E3%83%95%E3%82%A1%E3%83%BC%E3%83%9F%E3%83%8D%E3%83%BC%E3%82%BF%E3%83%BC+%E5%B0%8F%E5%9E%8B%E7%8C%AB+%E7%9F%AD%E6%AF%9B%E7%A8%AE%E7%94%A8+%E7%8C%AB+%E7%8C%AB+%E3%82%B0%E3%83%AB%E3%83%BC%E3%83%9F%E3%83%B3%E3%82%B0,,,search_url_generated,Amazon API未使用。検索結果から該当ASIN/商品URLを後で確認して差し替え。
product_0273,ファーミネーター 小型猫 長毛種用,brand_048,ファーミネーター,スペクトラムブランズ等,cat_care_cleaning,ケア・掃除,subcat_019,グルーミング用品,シリーズ,色・サイズ・容量違いはSKUで管理,B,前回リストブランドの代表商品シリーズ,https://shopping.geocities.jp/chanet/docs/catdrylist_yh.html,true,ファーミネーター 小型猫 長毛種用 猫 猫 グルーミング,https://www.amazon.co.jp/s?k=%E3%83%95%E3%82%A1%E3%83%BC%E3%83%9F%E3%83%8D%E3%83%BC%E3%82%BF%E3%83%BC+%E5%B0%8F%E5%9E%8B%E7%8C%AB+%E9%95%B7%E6%AF%9B%E7%A8%AE%E7%94%A8+%E7%8C%AB+%E7%8C%AB+%E3%82%B0%E3%83%AB%E3%83%BC%E3%83%9F%E3%83%B3%E3%82%B0&i=pets,https://www.amazon.co.jp/s?k=%E3%83%95%E3%82%A1%E3%83%BC%E3%83%9F%E3%83%8D%E3%83%BC%E3%82%BF%E3%83%BC+%E5%B0%8F%E5%9E%8B%E7%8C%AB+%E9%95%B7%E6%AF%9B%E7%A8%AE%E7%94%A8+%E7%8C%AB+%E7%8C%AB+%E3%82%B0%E3%83%AB%E3%83%BC%E3%83%9F%E3%83%B3%E3%82%B0,,,search_url_generated,Amazon API未使用。検索結果から該当ASIN/商品URLを後で確認して差し替え。
product_0271,爪切り,brand_065,猫壱,猫壱,cat_care_cleaning,ケア・掃除,subcat_019,グルーミング用品,シリーズ,色・サイズ・容量違いはSKUで管理,B,前回リストブランドの代表商品シリーズ,https://www.petio.com/,true,猫壱 爪切り 猫 猫 グルーミング,https://www.amazon.co.jp/s?k=%E7%8C%AB%E5%A3%B1+%E7%88%AA%E5%88%87%E3%82%8A+%E7%8C%AB+%E7%8C%AB+%E3%82%B0%E3%83%AB%E3%83%BC%E3%83%9F%E3%83%B3%E3%82%B0&i=pets,https://www.amazon.co.jp/s?k=%E7%8C%AB%E5%A3%B1+%E7%88%AA%E5%88%87%E3%82%8A+%E7%8C%AB+%E7%8C%AB+%E3%82%B0%E3%83%AB%E3%83%BC%E3%83%9F%E3%83%B3%E3%82%B0,,,search_url_generated,Amazon API未使用。検索結果から該当ASIN/商品URLを後で確認して差し替え。
product_0286,プレミアムキャットミルク,brand_063,森乳サンワールド,森乳サンワールド,cat_health,ヘルスケア・栄養補助,subcat_023,ミルク・栄養補助,シリーズ,色・サイズ・容量違いはSKUで管理,B,前回リストブランドの代表商品シリーズ,https://shopping.geocities.jp/chanet/docs/catdrylist_yh.html,true,森乳サンワールド プレミアムキャットミルク 猫 猫 サプリ,https://www.amazon.co.jp/s?k=%E6%A3%AE%E4%B9%B3%E3%82%B5%E3%83%B3%E3%83%AF%E3%83%BC%E3%83%AB%E3%83%89+%E3%83%97%E3%83%AC%E3%83%9F%E3%82%A2%E3%83%A0%E3%82%AD%E3%83%A3%E3%83%83%E3%83%88%E3%83%9F%E3%83%AB%E3%82%AF+%E7%8C%AB+%E7%8C%AB+%E3%82%B5%E3%83%97%E3%83%AA&i=pets,https://www.amazon.co.jp/s?k=%E6%A3%AE%E4%B9%B3%E3%82%B5%E3%83%B3%E3%83%AF%E3%83%BC%E3%83%AB%E3%83%89+%E3%83%97%E3%83%AC%E3%83%9F%E3%82%A2%E3%83%A0%E3%82%AD%E3%83%A3%E3%83%83%E3%83%88%E3%83%9F%E3%83%AB%E3%82%AF+%E7%8C%AB+%E7%8C%AB+%E3%82%B5%E3%83%97%E3%83%AA,,,search_url_generated,Amazon API未使用。検索結果から該当ASIN/商品URLを後で確認して差し替え。
product_0285,ワンラック キャットミルク,brand_063,森乳サンワールド,森乳サンワールド,cat_health,ヘルスケア・栄養補助,subcat_023,ミルク・栄養補助,シリーズ,色・サイズ・容量違いはSKUで管理,B,前回リストブランドの代表商品シリーズ,https://shopping.geocities.jp/chanet/docs/catdrylist_yh.html,true,森乳サンワールド ワンラック キャットミルク 猫 猫 サプリ,https://www.amazon.co.jp/s?k=%E6%A3%AE%E4%B9%B3%E3%82%B5%E3%83%B3%E3%83%AF%E3%83%BC%E3%83%AB%E3%83%89+%E3%83%AF%E3%83%B3%E3%83%A9%E3%83%83%E3%82%AF+%E3%82%AD%E3%83%A3%E3%83%83%E3%83%88%E3%83%9F%E3%83%AB%E3%82%AF+%E7%8C%AB+%E7%8C%AB+%E3%82%B5%E3%83%97%E3%83%AA&i=pets,https://www.amazon.co.jp/s?k=%E6%A3%AE%E4%B9%B3%E3%82%B5%E3%83%B3%E3%83%AF%E3%83%BC%E3%83%AB%E3%83%89+%E3%83%AF%E3%83%B3%E3%83%A9%E3%83%83%E3%82%AF+%E3%82%AD%E3%83%A3%E3%83%83%E3%83%88%E3%83%9F%E3%83%AB%E3%82%AF+%E7%8C%AB+%E7%8C%AB+%E3%82%B5%E3%83%97%E3%83%AA,,,search_url_generated,Amazon API未使用。検索結果から該当ASIN/商品URLを後で確認して差し替え。
product_0287,子猫用ミルク,brand_063,森乳サンワールド,森乳サンワールド,cat_health,ヘルスケア・栄養補助,subcat_023,ミルク・栄養補助,シリーズ,色・サイズ・容量違いはSKUで管理,B,前回リストブランドの代表商品シリーズ,https://shopping.geocities.jp/chanet/docs/catdrylist_yh.html,true,森乳サンワールド 子猫用ミルク 猫 猫 サプリ,https://www.amazon.co.jp/s?k=%E6%A3%AE%E4%B9%B3%E3%82%B5%E3%83%B3%E3%83%AF%E3%83%BC%E3%83%AB%E3%83%89+%E5%AD%90%E7%8C%AB%E7%94%A8%E3%83%9F%E3%83%AB%E3%82%AF+%E7%8C%AB+%E7%8C%AB+%E3%82%B5%E3%83%97%E3%83%AA&i=pets,https://www.amazon.co.jp/s?k=%E6%A3%AE%E4%B9%B3%E3%82%B5%E3%83%B3%E3%83%AF%E3%83%BC%E3%83%AB%E3%83%89+%E5%AD%90%E7%8C%AB%E7%94%A8%E3%83%9F%E3%83%AB%E3%82%AF+%E7%8C%AB+%E7%8C%AB+%E3%82%B5%E3%83%97%E3%83%AA,,,search_url_generated,Amazon API未使用。検索結果から該当ASIN/商品URLを後で確認して差し替え。
product_0030,すごい乳酸菌,brand_002,CIAO / いなば,いなばペットフード,cat_health,ヘルスケア・栄養補助,subcat_024,サプリメント,フード/おやつ,パウチ/ちゅ～る系,A,ちゅ～る・ウェット系は最優先,https://www.inaba-petfood.co.jp/product/cat/,true,CIAO / いなば すごい乳酸菌 猫 猫 サプリ,https://www.amazon.co.jp/s?k=CIAO+%2F+%E3%81%84%E3%81%AA%E3%81%B0+%E3%81%99%E3%81%94%E3%81%84%E4%B9%B3%E9%85%B8%E8%8F%8C+%E7%8C%AB+%E7%8C%AB+%E3%82%B5%E3%83%97%E3%83%AA&i=pets,https://www.amazon.co.jp/s?k=CIAO+%2F+%E3%81%84%E3%81%AA%E3%81%B0+%E3%81%99%E3%81%94%E3%81%84%E4%B9%B3%E9%85%B8%E8%8F%8C+%E7%8C%AB+%E7%8C%AB+%E3%82%B5%E3%83%97%E3%83%AA,,,search_url_generated,Amazon API未使用。検索結果から該当ASIN/商品URLを後で確認して差し替え。
product_0283,猫用サプリメント 乳酸菌,brand_003,DHC,DHC,cat_health,ヘルスケア・栄養補助,subcat_024,サプリメント,シリーズ,色・サイズ・容量違いはSKUで管理,B,前回リストブランドの代表商品シリーズ,https://shopping.geocities.jp/chanet/docs/catdrylist_yh.html,true,DHC 猫用サプリメント 乳酸菌 猫 猫 サプリ,https://www.amazon.co.jp/s?k=DHC+%E7%8C%AB%E7%94%A8%E3%82%B5%E3%83%97%E3%83%AA%E3%83%A1%E3%83%B3%E3%83%88+%E4%B9%B3%E9%85%B8%E8%8F%8C+%E7%8C%AB+%E7%8C%AB+%E3%82%B5%E3%83%97%E3%83%AA&i=pets,https://www.amazon.co.jp/s?k=DHC+%E7%8C%AB%E7%94%A8%E3%82%B5%E3%83%97%E3%83%AA%E3%83%A1%E3%83%B3%E3%83%88+%E4%B9%B3%E9%85%B8%E8%8F%8C+%E7%8C%AB+%E7%8C%AB+%E3%82%B5%E3%83%97%E3%83%AA,,,search_url_generated,Amazon API未使用。検索結果から該当ASIN/商品URLを後で確認して差し替え。
product_0282,猫用サプリメント 腎臓健康維持,brand_003,DHC,DHC,cat_health,ヘルスケア・栄養補助,subcat_024,サプリメント,シリーズ,色・サイズ・容量違いはSKUで管理,B,前回リストブランドの代表商品シリーズ,https://shopping.geocities.jp/chanet/docs/catdrylist_yh.html,true,DHC 猫用サプリメント 腎臓健康維持 猫 猫 サプリ,https://www.amazon.co.jp/s?k=DHC+%E7%8C%AB%E7%94%A8%E3%82%B5%E3%83%97%E3%83%AA%E3%83%A1%E3%83%B3%E3%83%88+%E8%85%8E%E8%87%93%E5%81%A5%E5%BA%B7%E7%B6%AD%E6%8C%81+%E7%8C%AB+%E7%8C%AB+%E3%82%B5%E3%83%97%E3%83%AA&i=pets,https://www.amazon.co.jp/s?k=DHC+%E7%8C%AB%E7%94%A8%E3%82%B5%E3%83%97%E3%83%AA%E3%83%A1%E3%83%B3%E3%83%88+%E8%85%8E%E8%87%93%E5%81%A5%E5%BA%B7%E7%B6%AD%E6%8C%81+%E7%8C%AB+%E7%8C%AB+%E3%82%B5%E3%83%97%E3%83%AA,,,search_url_generated,Amazon API未使用。検索結果から該当ASIN/商品URLを後で確認して差し替え。
product_0284,猫用サプリメント 負けないキャット,brand_003,DHC,DHC,cat_health,ヘルスケア・栄養補助,subcat_024,サプリメント,シリーズ,色・サイズ・容量違いはSKUで管理,B,前回リストブランドの代表商品シリーズ,https://shopping.geocities.jp/chanet/docs/catdrylist_yh.html,true,DHC 猫用サプリメント 負けないキャット 猫 猫 サプリ,https://www.amazon.co.jp/s?k=DHC+%E7%8C%AB%E7%94%A8%E3%82%B5%E3%83%97%E3%83%AA%E3%83%A1%E3%83%B3%E3%83%88+%E8%B2%A0%E3%81%91%E3%81%AA%E3%81%84%E3%82%AD%E3%83%A3%E3%83%83%E3%83%88+%E7%8C%AB+%E7%8C%AB+%E3%82%B5%E3%83%97%E3%83%AA&i=pets,https://www.amazon.co.jp/s?k=DHC+%E7%8C%AB%E7%94%A8%E3%82%B5%E3%83%97%E3%83%AA%E3%83%A1%E3%83%B3%E3%83%88+%E8%B2%A0%E3%81%91%E3%81%AA%E3%81%84%E3%82%AD%E3%83%A3%E3%83%83%E3%83%88+%E7%8C%AB+%E7%8C%AB+%E3%82%B5%E3%83%97%E3%83%AA,,,search_url_generated,Amazon API未使用。検索結果から該当ASIN/商品URLを後で確認して差し替え。
product_0269,バリバリベッド,brand_065,猫壱,猫壱,cat_semi_consumable,半消耗品,subcat_020,爪とぎ,シリーズ,色・サイズ・容量違いはSKUで管理,B,前回リストブランドの代表商品シリーズ,https://www.petio.com/,true,猫壱 バリバリベッド 猫 猫 爪とぎ,https://www.amazon.co.jp/s?k=%E7%8C%AB%E5%A3%B1+%E3%83%90%E3%83%AA%E3%83%90%E3%83%AA%E3%83%99%E3%83%83%E3%83%89+%E7%8C%AB+%E7%8C%AB+%E7%88%AA%E3%81%A8%E3%81%8E&i=pets,https://www.amazon.co.jp/s?k=%E7%8C%AB%E5%A3%B1+%E3%83%90%E3%83%AA%E3%83%90%E3%83%AA%E3%83%99%E3%83%83%E3%83%89+%E7%8C%AB+%E7%8C%AB+%E7%88%AA%E3%81%A8%E3%81%8E,,,search_url_generated,Amazon API未使用。検索結果から該当ASIN/商品URLを後で確認して差し替え。
product_0268,バリバリボウル,brand_065,猫壱,猫壱,cat_semi_consumable,半消耗品,subcat_020,爪とぎ,シリーズ,色・サイズ・容量違いはSKUで管理,B,前回リストブランドの代表商品シリーズ,https://www.petio.com/,true,猫壱 バリバリボウル 猫 猫 爪とぎ,https://www.amazon.co.jp/s?k=%E7%8C%AB%E5%A3%B1+%E3%83%90%E3%83%AA%E3%83%90%E3%83%AA%E3%83%9C%E3%82%A6%E3%83%AB+%E7%8C%AB+%E7%8C%AB+%E7%88%AA%E3%81%A8%E3%81%8E&i=pets,https://www.amazon.co.jp/s?k=%E7%8C%AB%E5%A3%B1+%E3%83%90%E3%83%AA%E3%83%90%E3%83%AA%E3%83%9C%E3%82%A6%E3%83%AB+%E7%8C%AB+%E7%8C%AB+%E7%88%AA%E3%81%A8%E3%81%8E,,,search_url_generated,Amazon API未使用。検索結果から該当ASIN/商品URLを後で確認して差し替え。
product_0259,じゃれ猫 シリーズ,brand_018,キャティーマン,ドギーマンハヤシ,cat_semi_consumable,半消耗品,subcat_021,おもちゃ,シリーズ,色・サイズ・容量違いはSKUで管理,B,前回リストブランドの代表商品シリーズ,https://www.doggyman.com/,true,キャティーマン じゃれ猫 シリーズ 猫 猫 おもちゃ,https://www.amazon.co.jp/s?k=%E3%82%AD%E3%83%A3%E3%83%86%E3%82%A3%E3%83%BC%E3%83%9E%E3%83%B3+%E3%81%98%E3%82%83%E3%82%8C%E7%8C%AB+%E3%82%B7%E3%83%AA%E3%83%BC%E3%82%BA+%E7%8C%AB+%E7%8C%AB+%E3%81%8A%E3%82%82%E3%81%A1%E3%82%83&i=pets,https://www.amazon.co.jp/s?k=%E3%82%AD%E3%83%A3%E3%83%86%E3%82%A3%E3%83%BC%E3%83%9E%E3%83%B3+%E3%81%98%E3%82%83%E3%82%8C%E7%8C%AB+%E3%82%B7%E3%83%AA%E3%83%BC%E3%82%BA+%E7%8C%AB+%E7%8C%AB+%E3%81%8A%E3%82%82%E3%81%A1%E3%82%83,,,search_url_generated,Amazon API未使用。検索結果から該当ASIN/商品URLを後で確認して差し替え。
product_0251,けりぐるみ,brand_054,ペティオ,ペティオ,cat_semi_consumable,半消耗品,subcat_021,おもちゃ,シリーズ,色・サイズ・容量違いはSKUで管理,B,前回リストブランドの代表商品シリーズ,https://www.petio.com/,true,ペティオ けりぐるみ 猫 猫 おもちゃ,https://www.amazon.co.jp/s?k=%E3%83%9A%E3%83%86%E3%82%A3%E3%82%AA+%E3%81%91%E3%82%8A%E3%81%90%E3%82%8B%E3%81%BF+%E7%8C%AB+%E7%8C%AB+%E3%81%8A%E3%82%82%E3%81%A1%E3%82%83&i=pets,https://www.amazon.co.jp/s?k=%E3%83%9A%E3%83%86%E3%82%A3%E3%82%AA+%E3%81%91%E3%82%8A%E3%81%90%E3%82%8B%E3%81%BF+%E7%8C%AB+%E7%8C%AB+%E3%81%8A%E3%82%82%E3%81%A1%E3%82%83,,,search_url_generated,Amazon API未使用。検索結果から該当ASIN/商品URLを後で確認して差し替え。
