pet_type,product_id,parent_product_id,base_product_name,product_name,brand_id,brand_name,manufacturer,category_id,category_name,subcategory_id,subcategory_name,product_type,variations_or_target,priority,note,source_url,is_active,content_amount,flavor,scent,variant_source,split_status,needs_research,review_reason,verification_status,verified_source_url,verified_note,verified_at
dog,pet_0001,,ビューティープロ ドッグ,ビューティープロ ドッグ 成犬用,brand_dog_beautypro,ビューティープロ ドッグ,日本ペットフード,dog_food,犬用フード,dog_dry_food,ドライフード,シリーズ,容量違いは統合,A,初期商品マスタ向けの主要シリーズ。内容量別SKUは登録しない。,https://shop.npf.co.jp/shop/c/cdog_sgn/,true,要確認,該当なし,該当なし,series_seed,content_variants_collapsed,true,公式の個別SKU・内容量は後続確認,source_reference_only,https://shop.npf.co.jp/shop/c/cdog_sgn/,公式・メーカーの商品一覧を参照。シリーズ単位で登録。,2026-07-18
dog,pet_0002,,コンボ ドッグ,コンボ ドッグ 成犬用,brand_dog_combo,コンボ ドッグ,日本ペットフード,dog_food,犬用フード,dog_dry_food,ドライフード,シリーズ,容量違いは統合,A,初期商品マスタ向けの主要シリーズ。内容量別SKUは登録しない。,https://shop.npf.co.jp/shop/c/cdog_sgn/,true,要確認,該当なし,該当なし,series_seed,content_variants_collapsed,true,公式の個別SKU・内容量は後続確認,source_reference_only,https://shop.npf.co.jp/shop/c/cdog_sgn/,公式・メーカーの商品一覧を参照。シリーズ単位で登録。,2026-07-18
dog,pet_0003,,デビフ ささみ＆レバーミンチ,デビフ ささみ＆レバーミンチ,brand_dog_dbf,デビフ ささみ＆レバーミンチ,デビフペット,dog_food,犬用フード,dog_wet_food,ウェットフード,シリーズ,容量違いは統合,A,初期商品マスタ向けの主要シリーズ。内容量別SKUは登録しない。,https://www.dbfpet.co.jp/product-info/,true,要確認,該当なし,該当なし,series_seed,content_variants_collapsed,true,公式の個別SKU・内容量は後続確認,source_reference_only,https://www.dbfpet.co.jp/product-info/,公式・メーカーの商品一覧を参照。シリーズ単位で登録。,2026-07-18
dog,pet_0004,,ちゅ〜るごはん,いなば ちゅ〜るごはん 犬用,brand_dog_inaba,ちゅ〜るごはん,デビフペット,dog_food,犬用フード,dog_wet_food,ウェットフード,シリーズ,容量違いは統合,A,初期商品マスタ向けの主要シリーズ。内容量別SKUは登録しない。,https://www.dbfpet.co.jp/product-info/,true,要確認,該当なし,該当なし,series_seed,content_variants_collapsed,true,公式の個別SKU・内容量は後続確認,source_reference_only,https://www.dbfpet.co.jp/product-info/,公式・メーカーの商品一覧を参照。シリーズ単位で登録。,2026-07-18
rabbit,pet_0005,,バニーセレクション,バニーセレクション メンテナンス,brand_rabbit_easter,バニーセレクション,イースター,rabbit_food,うさぎ用フード,rabbit_pellet,ペレット,シリーズ,容量違いは統合,A,初期商品マスタ向けの主要シリーズ。内容量別SKUは登録しない。,https://www.npf.co.jp/products/smallfood/hamster/hamsterfood/,true,要確認,該当なし,該当なし,series_seed,content_variants_collapsed,true,公式の個別SKU・内容量は後続確認,source_reference_only,https://www.npf.co.jp/products/smallfood/hamster/hamsterfood/,公式・メーカーの商品一覧を参照。シリーズ単位で登録。,2026-07-18
rabbit,pet_0006,,バニーセレクション,バニーセレクション グロース,brand_rabbit_easter,バニーセレクション,イースター,rabbit_food,うさぎ用フード,rabbit_pellet,ペレット,シリーズ,容量違いは統合,A,初期商品マスタ向けの主要シリーズ。内容量別SKUは登録しない。,https://www.npf.co.jp/products/smallfood/hamster/hamsterfood/,true,要確認,該当なし,該当なし,series_seed,content_variants_collapsed,true,公式の個別SKU・内容量は後続確認,source_reference_only,https://www.npf.co.jp/products/smallfood/hamster/hamsterfood/,公式・メーカーの商品一覧を参照。シリーズ単位で登録。,2026-07-18
rabbit,pet_0007,,チモシーの恵,ハイペット チモシーの恵,brand_rabbit_highpet,チモシーの恵,イースター,rabbit_food,うさぎ用フード,rabbit_pellet,ペレット,シリーズ,容量違いは統合,A,初期商品マスタ向けの主要シリーズ。内容量別SKUは登録しない。,https://www.npf.co.jp/products/smallfood/hamster/hamsterfood/,true,要確認,該当なし,該当なし,series_seed,content_variants_collapsed,true,公式の個別SKU・内容量は後続確認,source_reference_only,https://www.npf.co.jp/products/smallfood/hamster/hamsterfood/,公式・メーカーの商品一覧を参照。シリーズ単位で登録。,2026-07-18
rabbit,pet_0008,,ラビットプレミアムフード,GEX ラビットプレミアムフード,brand_rabbit_gex,ラビットプレミアムフード,イースター,rabbit_food,うさぎ用フード,rabbit_pellet,ペレット,シリーズ,容量違いは統合,A,初期商品マスタ向けの主要シリーズ。内容量別SKUは登録しない。,https://www.npf.co.jp/products/smallfood/hamster/hamsterfood/,true,要確認,該当なし,該当なし,series_seed,content_variants_collapsed,true,公式の個別SKU・内容量は後続確認,source_reference_only,https://www.npf.co.jp/products/smallfood/hamster/hamsterfood/,公式・メーカーの商品一覧を参照。シリーズ単位で登録。,2026-07-18
small_mammal,pet_0009,,ハムスターフード,ハムスターフード ハードタイプ,brand_small_npf,ハムスターフード,日本ペットフード,small_mammal_food,小動物用フード,small_mammal_pellet,主食・ペレット,シリーズ,容量違いは統合,A,初期商品マスタ向けの主要シリーズ。内容量別SKUは登録しない。,https://www.npf.co.jp/products/smallfood/hamster/hamsterfood/,true,要確認,該当なし,該当なし,series_seed,content_variants_collapsed,true,公式の個別SKU・内容量は後続確認,source_reference_only,https://www.npf.co.jp/products/smallfood/hamster/hamsterfood/,公式・メーカーの商品一覧を参照。シリーズ単位で登録。,2026-07-18
small_mammal,pet_0010,,ハムスターフード,ハムスターフード ソフトタイプ,brand_small_npf,ハムスターフード,日本ペットフード,small_mammal_food,小動物用フード,small_mammal_pellet,主食・ペレット,シリーズ,容量違いは統合,A,初期商品マスタ向けの主要シリーズ。内容量別SKUは登録しない。,https://www.npf.co.jp/products/smallfood/hamster/hamsterfood/,true,要確認,該当なし,該当なし,series_seed,content_variants_collapsed,true,公式の個別SKU・内容量は後続確認,source_reference_only,https://www.npf.co.jp/products/smallfood/hamster/hamsterfood/,公式・メーカーの商品一覧を参照。シリーズ単位で登録。,2026-07-18
small_mammal,pet_0011,,モルモットセレクション,モルモットセレクション,brand_small_easter,モルモットセレクション,日本ペットフード,small_mammal_food,小動物用フード,small_mammal_pellet,主食・ペレット,シリーズ,容量違いは統合,A,初期商品マスタ向けの主要シリーズ。内容量別SKUは登録しない。,https://www.npf.co.jp/products/smallfood/hamster/hamsterfood/,true,要確認,該当なし,該当なし,series_seed,content_variants_collapsed,true,公式の個別SKU・内容量は後続確認,source_reference_only,https://www.npf.co.jp/products/smallfood/hamster/hamsterfood/,公式・メーカーの商品一覧を参照。シリーズ単位で登録。,2026-07-18
small_mammal,pet_0012,,チンチラセレクション,チンチラセレクション,brand_small_easter,チンチラセレクション,日本ペットフード,small_mammal_food,小動物用フード,small_mammal_pellet,主食・ペレット,シリーズ,容量違いは統合,A,初期商品マスタ向けの主要シリーズ。内容量別SKUは登録しない。,https://www.npf.co.jp/products/smallfood/hamster/hamsterfood/,true,要確認,該当なし,該当なし,series_seed,content_variants_collapsed,true,公式の個別SKU・内容量は後続確認,source_reference_only,https://www.npf.co.jp/products/smallfood/hamster/hamsterfood/,公式・メーカーの商品一覧を参照。シリーズ単位で登録。,2026-07-18
small_mammal,pet_0013,,デグーセレクション,デグーセレクション,brand_small_easter,デグーセレクション,日本ペットフード,small_mammal_food,小動物用フード,small_mammal_pellet,主食・ペレット,シリーズ,容量違いは統合,A,初期商品マスタ向けの主要シリーズ。内容量別SKUは登録しない。,https://www.npf.co.jp/products/smallfood/hamster/hamsterfood/,true,要確認,該当なし,該当なし,series_seed,content_variants_collapsed,true,公式の個別SKU・内容量は後続確認,source_reference_only,https://www.npf.co.jp/products/smallfood/hamster/hamsterfood/,公式・メーカーの商品一覧を参照。シリーズ単位で登録。,2026-07-18
bird,pet_0014,,インコセレクション,インコセレクション,brand_bird_easter,インコセレクション,日本ペットフード,bird_food,鳥用フード,bird_seed_food,シード・総合フード,シリーズ,容量違いは統合,A,初期商品マスタ向けの主要シリーズ。内容量別SKUは登録しない。,https://www.npf.co.jp/products/smallfood/,true,要確認,該当なし,該当なし,series_seed,content_variants_collapsed,true,公式の個別SKU・内容量は後続確認,source_reference_only,https://www.npf.co.jp/products/smallfood/,公式・メーカーの商品一覧を参照。シリーズ単位で登録。,2026-07-18
bird,pet_0015,,バードセレクション,バードセレクション,brand_bird_easter,バードセレクション,日本ペットフード,bird_food,鳥用フード,bird_seed_food,シード・総合フード,シリーズ,容量違いは統合,A,初期商品マスタ向けの主要シリーズ。内容量別SKUは登録しない。,https://www.npf.co.jp/products/smallfood/,true,要確認,該当なし,該当なし,series_seed,content_variants_collapsed,true,公式の個別SKU・内容量は後続確認,source_reference_only,https://www.npf.co.jp/products/smallfood/,公式・メーカーの商品一覧を参照。シリーズ単位で登録。,2026-07-18
bird,pet_0016,,エクセル セキセイインコ,エクセル セキセイインコ,brand_bird_npf,エクセル セキセイインコ,日本ペットフード,bird_food,鳥用フード,bird_seed_food,シード・総合フード,シリーズ,容量違いは統合,A,初期商品マスタ向けの主要シリーズ。内容量別SKUは登録しない。,https://www.npf.co.jp/products/smallfood/,true,要確認,該当なし,該当なし,series_seed,content_variants_collapsed,true,公式の個別SKU・内容量は後続確認,source_reference_only,https://www.npf.co.jp/products/smallfood/,公式・メーカーの商品一覧を参照。シリーズ単位で登録。,2026-07-18
bird,pet_0017,,エクセル 文鳥,エクセル 文鳥,brand_bird_npf,エクセル 文鳥,日本ペットフード,bird_food,鳥用フード,bird_seed_food,シード・総合フード,シリーズ,容量違いは統合,A,初期商品マスタ向けの主要シリーズ。内容量別SKUは登録しない。,https://www.npf.co.jp/products/smallfood/,true,要確認,該当なし,該当なし,series_seed,content_variants_collapsed,true,公式の個別SKU・内容量は後続確認,source_reference_only,https://www.npf.co.jp/products/smallfood/,公式・メーカーの商品一覧を参照。シリーズ単位で登録。,2026-07-18
aquarium_fish,pet_0018,,テトラ ミン,テトラ ミン,brand_fish_tetra,テトラ ミン,スペクトラム ブランズ ジャパン,fish_food,観賞魚用品,fish_food,フード,シリーズ,容量違いは統合,A,初期商品マスタ向けの主要シリーズ。内容量別SKUは登録しない。,https://spectrumbrands.jp/tetra/,true,要確認,該当なし,該当なし,series_seed,content_variants_collapsed,true,公式の個別SKU・内容量は後続確認,source_reference_only,https://spectrumbrands.jp/tetra/,公式・メーカーの商品一覧を参照。シリーズ単位で登録。,2026-07-18
aquarium_fish,pet_0019,,ひかりフレーク,ひかりフレーク,brand_fish_kyorin,ひかりフレーク,スペクトラム ブランズ ジャパン,fish_food,観賞魚用品,fish_food,フード,シリーズ,容量違いは統合,A,初期商品マスタ向けの主要シリーズ。内容量別SKUは登録しない。,https://spectrumbrands.jp/tetra/,true,要確認,該当なし,該当なし,series_seed,content_variants_collapsed,true,公式の個別SKU・内容量は後続確認,source_reference_only,https://spectrumbrands.jp/tetra/,公式・メーカーの商品一覧を参照。シリーズ単位で登録。,2026-07-18
aquarium_fish,pet_0020,,ひかりクレスト,ひかりクレスト カラシン,brand_fish_kyorin,ひかりクレスト,スペクトラム ブランズ ジャパン,fish_food,観賞魚用品,fish_food,フード,シリーズ,容量違いは統合,A,初期商品マスタ向けの主要シリーズ。内容量別SKUは登録しない。,https://spectrumbrands.jp/tetra/,true,要確認,該当なし,該当なし,series_seed,content_variants_collapsed,true,公式の個別SKU・内容量は後続確認,source_reference_only,https://spectrumbrands.jp/tetra/,公式・メーカーの商品一覧を参照。シリーズ単位で登録。,2026-07-18
aquarium_fish,pet_0021,,メダカ元気,メダカ元気 育てる栄養ウォーター,brand_fish_gex,メダカ元気,スペクトラム ブランズ ジャパン,fish_food,観賞魚用品,fish_food,フード,シリーズ,容量違いは統合,A,初期商品マスタ向けの主要シリーズ。内容量別SKUは登録しない。,https://spectrumbrands.jp/tetra/,true,要確認,該当なし,該当なし,series_seed,content_variants_collapsed,true,公式の個別SKU・内容量は後続確認,source_reference_only,https://spectrumbrands.jp/tetra/,公式・メーカーの商品一覧を参照。シリーズ単位で登録。,2026-07-18
reptile_amphibian,pet_0022,,レプトミン,レプトミン,brand_reptile_tetra,レプトミン,トップクリエイト,reptile_amphibian_food,爬虫類・両生類用品,reptile_food,フード・飼育消耗品,シリーズ,容量違いは統合,A,初期商品マスタ向けの主要シリーズ。内容量別SKUは登録しない。,https://www.topcreate.jp/,true,要確認,該当なし,該当なし,series_seed,content_variants_collapsed,true,公式の個別SKU・内容量は後続確認,source_reference_only,https://www.topcreate.jp/,公式・メーカーの商品一覧を参照。シリーズ単位で登録。,2026-07-18
reptile_amphibian,pet_0023,,ひかりクレスト,ひかりクレスト レオパゲル,brand_reptile_kyorin,ひかりクレスト,トップクリエイト,reptile_amphibian_food,爬虫類・両生類用品,reptile_food,フード・飼育消耗品,シリーズ,容量違いは統合,A,初期商品マスタ向けの主要シリーズ。内容量別SKUは登録しない。,https://www.topcreate.jp/,true,要確認,該当なし,該当なし,series_seed,content_variants_collapsed,true,公式の個別SKU・内容量は後続確認,source_reference_only,https://www.topcreate.jp/,公式・メーカーの商品一覧を参照。シリーズ単位で登録。,2026-07-18
reptile_amphibian,pet_0024,,レプタイルフード,レプタイルフード,brand_reptile_gex,レプタイルフード,トップクリエイト,reptile_amphibian_food,爬虫類・両生類用品,reptile_food,フード・飼育消耗品,シリーズ,容量違いは統合,A,初期商品マスタ向けの主要シリーズ。内容量別SKUは登録しない。,https://www.topcreate.jp/,true,要確認,該当なし,該当なし,series_seed,content_variants_collapsed,true,公式の個別SKU・内容量は後続確認,source_reference_only,https://www.topcreate.jp/,公式・メーカーの商品一覧を参照。シリーズ単位で登録。,2026-07-18
reptile_amphibian,pet_0025,,爬虫類用カルシウム,爬虫類用カルシウムパウダー,brand_reptile_general,爬虫類用カルシウム,トップクリエイト,reptile_amphibian_food,爬虫類・両生類用品,reptile_food,フード・飼育消耗品,シリーズ,容量違いは統合,A,初期商品マスタ向けの主要シリーズ。内容量別SKUは登録しない。,https://www.topcreate.jp/,true,要確認,該当なし,該当なし,series_seed,content_variants_collapsed,true,公式の個別SKU・内容量は後続確認,source_reference_only,https://www.topcreate.jp/,公式・メーカーの商品一覧を参照。シリーズ単位で登録。,2026-07-18
insect,pet_0030,,プロゼリー,プロゼリー,brand_insect_kb,プロゼリー,フジコン,insect_supplies,昆虫用品,insect_food,昆虫ゼリー・飼育マット,シリーズ,容量違いは統合,A,初期商品マスタ向けの主要シリーズ。内容量別SKUは登録しない。,https://www.topcreate.jp/,true,要確認,該当なし,該当なし,series_seed,content_variants_collapsed,true,公式の個別SKU・内容量は後続確認,source_reference_only,https://www.topcreate.jp/,公式・メーカーの商品一覧を参照。シリーズ単位で登録。,2026-07-18
insect,pet_0031,,昆虫ゼリー,昆虫ゼリー ワイドカップ,brand_insect_fujikon,昆虫ゼリー,フジコン,insect_supplies,昆虫用品,insect_food,昆虫ゼリー・飼育マット,シリーズ,容量違いは統合,A,初期商品マスタ向けの主要シリーズ。内容量別SKUは登録しない。,https://www.topcreate.jp/,true,要確認,該当なし,該当なし,series_seed,content_variants_collapsed,true,公式の個別SKU・内容量は後続確認,source_reference_only,https://www.topcreate.jp/,公式・メーカーの商品一覧を参照。シリーズ単位で登録。,2026-07-18
insect,pet_0032,,発酵マット,発酵マット,brand_insect_fujikon,発酵マット,フジコン,insect_supplies,昆虫用品,insect_food,昆虫ゼリー・飼育マット,シリーズ,容量違いは統合,A,初期商品マスタ向けの主要シリーズ。内容量別SKUは登録しない。,https://www.topcreate.jp/,true,要確認,該当なし,該当なし,series_seed,content_variants_collapsed,true,公式の個別SKU・内容量は後続確認,source_reference_only,https://www.topcreate.jp/,公式・メーカーの商品一覧を参照。シリーズ単位で登録。,2026-07-18
insect,pet_0033,,バイオ育成クヌギマット,バイオ育成クヌギマット,brand_insect_marukan,バイオ育成クヌギマット,フジコン,insect_supplies,昆虫用品,insect_food,昆虫ゼリー・飼育マット,シリーズ,容量違いは統合,A,初期商品マスタ向けの主要シリーズ。内容量別SKUは登録しない。,https://www.topcreate.jp/,false,要確認,該当なし,該当なし,series_seed,content_variants_collapsed,false,,not_found_official,https://www.fujikon.net/04mat.htm,フジコン公式現行昆虫マット一覧にバイオ育成クヌギマットを確認できない。,2026-07-19
dog,pet_0100,,ビューティープロ ドッグ 子犬用 12ヵ月頃まで,ビューティープロ ドッグ 子犬用 12ヵ月頃まで,brand_dog_,ビューティープロ ドッグ,日本ペットフード,dog_food,犬用フード,dog_dry_food,dog・dry・food,シリーズ,容量違いは統合,A,公式カタログを参照した初期商品マスタ候補。内容量別SKUは登録しない。,https://www.npf.co.jp/dog-products/list/brand/01,true,要確認,該当なし,該当なし,official_catalog_series,content_variants_collapsed,false,,verified_active,https://www.npf.co.jp/dog-products/dog-detail/bdg,公式商品ページで子犬用12ヵ月頃まで・犬用・成長期犬用総合栄養食を確認。,2026-07-19
dog,pet_0101,,ビューティープロ ドッグ 成犬用 1歳から,ビューティープロ ドッグ 成犬用 1歳から,brand_dog_,ビューティープロ ドッグ,日本ペットフード,dog_food,犬用フード,dog_dry_food,dog・dry・food,シリーズ,容量違いは統合,A,公式カタログを参照した初期商品マスタ候補。内容量別SKUは登録しない。,https://www.npf.co.jp/dog-products/list/brand/01,true,要確認,該当なし,該当なし,official_catalog_series,content_variants_collapsed,false,,verified_active,https://www.npf.co.jp/beautypro/dog/lineup/index.html,公式ラインアップで成犬用1歳からを確認。,2026-07-19
dog,pet_0102,,ビューティープロ ドッグ 10歳以上,ビューティープロ ドッグ 10歳以上,brand_dog_,ビューティープロ ドッグ,日本ペットフード,dog_food,犬用フード,dog_dry_food,dog・dry・food,シリーズ,容量違いは統合,A,公式カタログを参照した初期商品マスタ候補。内容量別SKUは登録しない。,https://www.npf.co.jp/dog-products/list/brand/01,true,要確認,該当なし,該当なし,official_catalog_series,content_variants_collapsed,false,,verified_active,https://www.npf.co.jp/beautypro/dog/lineup/index.html,公式ラインアップで10歳以上を確認。,2026-07-19
dog,pet_0103,,ビューティープロ ドッグ 低脂肪 1歳から,ビューティープロ ドッグ 低脂肪 1歳から,brand_dog_,ビューティープロ ドッグ,日本ペットフード,dog_food,犬用フード,dog_dry_food,dog・dry・food,シリーズ,容量違いは統合,A,公式カタログを参照した初期商品マスタ候補。内容量別SKUは登録しない。,https://www.npf.co.jp/dog-products/list/brand/01,true,要確認,該当なし,該当なし,official_catalog_series,content_variants_collapsed,false,,verified_active,https://www.npf.co.jp/beautypro/dog/lineup/index.html,公式ラインアップで低脂肪1歳からを確認。,2026-07-19
dog,pet_0104,,ビューティープロ ドッグ ダイエット 1歳から,ビューティープロ ドッグ ダイエット 1歳から,brand_dog_,ビューティープロ ドッグ,日本ペットフード,dog_food,犬用フード,dog_dry_food,dog・dry・food,シリーズ,容量違いは統合,A,公式カタログを参照した初期商品マスタ候補。内容量別SKUは登録しない。,https://www.npf.co.jp/dog-products/list/brand/01,true,要確認,該当なし,該当なし,official_catalog_series,content_variants_collapsed,false,,verified_active,https://www.npf.co.jp/beautypro/dog/lineup/index.html,公式ラインアップでダイエット1歳からを確認。,2026-07-19
dog,pet_0105,,ビューティープロ ドッグ 歯の健康 1歳から,ビューティープロ ドッグ 歯の健康 1歳から,brand_dog_,ビューティープロ ドッグ,日本ペットフード,dog_food,犬用フード,dog_dry_food,dog・dry・food,シリーズ,容量違いは統合,A,公式カタログを参照した初期商品マスタ候補。内容量別SKUは登録しない。,https://www.npf.co.jp/dog-products/list/brand/01,true,要確認,該当なし,該当なし,official_catalog_series,content_variants_collapsed,false,,verified_active,https://www.npf.co.jp/beautypro/dog/lineup/index.html,公式ラインアップで歯の健康1歳からを確認。,2026-07-19
dog,pet_0106,,ビューティープロ ドッグ おなかの健康 1歳から,ビューティープロ ドッグ おなかの健康 1歳から,brand_dog_,ビューティープロ ドッグ,日本ペットフード,dog_food,犬用フード,dog_dry_food,dog・dry・food,シリーズ,容量違いは統合,A,公式カタログを参照した初期商品マスタ候補。内容量別SKUは登録しない。,https://www.npf.co.jp/dog-products/list/brand/01,true,要確認,該当なし,該当なし,official_catalog_series,content_variants_collapsed,false,,verified_active,https://www.npf.co.jp/beautypro/dog/lineup/index.html,公式ラインアップでおなかの健康1歳からを確認。,2026-07-19
dog,pet_0107,,ビューティープロ ドッグ 食物アレルゲンに配慮 1歳から,ビューティープロ ドッグ 食物アレルゲンに配慮 1歳から,brand_dog_,ビューティープロ ドッグ,日本ペットフード,dog_food,犬用フード,dog_dry_food,dog・dry・food,シリーズ,容量違いは統合,A,公式カタログを参照した初期商品マスタ候補。内容量別SKUは登録しない。,https://www.npf.co.jp/dog-products/list/brand/01,true,要確認,該当なし,該当なし,official_catalog_series,content_variants_collapsed,false,,verified_active,https://www.npf.co.jp/beautypro/dog/lineup/index.html,公式ラインアップで食物アレルゲンに配慮1歳からを確認。,2026-07-19
dog,pet_0108,,ビューティープロ ドッグ 食物アレルゲンに配慮 10歳以上,ビューティープロ ドッグ 食物アレルゲンに配慮 10歳以上,brand_dog_,ビューティープロ ドッグ,日本ペットフード,dog_food,犬用フード,dog_dry_food,dog・dry・food,シリーズ,容量違いは統合,A,公式カタログを参照した初期商品マスタ候補。内容量別SKUは登録しない。,https://www.npf.co.jp/dog-products/list/brand/01,true,要確認,該当なし,該当なし,official_catalog_series,content_variants_collapsed,false,,verified_active,https://www.npf.co.jp/beautypro/dog/lineup/index.html,公式ラインアップで食物アレルゲンに配慮10歳以上を確認。,2026-07-19
dog,pet_0109,,ビューティープロ ドッグ 大粒タイプ 1歳から,ビューティープロ ドッグ 大粒タイプ 1歳から,brand_dog_,ビューティープロ ドッグ,日本ペットフード,dog_food,犬用フード,dog_dry_food,dog・dry・food,シリーズ,容量違いは統合,A,公式カタログを参照した初期商品マスタ候補。内容量別SKUは登録しない。,https://www.npf.co.jp/dog-products/list/brand/01,true,要確認,該当なし,該当なし,official_catalog_series,content_variants_collapsed,false,,verified_active,https://www.npf.co.jp/beautypro/dog/lineup/index.html,公式ラインアップで大粒タイプ1歳からを確認。,2026-07-19
dog,pet_0110,,ビューティープロ ドッグ パウダフル 成犬用,ビューティープロ ドッグ パウダフル 成犬用,brand_dog_,ビューティープロ ドッグ,日本ペットフード,dog_food,犬用フード,dog_dry_food,dog・dry・food,シリーズ,容量違いは統合,A,公式カタログを参照した初期商品マスタ候補。内容量別SKUは登録しない。,https://www.npf.co.jp/dog-products/list/brand/01,true,要確認,該当なし,該当なし,official_catalog_series,content_variants_collapsed,false,,verified_active,https://www.npf.co.jp/dog-products/beautypro-dry,日本ペットフード公式商品一覧でビューティープロ ドッグ パウダフル 成犬用を確認。,2026-07-19
dog,pet_0111,,ビューティープロ ドッグ パウダフル 10歳以上,ビューティープロ ドッグ パウダフル 10歳以上,brand_dog_,ビューティープロ ドッグ,日本ペットフード,dog_food,犬用フード,dog_dry_food,dog・dry・food,シリーズ,容量違いは統合,A,公式カタログを参照した初期商品マスタ候補。内容量別SKUは登録しない。,https://www.npf.co.jp/dog-products/list/brand/01,false,要確認,該当なし,該当なし,official_catalog_series,content_variants_collapsed,false,,not_found_official,https://www.npf.co.jp/dog-products/beautypro-dry,日本ペットフード公式現行商品一覧にビューティープロ ドッグ パウダフル 10歳以上を確認できない。,2026-07-19
dog,pet_0112,,コンボ ドッグ 子犬用,コンボ ドッグ 子犬用,brand_dog_,コンボ ドッグ,日本ペットフード,dog_food,犬用フード,dog_dry_food,dog・dry・food,シリーズ,容量違いは統合,A,公式カタログを参照した初期商品マスタ候補。内容量別SKUは登録しない。,https://www.npf.co.jp/dog-products/list/brand/01,false,要確認,該当なし,該当なし,official_catalog_series,content_variants_collapsed,false,,not_found_official,https://www.npf.co.jp/dog-products/combo_dry,公式現行コンボ ドッグ一覧に子犬用の掲載を確認できない。終売または名称変更候補。,2026-07-19
dog,pet_0113,,コンボ ドッグ 7歳以上,コンボ ドッグ 7歳以上,brand_dog_,コンボ ドッグ,日本ペットフード,dog_food,犬用フード,dog_dry_food,dog・dry・food,シリーズ,容量違いは統合,A,公式カタログを参照した初期商品マスタ候補。内容量別SKUは登録しない。,https://www.npf.co.jp/dog-products/list/brand/01,false,要確認,該当なし,該当なし,official_catalog_series,content_variants_collapsed,false,,not_found_official,https://www.npf.co.jp/dog-products/combo_dry,公式現行コンボ ドッグ一覧に7歳以上の掲載を確認できない。終売または名称変更候補。,2026-07-19
dog,pet_0114,,コンボ ドッグ 11歳以上,コンボ ドッグ 11歳以上,brand_dog_,コンボ ドッグ,日本ペットフード,dog_food,犬用フード,dog_dry_food,dog・dry・food,シリーズ,容量違いは統合,A,公式カタログを参照した初期商品マスタ候補。内容量別SKUは登録しない。,https://www.npf.co.jp/dog-products/list/brand/01,true,要確認,該当なし,該当なし,official_catalog_series,content_variants_collapsed,false,,verified_active,https://www.npf.co.jp/dog-products/combo_dry,公式現行コンボ ドッグ一覧で11歳以上を確認。,2026-07-19
dog,pet_0115,,コンボ ドッグ 低脂肪,コンボ ドッグ 低脂肪,brand_dog_,コンボ ドッグ,日本ペットフード,dog_food,犬用フード,dog_dry_food,dog・dry・food,シリーズ,容量違いは統合,A,公式カタログを参照した初期商品マスタ候補。内容量別SKUは登録しない。,https://www.npf.co.jp/dog-products/list/brand/01,true,要確認,該当なし,該当なし,official_catalog_series,content_variants_collapsed,false,,verified_active,https://www.npf.co.jp/dog-products/combo_dry,公式現行コンボ ドッグ一覧で低脂肪を確認。,2026-07-19
dog,pet_0116,,コンボ ドッグ やわらかソフト,コンボ ドッグ やわらかソフト,brand_dog_,コンボ ドッグ,日本ペットフード,dog_food,犬用フード,dog_dry_food,dog・dry・food,シリーズ,容量違いは統合,A,公式カタログを参照した初期商品マスタ候補。内容量別SKUは登録しない。,https://www.npf.co.jp/dog-products/list/brand/01,false,要確認,該当なし,該当なし,official_catalog_series,content_variants_collapsed,false,,discontinued,https://www.npf.co.jp/news/detail/11,日本ペットフード公式の終売告知でコンボ ドッグ やわらかソフトの販売終了を確認。,2026-07-19
dog,pet_0117,,コンボ ピュア ドッグ 野菜・厳選チーズ入り,コンボ ピュア ドッグ 野菜・厳選チーズ入り,brand_dog_,コンボ ドッグ,日本ペットフード,dog_food,犬用フード,dog_dry_food,dog・dry・food,シリーズ,容量違いは統合,A,公式カタログを参照した初期商品マスタ候補。内容量別SKUは登録しない。,https://www.npf.co.jp/dog-products/list/brand/01,false,要確認,該当なし,該当なし,official_catalog_series,content_variants_collapsed,false,,not_found_official,https://www.npf.co.jp/dog-products/combo_dry,日本ペットフード公式現行商品一覧にコンボ ピュア ドッグ 野菜・厳選チーズ入りを確認できない。,2026-07-19
dog,pet_0118,,コンボ ピュア ドッグ 鶏肉・野菜入り,コンボ ピュア ドッグ 鶏肉・野菜入り,brand_dog_,コンボ ドッグ,日本ペットフード,dog_food,犬用フード,dog_dry_food,dog・dry・food,シリーズ,容量違いは統合,A,公式カタログを参照した初期商品マスタ候補。内容量別SKUは登録しない。,https://www.npf.co.jp/dog-products/list/brand/01,false,要確認,該当なし,該当なし,official_catalog_series,content_variants_collapsed,false,,not_found_official,https://www.npf.co.jp/dog-products/combo_dry,日本ペットフード公式現行商品一覧にコンボ ピュア ドッグ 鶏肉・野菜入りを確認できない。,2026-07-19
dog,pet_0119,,コンボ プレゼント ドッグ ドライフード,コンボ プレゼント ドッグ ドライフード,brand_dog_,コンボ ドッグ,日本ペットフード,dog_food,犬用フード,dog_dry_food,dog・dry・food,シリーズ,容量違いは統合,A,公式カタログを参照した初期商品マスタ候補。内容量別SKUは登録しない。,https://www.npf.co.jp/dog-products/list/brand/01,false,要確認,該当なし,該当なし,official_catalog_series,content_variants_collapsed,false,,not_found_official,https://www.npf.co.jp/dog-products/combo_present_oyatsu,公式カテゴリの表記はコンボプレゼント おやつでありドライフードとしては確認できない。分類誤りまたは終売候補。,2026-07-19
dog,pet_0120,,ビタワン 国産チキンのレシピ 成犬用,ビタワン 国産チキンのレシピ 成犬用,brand_dog_,コンボ ドッグ,日本ペットフード,dog_food,犬用フード,dog_dry_food,dog・dry・food,シリーズ,容量違いは統合,A,公式カタログを参照した初期商品マスタ候補。内容量別SKUは登録しない。,https://www.npf.co.jp/dog-products/list/brand/01,true,要確認,該当なし,該当なし,official_catalog_series,content_variants_collapsed,false,,verified_active,https://www.npf.co.jp/dog-products/dog-detail/vkc,公式商品ページで国産チキンのレシピ成犬用・犬用・成犬用総合栄養食を確認。,2026-07-19
dog,pet_0121,,ビタワン もっちりふっくら ビーフ・野菜入り,ビタワン もっちりふっくら ビーフ・野菜入り,brand_dog_,コンボ ドッグ,日本ペットフード,dog_food,犬用フード,dog_dry_food,dog・dry・food,シリーズ,容量違いは統合,A,公式カタログを参照した初期商品マスタ候補。内容量別SKUは登録しない。,https://www.npf.co.jp/dog-products/list/brand/01,false,要確認,該当なし,該当なし,official_catalog_series,content_variants_collapsed,false,,not_found_official,https://www.npf.co.jp/dog-products/vita_one_dry,公式現行ビタワン一覧に該当する商品名を確認できない。終売または名称変更候補。,2026-07-19
dog,pet_0122,,ビタワン君 ささみ入りミニ粒,ビタワン君 ささみ入りミニ粒,brand_dog_,コンボ ドッグ,日本ペットフード,dog_food,犬用フード,dog_dry_food,dog・dry・food,シリーズ,容量違いは統合,A,公式カタログを参照した初期商品マスタ候補。内容量別SKUは登録しない。,https://www.npf.co.jp/dog-products/list/brand/01,false,要確認,該当なし,該当なし,official_catalog_series,content_variants_collapsed,false,,not_found_official,https://www.npf.co.jp/dog-products/vita_one_kun_soft,公式現行ビタワン君一覧にささみ入りミニ粒を確認できない。終売または名称変更候補。,2026-07-19
dog,pet_0123,,デビフ ささみ＆レバーミンチ 野菜入り,デビフ ささみ＆レバーミンチ 野菜入り,brand_dog_,デビフ,デビフペット,dog_food,犬用フード,dog_wet_food,dog・wet・food,シリーズ,容量違いは統合,A,公式カタログを参照した初期商品マスタ候補。内容量別SKUは登録しない。,https://www.dbfpet.co.jp/product-info/,true,要確認,該当なし,該当なし,official_catalog_series,content_variants_collapsed,false,,verified_active,https://www.dbfpet.co.jp/food-series/canning-150/,公式150g缶シリーズの製品一覧でささみ＆レバーミンチ野菜入りを確認。,2026-07-19
dog,pet_0124,,デビフ ささみ＆レバーミンチ 乳酸菌入り,デビフ ささみ＆レバーミンチ 乳酸菌入り,brand_dog_,デビフ,デビフペット,dog_food,犬用フード,dog_wet_food,dog・wet・food,シリーズ,容量違いは統合,A,公式カタログを参照した初期商品マスタ候補。内容量別SKUは登録しない。,https://www.dbfpet.co.jp/product-info/,false,要確認,該当なし,該当なし,official_catalog_series,content_variants_collapsed,false,,not_found_official,https://www.dbfpet.co.jp/product-info/,デビフ公式現行商品一覧にささみ＆レバーミンチ 乳酸菌入りを確認できない。,2026-07-19
dog,pet_0125,,デビフ 牛肉ミンチ,デビフ 牛肉ミンチ,brand_dog_,デビフ,デビフペット,dog_food,犬用フード,dog_wet_food,dog・wet・food,シリーズ,容量違いは統合,A,公式カタログを参照した初期商品マスタ候補。内容量別SKUは登録しない。,https://www.dbfpet.co.jp/product-info/,false,要確認,該当なし,該当なし,official_catalog_series,content_variants_collapsed,false,,not_found_official,https://www.dbfpet.co.jp/product-info/,デビフ公式現行商品一覧に牛肉ミンチを確認できない。,2026-07-19
dog,pet_0126,,デビフ 牛肉ミンチ 野菜入り,デビフ 牛肉ミンチ 野菜入り,brand_dog_,デビフ,デビフペット,dog_food,犬用フード,dog_wet_food,dog・wet・food,シリーズ,容量違いは統合,A,公式カタログを参照した初期商品マスタ候補。内容量別SKUは登録しない。,https://www.dbfpet.co.jp/product-info/,false,要確認,該当なし,該当なし,official_catalog_series,content_variants_collapsed,false,,not_found_official,https://www.dbfpet.co.jp/product-info/,デビフ公式現行商品一覧に牛肉ミンチ 野菜入りを確認できない。,2026-07-19
dog,pet_0127,,デビフ 馬肉のスープ煮,デビフ 馬肉のスープ煮,brand_dog_,デビフ,デビフペット,dog_food,犬用フード,dog_wet_food,dog・wet・food,シリーズ,容量違いは統合,A,公式カタログを参照した初期商品マスタ候補。内容量別SKUは登録しない。,https://www.dbfpet.co.jp/product-info/,false,要確認,該当なし,該当なし,official_catalog_series,content_variants_collapsed,false,,not_found_official,https://www.dbfpet.co.jp/product-info/,デビフ公式現行商品一覧に馬肉のスープ煮を確認できない。,2026-07-19
dog,pet_0128,,デビフ 鶏肉＆野菜,デビフ 鶏肉＆野菜,brand_dog_,デビフ,デビフペット,dog_food,犬用フード,dog_wet_food,dog・wet・food,シリーズ,容量違いは統合,A,公式カタログを参照した初期商品マスタ候補。内容量別SKUは登録しない。,https://www.dbfpet.co.jp/product-info/,false,要確認,該当なし,該当なし,official_catalog_series,content_variants_collapsed,false,,not_found_official,https://www.dbfpet.co.jp/product-info/,デビフ公式現行商品一覧に鶏肉＆野菜を確認できない。,2026-07-19
dog,pet_0129,,デビフ シニア犬の食事 ささみ＆すりおろし野菜,デビフ シニア犬の食事 ささみ＆すりおろし野菜,brand_dog_,デビフ,デビフペット,dog_food,犬用フード,dog_wet_food,dog・wet・food,シリーズ,容量違いは統合,A,公式カタログを参照した初期商品マスタ候補。内容量別SKUは登録しない。,https://www.dbfpet.co.jp/product-info/,false,要確認,該当なし,該当なし,official_catalog_series,content_variants_collapsed,false,,not_found_official,https://www.dbfpet.co.jp/product-info/,デビフ公式現行商品一覧にシニア犬の食事 ささみ＆すりおろし野菜を確認できない。,2026-07-19
dog,pet_0130,,デビフ 子犬の離乳食,デビフ 子犬の離乳食,brand_dog_,デビフ,デビフペット,dog_food,犬用フード,dog_wet_food,dog・wet・food,シリーズ,容量違いは統合,A,公式カタログを参照した初期商品マスタ候補。内容量別SKUは登録しない。,https://www.dbfpet.co.jp/product-info/,false,要確認,該当なし,該当なし,official_catalog_series,content_variants_collapsed,false,,not_found_official,https://www.dbfpet.co.jp/product-info/,デビフ公式現行商品一覧に子犬の離乳食を確認できない。,2026-07-19
dog,pet_0131,,デビフ カロリーエースプラス 犬用流動食,デビフ カロリーエースプラス 犬用流動食,brand_dog_,デビフ,デビフペット,dog_food,犬用フード,dog_wet_food,dog・wet・food,シリーズ,容量違いは統合,A,公式カタログを参照した初期商品マスタ候補。内容量別SKUは登録しない。,https://www.dbfpet.co.jp/product-info/,false,要確認,該当なし,該当なし,official_catalog_series,content_variants_collapsed,false,,not_found_official,https://www.dbfpet.co.jp/product-info/,デビフ公式現行商品一覧にカロリーエースプラス 犬用流動食を確認できない。,2026-07-19
dog,pet_0132,,ちゅ〜るごはん とりささみ,ちゅ〜るごはん とりささみ,brand_dog_,いなば,いなばペットフード,dog_food,犬用フード,dog_treat,dog・treat,シリーズ,容量違いは統合,A,公式カタログを参照した初期商品マスタ候補。内容量別SKUは登録しない。,https://www.inaba-petfood.co.jp/product/dog/,true,要確認,該当なし,該当なし,official_catalog_series,content_variants_collapsed,false,,verified_active,https://www.inaba-petfood.co.jp/product/dog/,いなば公式ドッグフードカタログでちゅ～るごはんシリーズを確認。,2026-07-19
dog,pet_0133,,ちゅ〜るごはん とりささみ・緑黄色野菜,ちゅ〜るごはん とりささみ・緑黄色野菜,brand_dog_,いなば,いなばペットフード,dog_food,犬用フード,dog_treat,dog・treat,シリーズ,容量違いは統合,A,公式カタログを参照した初期商品マスタ候補。内容量別SKUは登録しない。,https://www.inaba-petfood.co.jp/product/dog/,false,要確認,該当なし,該当なし,official_catalog_series,content_variants_collapsed,false,,not_found_official,https://www.inaba-petfood.co.jp/product/dog/,Unicode正規化済みの公式現行カタログでちゅ～るごはん とりささみ・緑黄色野菜を確認できない。,2026-07-19
dog,pet_0134,,ちゅ〜る とりささみ,ちゅ〜る とりささみ,brand_dog_,いなば,いなばペットフード,dog_food,犬用フード,dog_treat,dog・treat,シリーズ,容量違いは統合,A,公式カタログを参照した初期商品マスタ候補。内容量別SKUは登録しない。,https://www.inaba-petfood.co.jp/product/dog/,false,要確認,該当なし,該当なし,official_catalog_series,content_variants_collapsed,false,,not_found_official,https://www.inaba-petfood.co.jp/product/dog/,Unicode正規化済みの公式現行カタログでちゅ～る とりささみを確認できない。,2026-07-19
dog,pet_0135,,ちゅ〜る とりささみ チーズ入り,ちゅ〜る とりささみ チーズ入り,brand_dog_,いなば,いなばペットフード,dog_food,犬用フード,dog_treat,dog・treat,シリーズ,容量違いは統合,A,公式カタログを参照した初期商品マスタ候補。内容量別SKUは登録しない。,https://www.inaba-petfood.co.jp/product/dog/,false,要確認,該当なし,該当なし,official_catalog_series,content_variants_collapsed,false,,not_found_official,https://www.inaba-petfood.co.jp/product/dog/,Unicode正規化済みの公式現行カタログでちゅ～る とりささみ チーズ入りを確認できない。,2026-07-19
dog,pet_0136,,ちゅ〜る とりささみ 緑黄色野菜入り,ちゅ〜る とりささみ 緑黄色野菜入り,brand_dog_,いなば,いなばペットフード,dog_food,犬用フード,dog_treat,dog・treat,シリーズ,容量違いは統合,A,公式カタログを参照した初期商品マスタ候補。内容量別SKUは登録しない。,https://www.inaba-petfood.co.jp/product/dog/,false,要確認,該当なし,該当なし,official_catalog_series,content_variants_collapsed,false,,not_found_official,https://www.inaba-petfood.co.jp/product/dog/,Unicode正規化済みの公式現行カタログでちゅ～る とりささみ 緑黄色野菜入りを確認できない。,2026-07-19
dog,pet_0137,,ちゅ〜るビッツ とりささみ,ちゅ〜るビッツ とりささみ,brand_dog_,いなば,いなばペットフード,dog_food,犬用フード,dog_treat,dog・treat,シリーズ,容量違いは統合,A,公式カタログを参照した初期商品マスタ候補。内容量別SKUは登録しない。,https://www.inaba-petfood.co.jp/product/dog/,true,要確認,該当なし,該当なし,official_catalog_series,content_variants_collapsed,false,,verified_active,https://www.inaba-petfood.co.jp/product/dog/,いなば公式ドッグフードカタログでちゅ～るビッツシリーズを確認。,2026-07-19
dog,pet_0138,,ちゅ〜るボール とりささみ,ちゅ〜るボール とりささみ,brand_dog_,いなば,いなばペットフード,dog_food,犬用フード,dog_treat,dog・treat,シリーズ,容量違いは統合,A,公式カタログを参照した初期商品マスタ候補。内容量別SKUは登録しない。,https://www.inaba-petfood.co.jp/product/dog/,true,要確認,該当なし,該当なし,official_catalog_series,content_variants_collapsed,false,,verified_active,https://www.inaba-petfood.co.jp/product/detail/%E3%81%A1%E3%82%85%EF%BD%9E%E3%82%8B%E3%83%9C%E3%83%BC%E3%83%AB/11036,いなば公式商品ページでちゅ～るボール とりささみ チーズ入りを確認。プロダクトはとりささみとして統合。,2026-07-19
dog,pet_0139,,国産いなば 総合栄養食 チキン・野菜入り,国産いなば 総合栄養食 チキン・野菜入り,brand_dog_,いなば,いなばペットフード,dog_food,犬用フード,dog_treat,dog・treat,シリーズ,容量違いは統合,A,公式カタログを参照した初期商品マスタ候補。内容量別SKUは登録しない。,https://www.inaba-petfood.co.jp/product/dog/,false,要確認,該当なし,該当なし,official_catalog_series,content_variants_collapsed,false,,not_found_official,https://www.inaba-petfood.co.jp/product/dog/,Unicode正規化済みの公式現行カタログで国産いなば 総合栄養食 チキン・野菜入りを確認できない。,2026-07-19
rabbit,pet_0140,,バニーセレクション シニア,バニーセレクション シニア,brand_rabbit_,イースター,イースター,rabbit_food,うさぎ用フード,rabbit_pellet,rabbit・pellet,シリーズ,容量違いは統合,A,公式カタログを参照した初期商品マスタ候補。内容量別SKUは登録しない。,https://www.npf.co.jp/products/smallfood/,true,要確認,該当なし,該当なし,official_catalog_series,content_variants_collapsed,false,,verified_active,https://www.yeaster.co.jp/products/rabbitfood/brand/14,公式ラインアップでバニーセレクション シニア・うさぎ用・5歳以上を確認。,2026-07-19
rabbit,pet_0141,,バニーセレクション スーパーシニア,バニーセレクション スーパーシニア,brand_rabbit_,イースター,イースター,rabbit_food,うさぎ用フード,rabbit_pellet,rabbit・pellet,シリーズ,容量違いは統合,A,公式カタログを参照した初期商品マスタ候補。内容量別SKUは登録しない。,https://www.npf.co.jp/products/smallfood/,true,要確認,該当なし,該当なし,official_catalog_series,content_variants_collapsed,false,,verified_active,https://www.yeaster.co.jp/products/rabbitfood/brand/14,公式ラインアップでバニーセレクション スーパーシニア・うさぎ用・7歳からを確認。,2026-07-19
rabbit,pet_0142,,バニーセレクション ネザーランドドワーフ専用,バニーセレクション ネザーランドドワーフ専用,brand_rabbit_,イースター,イースター,rabbit_food,うさぎ用フード,rabbit_pellet,rabbit・pellet,シリーズ,容量違いは統合,A,公式カタログを参照した初期商品マスタ候補。内容量別SKUは登録しない。,https://www.npf.co.jp/products/smallfood/,true,要確認,該当なし,該当なし,official_catalog_series,content_variants_collapsed,false,,verified_active,https://www.yeaster.co.jp/products/rabbitfood/brand/14,公式ラインアップでネザーランドドワーフ専用を確認。,2026-07-19
rabbit,pet_0143,,バニーセレクション ロップイヤー専用,バニーセレクション ロップイヤー専用,brand_rabbit_,イースター,イースター,rabbit_food,うさぎ用フード,rabbit_pellet,rabbit・pellet,シリーズ,容量違いは統合,A,公式カタログを参照した初期商品マスタ候補。内容量別SKUは登録しない。,https://www.npf.co.jp/products/smallfood/,true,要確認,該当なし,該当なし,official_catalog_series,content_variants_collapsed,false,,verified_active,https://www.yeaster.co.jp/products/rabbitfood/category/77,公式一覧でロップイヤー専用を確認。,2026-07-19
rabbit,pet_0144,,バニーセレクション メンテナンス チモシー,バニーセレクション メンテナンス チモシー,brand_rabbit_,イースター,イースター,rabbit_food,うさぎ用フード,rabbit_pellet,rabbit・pellet,シリーズ,容量違いは統合,A,公式カタログを参照した初期商品マスタ候補。内容量別SKUは登録しない。,https://www.npf.co.jp/products/smallfood/,true,要確認,該当なし,該当なし,official_catalog_series,content_variants_collapsed,false,,verified_active,https://www.yeaster.co.jp/products/rabbitfood/item/102,イースター公式商品ページでバニーセレクション メンテナンスを確認。チモシー牧草主原料の表記を含むプロダクトとして確認。,2026-07-19
rabbit,pet_0145,,バニーセレクション プロ グロース,バニーセレクション プロ グロース,brand_rabbit_,イースター,イースター,rabbit_food,うさぎ用フード,rabbit_pellet,rabbit・pellet,シリーズ,容量違いは統合,A,公式カタログを参照した初期商品マスタ候補。内容量別SKUは登録しない。,https://www.npf.co.jp/products/smallfood/,true,要確認,該当なし,該当なし,official_catalog_series,content_variants_collapsed,false,,verified_active,https://www.yeaster.co.jp/products/rabbitfood/brand/20,公式ラインアップでバニーセレクションプロ グロース・生後7ヵ月までを確認。,2026-07-19
rabbit,pet_0146,,バニーセレクション プロ メンテナンス,バニーセレクション プロ メンテナンス,brand_rabbit_,イースター,イースター,rabbit_food,うさぎ用フード,rabbit_pellet,rabbit・pellet,シリーズ,容量違いは統合,A,公式カタログを参照した初期商品マスタ候補。内容量別SKUは登録しない。,https://www.npf.co.jp/products/smallfood/,true,要確認,該当なし,該当なし,official_catalog_series,content_variants_collapsed,false,,verified_active,https://www.yeaster.co.jp/products/rabbitfood/brand/20,公式ラインアップでバニーセレクションプロ メンテナンス・生後7ヵ月以上を確認。,2026-07-19
rabbit,pet_0147,,バニーセレクション プロ シニア,バニーセレクション プロ シニア,brand_rabbit_,イースター,イースター,rabbit_food,うさぎ用フード,rabbit_pellet,rabbit・pellet,シリーズ,容量違いは統合,A,公式カタログを参照した初期商品マスタ候補。内容量別SKUは登録しない。,https://www.npf.co.jp/products/smallfood/,true,要確認,該当なし,該当なし,official_catalog_series,content_variants_collapsed,false,,verified_active,https://www.yeaster.co.jp/products/rabbitfood/brand/20,公式ラインアップでバニーセレクションプロ シニア・5歳以上を確認。,2026-07-19
rabbit,pet_0148,,チモシーの恵,チモシーの恵,brand_rabbit_,ハイペット,ハイペット,rabbit_food,うさぎ用フード,rabbit_hay_treat,rabbit・hay・treat,シリーズ,容量違いは統合,A,公式カタログを参照した初期商品マスタ候補。内容量別SKUは登録しない。,https://www.npf.co.jp/products/smallfood/,true,要確認,該当なし,該当なし,official_catalog_series,content_variants_collapsed,false,,verified_active,https://www.hipet.co.jp/product/%E3%83%81%E3%83%A2%E3%82%B7%E3%83%BC%E3%81%AE%E6%81%B5/,ハイペット公式商品ページでチモシーの恵を確認。,2026-07-19
rabbit,pet_0149,,チモシーの恵 フィールド,チモシーの恵 フィールド,brand_rabbit_,ハイペット,ハイペット,rabbit_food,うさぎ用フード,rabbit_hay_treat,rabbit・hay・treat,シリーズ,容量違いは統合,A,公式カタログを参照した初期商品マスタ候補。内容量別SKUは登録しない。,https://www.npf.co.jp/products/smallfood/,false,要確認,該当なし,該当なし,official_catalog_series,content_variants_collapsed,false,,not_found_official,https://www.hipet.co.jp/product/%E3%83%81%E3%83%A2%E3%82%B7%E3%83%BC%E3%81%AE%E6%81%B5/,ハイペット公式現行商品ページと公式サイト検索にチモシーの恵 フィールドを確認できない。,2026-07-19
rabbit,pet_0150,,うさぎのきわみ,うさぎのきわみ,brand_rabbit_,ハイペット,ハイペット,rabbit_food,うさぎ用フード,rabbit_hay_treat,rabbit・hay・treat,シリーズ,容量違いは統合,A,公式カタログを参照した初期商品マスタ候補。内容量別SKUは登録しない。,https://www.npf.co.jp/products/smallfood/,true,要確認,該当なし,該当なし,official_catalog_series,content_variants_collapsed,false,,verified_active,https://www.hipet.co.jp/product/%E3%81%86%E3%81%95%E3%81%8E%E3%81%AE%E3%81%8D%E3%82%8F%E3%81%BF-850g/,ハイペット公式商品ページでうさぎのきわみを確認。容量違いは統合。,2026-07-19
rabbit,pet_0151,,うさぎのきわみ トリーツ毛玉ケア,うさぎのきわみ トリーツ毛玉ケア,brand_rabbit_,ハイペット,ハイペット,rabbit_food,うさぎ用フード,rabbit_hay_treat,rabbit・hay・treat,シリーズ,容量違いは統合,A,公式カタログを参照した初期商品マスタ候補。内容量別SKUは登録しない。,https://www.npf.co.jp/products/smallfood/,true,要確認,該当なし,該当なし,official_catalog_series,content_variants_collapsed,false,,verified_active,https://www.hipet.co.jp/en/product/%E8%8B%B1%E8%AA%9E%E3%80%80%E3%81%86%E3%81%95%E3%81%8E%E3%81%AE%E3%81%8D%E3%82%8F%E3%81%BF%E3%83%88%E3%83%AA%E3%83%BC%E3%83%84%E6%AF%9B%E7%8E%89%E3%82%B1%E3%82%A2%E3%80%80%EF%BC%91%EF%BC%90%EF%BC%90/,ハイペット公式商品ページでうさぎのきわみ トリーツ毛玉ケアを確認。,2026-07-19
rabbit,pet_0152,,パスチャーチモシー,パスチャーチモシー,brand_rabbit_,ハイペット,ハイペット,rabbit_food,うさぎ用フード,rabbit_hay_treat,rabbit・hay・treat,シリーズ,容量違いは統合,A,公式カタログを参照した初期商品マスタ候補。内容量別SKUは登録しない。,https://www.npf.co.jp/products/smallfood/,true,要確認,該当なし,該当なし,official_catalog_series,content_variants_collapsed,false,,verified_active,https://www.hipet.co.jp/product/%E3%83%91%E3%82%B9%E3%83%81%E3%83%A3%E3%83%BC%E3%83%81%E3%83%A2%E3%82%B7%E3%83%BC/,ハイペット公式商品ページでパスチャーチモシーを確認。,2026-07-19
rabbit,pet_0153,,パスチャーアルファルファ,パスチャーアルファルファ,brand_rabbit_,ハイペット,ハイペット,rabbit_food,うさぎ用フード,rabbit_hay_treat,rabbit・hay・treat,シリーズ,容量違いは統合,A,公式カタログを参照した初期商品マスタ候補。内容量別SKUは登録しない。,https://www.npf.co.jp/products/smallfood/,true,要確認,該当なし,該当なし,official_catalog_series,content_variants_collapsed,false,,verified_active,https://www.hipet.co.jp/product/%E3%83%91%E3%82%B9%E3%83%81%E3%83%A3%E3%83%BC%E3%82%A2%E3%83%AB%E3%83%95%E3%82%A1%E3%83%AB%E3%83%95%E3%82%A1/,ハイペット公式商品ページでパスチャーアルファルファを確認。,2026-07-19
rabbit,pet_0154,,恵 バイタルラビット,恵 バイタルラビット,brand_rabbit_,ハイペット,ハイペット,rabbit_food,うさぎ用フード,rabbit_hay_treat,rabbit・hay・treat,シリーズ,容量違いは統合,A,公式カタログを参照した初期商品マスタ候補。内容量別SKUは登録しない。,https://www.npf.co.jp/products/smallfood/,true,要確認,該当なし,該当なし,official_catalog_series,content_variants_collapsed,false,,verified_active,https://www.hipet.co.jp/product/%E6%81%B5%E3%83%90%E3%82%A4%E3%82%BF%E3%83%AB%E3%83%A9%E3%83%93%E3%83%83%E3%83%88300g/,ハイペット公式商品ページで恵バイタルラビットを確認。,2026-07-19
rabbit,pet_0155,,うさぎのヘルシープレミアム,うさぎのヘルシープレミアム,brand_rabbit_,ハイペット,ハイペット,rabbit_food,うさぎ用フード,rabbit_hay_treat,rabbit・hay・treat,シリーズ,容量違いは統合,A,公式カタログを参照した初期商品マスタ候補。内容量別SKUは登録しない。,https://www.npf.co.jp/products/smallfood/,false,要確認,該当なし,該当なし,official_catalog_series,content_variants_collapsed,false,,not_found_official,https://www.hipet.co.jp/,ハイペット公式現行商品ページと公式サイト検索にうさぎのヘルシープレミアムを確認できない。,2026-07-19
rabbit,pet_0156,,ラビジョン ラビットフード オールステージ,ラビジョン ラビットフード オールステージ,brand_rabbit_,日本ペットフード,日本ペットフード,rabbit_food,うさぎ用フード,rabbit_pellet,rabbit・pellet,シリーズ,容量違いは統合,A,公式カタログを参照した初期商品マスタ候補。内容量別SKUは登録しない。,https://www.npf.co.jp/products/smallfood/,true,要確認,該当なし,該当なし,official_catalog_series,content_variants_collapsed,false,,verified_active,https://www.npf.co.jp/lovision/index.html,公式ブランドページでラビジョン ラビットフード オールステージを確認。,2026-07-19
rabbit,pet_0157,,ラビジョン ラビットフード 5歳からのシニア,ラビジョン ラビットフード 5歳からのシニア,brand_rabbit_,日本ペットフード,日本ペットフード,rabbit_food,うさぎ用フード,rabbit_pellet,rabbit・pellet,シリーズ,容量違いは統合,A,公式カタログを参照した初期商品マスタ候補。内容量別SKUは登録しない。,https://www.npf.co.jp/products/smallfood/,true,要確認,該当なし,該当なし,official_catalog_series,content_variants_collapsed,false,,verified_active,https://www.npf.co.jp/lovision/index.html,公式ブランドページでラビジョン ラビットフード 5歳からのシニアを確認。,2026-07-19
rabbit,pet_0158,,ラビットフード コンフィデンス,ラビットフード コンフィデンス,brand_rabbit_,日本ペットフード,日本ペットフード,rabbit_food,うさぎ用フード,rabbit_pellet,rabbit・pellet,シリーズ,容量違いは統合,A,公式カタログを参照した初期商品マスタ候補。内容量別SKUは登録しない。,https://www.npf.co.jp/products/smallfood/,false,要確認,該当なし,該当なし,official_catalog_series,content_variants_collapsed,false,,not_found_official,https://www.npf.co.jp/smallanimal-products/rabbit,日本ペットフード公式現行うさぎフード一覧にラビットフード コンフィデンスを確認できない。,2026-07-19
rabbit,pet_0159,,ラビットフード ヘルシープレミアム,ラビットフード ヘルシープレミアム,brand_rabbit_,日本ペットフード,日本ペットフード,rabbit_food,うさぎ用フード,rabbit_pellet,rabbit・pellet,シリーズ,容量違いは統合,A,公式カタログを参照した初期商品マスタ候補。内容量別SKUは登録しない。,https://www.npf.co.jp/products/smallfood/,false,要確認,該当なし,該当なし,official_catalog_series,content_variants_collapsed,false,,discontinued,https://www.npf.co.jp/news,日本ペットフード公式お知らせ一覧でラビットフード ヘルシープレミアムの終売告知を確認。,2026-07-19
rabbit,pet_0160,,ラビットフード チモシー,ラビットフード チモシー,brand_rabbit_,日本ペットフード,日本ペットフード,rabbit_food,うさぎ用フード,rabbit_pellet,rabbit・pellet,シリーズ,容量違いは統合,A,公式カタログを参照した初期商品マスタ候補。内容量別SKUは登録しない。,https://www.npf.co.jp/products/smallfood/,false,要確認,該当なし,該当なし,official_catalog_series,content_variants_collapsed,false,,not_found_official,https://www.npf.co.jp/smallanimal-products/rabbit,日本ペットフード公式現行うさぎフード一覧にラビットフード チモシーを確認できない。,2026-07-19
small_mammal,pet_0161,,ひかりハムハム,ひかりハムハム,brand_small_mammal_,キョーリン,キョーリン,small_mammal_food,小動物用フード,hamster_food,hamster・food,シリーズ,容量違いは統合,A,公式カタログを参照した初期商品マスタ候補。内容量別SKUは登録しない。,https://www.kyorin-net.co.jp/product/index.html,true,要確認,該当なし,該当なし,official_catalog_series,content_variants_collapsed,false,,verified_active,https://www.kyorin-net.co.jp/animal/an06.html,公式商品ページでひかりハムハム・全ハムスター用・全年齢対応完全栄養食を確認。,2026-07-19
small_mammal,pet_0162,,ひかりハムハム 寿,ひかりハムハム 寿,brand_small_mammal_,キョーリン,キョーリン,small_mammal_food,小動物用フード,hamster_food,hamster・food,シリーズ,容量違いは統合,A,公式カタログを参照した初期商品マスタ候補。内容量別SKUは登録しない。,https://www.kyorin-net.co.jp/product/index.html,false,要確認,該当なし,該当なし,official_catalog_series,content_variants_collapsed,false,,not_found_official,https://www.kyorin-net.co.jp/product/index.html,キョーリン公式現行商品一覧にひかりハムハム 寿を確認できない。,2026-07-19
small_mammal,pet_0163,,ひかりハムハム クッキー,ひかりハムハム クッキー,brand_small_mammal_,キョーリン,キョーリン,small_mammal_food,小動物用フード,hamster_food,hamster・food,シリーズ,容量違いは統合,A,公式カタログを参照した初期商品マスタ候補。内容量別SKUは登録しない。,https://www.kyorin-net.co.jp/product/index.html,false,要確認,該当なし,該当なし,official_catalog_series,content_variants_collapsed,false,,not_found_official,https://www.kyorin-net.co.jp/product/index.html,キョーリン公式現行商品一覧にひかりハムハム クッキーを確認できない。,2026-07-19
small_mammal,pet_0164,,ハムスターの主食,ハムスターの主食,brand_small_mammal_,キョーリン,キョーリン,small_mammal_food,小動物用フード,hamster_food,hamster・food,シリーズ,容量違いは統合,A,公式カタログを参照した初期商品マスタ候補。内容量別SKUは登録しない。,https://www.kyorin-net.co.jp/product/index.html,false,要確認,該当なし,該当なし,official_catalog_series,content_variants_collapsed,false,,not_found_official,https://www.kyorin-net.co.jp/product/index.html,キョーリン公式現行商品一覧にハムスターの主食を確認できない。,2026-07-19
small_mammal,pet_0165,,ハムスターの主食 スペシャル,ハムスターの主食 スペシャル,brand_small_mammal_,キョーリン,キョーリン,small_mammal_food,小動物用フード,hamster_food,hamster・food,シリーズ,容量違いは統合,A,公式カタログを参照した初期商品マスタ候補。内容量別SKUは登録しない。,https://www.kyorin-net.co.jp/product/index.html,false,要確認,該当なし,該当なし,official_catalog_series,content_variants_collapsed,false,,not_found_official,https://www.kyorin-net.co.jp/product/index.html,キョーリン公式現行商品一覧にハムスターの主食 スペシャルを確認できない。,2026-07-19
small_mammal,pet_0166,,ハムスターのまんま,ハムスターのまんま,brand_small_mammal_,キョーリン,キョーリン,small_mammal_food,小動物用フード,hamster_food,hamster・food,シリーズ,容量違いは統合,A,公式カタログを参照した初期商品マスタ候補。内容量別SKUは登録しない。,https://www.kyorin-net.co.jp/product/index.html,false,要確認,該当なし,該当なし,official_catalog_series,content_variants_collapsed,false,,not_found_official,https://www.kyorin-net.co.jp/product/index.html,キョーリン公式現行商品一覧にハムスターのまんまを確認できない。,2026-07-19
small_mammal,pet_0167,,ハムスターのまんま スペシャル,ハムスターのまんま スペシャル,brand_small_mammal_,キョーリン,キョーリン,small_mammal_food,小動物用フード,hamster_food,hamster・food,シリーズ,容量違いは統合,A,公式カタログを参照した初期商品マスタ候補。内容量別SKUは登録しない。,https://www.kyorin-net.co.jp/product/index.html,false,要確認,該当なし,該当なし,official_catalog_series,content_variants_collapsed,false,,not_found_official,https://www.kyorin-net.co.jp/product/index.html,キョーリン公式現行商品一覧にハムスターのまんま スペシャルを確認できない。,2026-07-19
small_mammal,pet_0168,,リックゼリー,リックゼリー,brand_small_mammal_,キョーリン,キョーリン,small_mammal_food,小動物用フード,hamster_food,hamster・food,シリーズ,容量違いは統合,A,公式カタログを参照した初期商品マスタ候補。内容量別SKUは登録しない。,https://www.kyorin-net.co.jp/product/index.html,true,要確認,該当なし,該当なし,official_catalog_series,content_variants_collapsed,false,,verified_active,https://www.kyorin-net.co.jp/product/index.html,キョーリン公式商品一覧でリックゼリーを確認。,2026-07-19
small_mammal,pet_0169,,ひかりハリネズ,ひかりハリネズ,brand_small_mammal_,キョーリン,キョーリン,small_mammal_food,小動物用フード,hamster_food,hamster・food,シリーズ,容量違いは統合,A,公式カタログを参照した初期商品マスタ候補。内容量別SKUは登録しない。,https://www.kyorin-net.co.jp/product/index.html,true,要確認,該当なし,該当なし,official_catalog_series,content_variants_collapsed,false,,verified_active,https://www.kyorin-net.co.jp/animal/index.html,公式小動物用飼料一覧でひかりハリネズを確認。,2026-07-19
small_mammal,pet_0170,,ひかりハリネズ 群れのごちそう,ひかりハリネズ 群れのごちそう,brand_small_mammal_,キョーリン,キョーリン,small_mammal_food,小動物用フード,hamster_food,hamster・food,シリーズ,容量違いは統合,A,公式カタログを参照した初期商品マスタ候補。内容量別SKUは登録しない。,https://www.kyorin-net.co.jp/product/index.html,false,要確認,該当なし,該当なし,official_catalog_series,content_variants_collapsed,false,,not_found_official,https://www.kyorin-net.co.jp/product/index.html,キョーリン公式現行商品一覧にひかりハリネズ 群れのごちそうを確認できない。,2026-07-19
small_mammal,pet_0171,,ハムスターセレクション,ハムスターセレクション,brand_small_mammal_,イースター,イースター,small_mammal_food,小動物用フード,small_mammal_pellet,small・mammal・pellet,シリーズ,容量違いは統合,A,公式カタログを参照した初期商品マスタ候補。内容量別SKUは登録しない。,https://www.npf.co.jp/products/smallfood/,true,要確認,該当なし,該当なし,official_catalog_series,content_variants_collapsed,false,,verified_active,https://www.yeaster.co.jp/products/smallanimalfood/brand/15,公式ラインアップでハムスターセレクションを確認。,2026-07-19
small_mammal,pet_0172,,ハムスターセレクション パフォーマンス,ハムスターセレクション パフォーマンス,brand_small_mammal_,イースター,イースター,small_mammal_food,小動物用フード,small_mammal_pellet,small・mammal・pellet,シリーズ,容量違いは統合,A,公式カタログを参照した初期商品マスタ候補。内容量別SKUは登録しない。,https://www.npf.co.jp/products/smallfood/,false,要確認,該当なし,該当なし,official_catalog_series,content_variants_collapsed,false,,not_found_official,https://www.yeaster.co.jp/products/smallanimalfood/brand/15,イースター公式現行ラインアップにハムスターセレクション パフォーマンスを確認できない。,2026-07-19
small_mammal,pet_0173,,モルモットセレクション シニア,モルモットセレクション シニア,brand_small_mammal_,イースター,イースター,small_mammal_food,小動物用フード,small_mammal_pellet,small・mammal・pellet,シリーズ,容量違いは統合,A,公式カタログを参照した初期商品マスタ候補。内容量別SKUは登録しない。,https://www.npf.co.jp/products/smallfood/,false,要確認,該当なし,該当なし,official_catalog_series,content_variants_collapsed,false,,not_found_official,https://www.yeaster.co.jp/products/smallanimalfood/brand/15,イースター公式現行ラインアップにモルモットセレクション シニアを確認できない。,2026-07-19
small_mammal,pet_0174,,モルモットセレクション プロ,モルモットセレクション プロ,brand_small_mammal_,イースター,イースター,small_mammal_food,小動物用フード,small_mammal_pellet,small・mammal・pellet,シリーズ,容量違いは統合,A,公式カタログを参照した初期商品マスタ候補。内容量別SKUは登録しない。,https://www.npf.co.jp/products/smallfood/,true,要確認,該当なし,該当なし,official_catalog_series,content_variants_collapsed,false,,verified_active,https://www.yeaster.co.jp/news/detail/62,公式新商品案内でモルモットセレクションプロを確認。,2026-07-19
small_mammal,pet_0175,,チンチラセレクション プロ,チンチラセレクション プロ,brand_small_mammal_,イースター,イースター,small_mammal_food,小動物用フード,small_mammal_pellet,small・mammal・pellet,シリーズ,容量違いは統合,A,公式カタログを参照した初期商品マスタ候補。内容量別SKUは登録しない。,https://www.npf.co.jp/products/smallfood/,true,要確認,該当なし,該当なし,official_catalog_series,content_variants_collapsed,false,,verified_active,https://www.yeaster.co.jp/news/detail/62,公式新商品案内でチンチラセレクションプロを確認。,2026-07-19
small_mammal,pet_0176,,デグーセレクション プロ,デグーセレクション プロ,brand_small_mammal_,イースター,イースター,small_mammal_food,小動物用フード,small_mammal_pellet,small・mammal・pellet,シリーズ,容量違いは統合,A,公式カタログを参照した初期商品マスタ候補。内容量別SKUは登録しない。,https://www.npf.co.jp/products/smallfood/,true,要確認,該当なし,該当なし,official_catalog_series,content_variants_collapsed,false,,verified_active,https://www.yeaster.co.jp/news/detail/62,公式新商品案内でデグーセレクションプロを確認。,2026-07-19
small_mammal,pet_0177,,ハリネズミセレクション,ハリネズミセレクション,brand_small_mammal_,イースター,イースター,small_mammal_food,小動物用フード,small_mammal_pellet,small・mammal・pellet,シリーズ,容量違いは統合,A,公式カタログを参照した初期商品マスタ候補。内容量別SKUは登録しない。,https://www.npf.co.jp/products/smallfood/,true,要確認,該当なし,該当なし,official_catalog_series,content_variants_collapsed,false,,verified_active,https://www.yeaster.co.jp/products/smallanimalfood/brand/15,公式ラインアップでハリネズミセレクションを確認。,2026-07-19
small_mammal,pet_0178,,ハムスターの主食 ミックスフード,ハムスターの主食 ミックスフード,brand_small_mammal_,マルカン,マルカン,small_mammal_food,小動物用フード,small_mammal_food,small・mammal・food,シリーズ,容量違いは統合,A,公式カタログを参照した初期商品マスタ候補。内容量別SKUは登録しない。,https://www.marukan.org/,false,要確認,該当なし,該当なし,official_catalog_series,content_variants_collapsed,false,,not_found_official,https://page.mkgr.jp/product/category-1425/,マルカン公式現行ミニマルPRO一覧にハムスターの主食 ミックスフードを確認できない。現行掲載はリス・ハムの主食ミックスフードPRO。,2026-07-19
small_mammal,pet_0179,,ハムスターの主食 おいしい野菜ミックス,ハムスターの主食 おいしい野菜ミックス,brand_small_mammal_,マルカン,マルカン,small_mammal_food,小動物用フード,small_mammal_food,small・mammal・food,シリーズ,容量違いは統合,A,公式カタログを参照した初期商品マスタ候補。内容量別SKUは登録しない。,https://www.marukan.org/,false,要確認,該当なし,該当なし,official_catalog_series,content_variants_collapsed,false,,not_found_official,https://page.mkgr.jp/product/category-1425/,マルカン公式現行ミニマルPRO一覧にハムスターの主食 おいしい野菜ミックスを確認できない。,2026-07-19
small_mammal,pet_0180,,ハムスターの主食 おいしい穀物ミックス,ハムスターの主食 おいしい穀物ミックス,brand_small_mammal_,マルカン,マルカン,small_mammal_food,小動物用フード,small_mammal_food,small・mammal・food,シリーズ,容量違いは統合,A,公式カタログを参照した初期商品マスタ候補。内容量別SKUは登録しない。,https://www.marukan.org/,false,要確認,該当なし,該当なし,official_catalog_series,content_variants_collapsed,false,,not_found_official,https://page.mkgr.jp/product/category-1425/,マルカン公式現行ミニマルPRO一覧にハムスターの主食 おいしい穀物ミックスを確認できない。,2026-07-19
small_mammal,pet_0181,,リス・ハムの主食 ミックスフード,リス・ハムの主食 ミックスフード,brand_small_mammal_,マルカン,マルカン,small_mammal_food,小動物用フード,small_mammal_food,small・mammal・food,シリーズ,容量違いは統合,A,公式カタログを参照した初期商品マスタ候補。内容量別SKUは登録しない。,https://www.marukan.org/,true,要確認,該当なし,該当なし,official_catalog_series,content_variants_collapsed,false,,verified_active,https://page.mkgr.jp/?p=3937,マルカン公式商品ページでリス・ハムの主食ミックスフードを確認。容量違いは統合。,2026-07-19
small_mammal,pet_0182,,モルモットの主食,モルモットの主食,brand_small_mammal_,マルカン,マルカン,small_mammal_food,小動物用フード,small_mammal_food,small・mammal・food,シリーズ,容量違いは統合,A,公式カタログを参照した初期商品マスタ候補。内容量別SKUは登録しない。,https://www.marukan.org/,false,要確認,該当なし,該当なし,official_catalog_series,content_variants_collapsed,false,,not_found_official,https://page.mkgr.jp/product/small_animals/category-1342/,マルカン公式現行小動物フード一覧にモルモットの主食を確認できない。現行掲載はモルモットの主食逸品グルメ。,2026-07-19
small_mammal,pet_0183,,チンチラの主食,チンチラの主食,brand_small_mammal_,マルカン,マルカン,small_mammal_food,小動物用フード,small_mammal_food,small・mammal・food,シリーズ,容量違いは統合,A,公式カタログを参照した初期商品マスタ候補。内容量別SKUは登録しない。,https://www.marukan.org/,false,要確認,該当なし,該当なし,official_catalog_series,content_variants_collapsed,false,,not_found_official,https://page.mkgr.jp/product/small_animals/category-1342/,マルカン公式現行小動物フード一覧にチンチラの主食を確認できない。現行掲載はチンチラの主食逸品グルメ。,2026-07-19
small_mammal,pet_0184,,デグーの主食,デグーの主食,brand_small_mammal_,マルカン,マルカン,small_mammal_food,小動物用フード,small_mammal_food,small・mammal・food,シリーズ,容量違いは統合,A,公式カタログを参照した初期商品マスタ候補。内容量別SKUは登録しない。,https://www.marukan.org/,false,要確認,該当なし,該当なし,official_catalog_series,content_variants_collapsed,false,,not_found_official,https://page.mkgr.jp/product/small_animals/category-1342/,マルカン公式現行小動物フード一覧にデグーの主食を確認できない。現行掲載はデグーの主食逸品グルメ。,2026-07-19
small_mammal,pet_0185,,ハリネズミの主食,ハリネズミの主食,brand_small_mammal_,マルカン,マルカン,small_mammal_food,小動物用フード,small_mammal_food,small・mammal・food,シリーズ,容量違いは統合,A,公式カタログを参照した初期商品マスタ候補。内容量別SKUは登録しない。,https://www.marukan.org/,false,要確認,該当なし,該当なし,official_catalog_series,content_variants_collapsed,false,,not_found_official,https://page.mkgr.jp/product/small_animals/category-1342/,マルカン公式現行小動物フード一覧にハリネズミの主食を確認できない。現行掲載はハリネズミの主食逸品グルメおよびトリプルバランス。,2026-07-19
small_mammal,pet_0186,,小動物の果実ミックス,小動物の果実ミックス,brand_small_mammal_,マルカン,マルカン,small_mammal_food,小動物用フード,small_mammal_food,small・mammal・food,シリーズ,容量違いは統合,A,公式カタログを参照した初期商品マスタ候補。内容量別SKUは登録しない。,https://www.marukan.org/,false,要確認,該当なし,該当なし,official_catalog_series,content_variants_collapsed,false,,not_found_official,https://page.mkgr.jp/product/category-1425/,マルカン公式現行ミニマルPRO一覧に小動物の果実ミックスを確認できない。現行掲載はフルーツミックスPRO。,2026-07-19
small_mammal,pet_0187,,小動物の野菜ミックス,小動物の野菜ミックス,brand_small_mammal_,マルカン,マルカン,small_mammal_food,小動物用フード,small_mammal_food,small・mammal・food,シリーズ,容量違いは統合,A,公式カタログを参照した初期商品マスタ候補。内容量別SKUは登録しない。,https://www.marukan.org/,false,要確認,該当なし,該当なし,official_catalog_series,content_variants_collapsed,false,,not_found_official,https://page.mkgr.jp/product/category-1425/,マルカン公式現行ミニマルPRO一覧に小動物の野菜ミックスを確認できない。,2026-07-19
bird,pet_0188,,キラピピ インコ 小粒,キラピピ インコ 小粒,brand_bird_,キョーリン,キョーリン,bird_food,鳥用フード,bird_pellet,bird・pellet,シリーズ,容量違いは統合,A,公式カタログを参照した初期商品マスタ候補。内容量別SKUは登録しない。,https://www.kyorin-net.co.jp/product/index.html,true,要確認,該当なし,該当なし,official_catalog_series,content_variants_collapsed,false,,verified_active,https://www.kyorin-net.co.jp/bird/index.html,公式鳥用飼料一覧でキラピピ インコ小粒を確認。セキセイインコ・小型インコ向け。,2026-07-19
bird,pet_0189,,キラピピ インコ 中粒,キラピピ インコ 中粒,brand_bird_,キョーリン,キョーリン,bird_food,鳥用フード,bird_pellet,bird・pellet,シリーズ,容量違いは統合,A,公式カタログを参照した初期商品マスタ候補。内容量別SKUは登録しない。,https://www.kyorin-net.co.jp/product/index.html,true,要確認,該当なし,該当なし,official_catalog_series,content_variants_collapsed,false,,verified_active,https://www.kyorin-net.co.jp/bird/index.html,公式鳥用飼料一覧でキラピピ インコ中粒を確認。オカメインコ・中型インコ向け。,2026-07-19
bird,pet_0190,,キラピピ フィンチ 小粒,キラピピ フィンチ 小粒,brand_bird_,キョーリン,キョーリン,bird_food,鳥用フード,bird_pellet,bird・pellet,シリーズ,容量違いは統合,A,公式カタログを参照した初期商品マスタ候補。内容量別SKUは登録しない。,https://www.kyorin-net.co.jp/product/index.html,false,要確認,該当なし,該当なし,official_catalog_series,content_variants_collapsed,false,,not_found_official,https://www.kyorin-net.co.jp/bird/bird05.html,公式現行ラインアップはキラピピ フィンチのみで小粒バリアントを確認できない。容量・粒径の別表記候補として通常マスタから除外候補。,2026-07-19
bird,pet_0191,,キラピピ フィンチ 中粒,キラピピ フィンチ 中粒,brand_bird_,キョーリン,キョーリン,bird_food,鳥用フード,bird_pellet,bird・pellet,シリーズ,容量違いは統合,A,公式カタログを参照した初期商品マスタ候補。内容量別SKUは登録しない。,https://www.kyorin-net.co.jp/product/index.html,false,要確認,該当なし,該当なし,official_catalog_series,content_variants_collapsed,false,,not_found_official,https://www.kyorin-net.co.jp/bird/bird05.html,公式現行ラインアップはキラピピ フィンチのみで中粒バリアントを確認できない。容量・粒径の別表記候補として通常マスタから除外候補。,2026-07-19
bird,pet_0192,,キラピピ 手乗り文鳥,キラピピ 手乗り文鳥,brand_bird_,キョーリン,キョーリン,bird_food,鳥用フード,bird_pellet,bird・pellet,シリーズ,容量違いは統合,A,公式カタログを参照した初期商品マスタ候補。内容量別SKUは登録しない。,https://www.kyorin-net.co.jp/product/index.html,false,要確認,該当なし,該当なし,official_catalog_series,content_variants_collapsed,false,,not_found_official,https://www.kyorin-net.co.jp/product/index.html,キョーリン公式現行商品一覧にキラピピ 手乗り文鳥を確認できない。キラピピ フィンチへの統合候補。,2026-07-19
bird,pet_0193,,キラピピ セキセイインコ,キラピピ セキセイインコ,brand_bird_,キョーリン,キョーリン,bird_food,鳥用フード,bird_pellet,bird・pellet,シリーズ,容量違いは統合,A,公式カタログを参照した初期商品マスタ候補。内容量別SKUは登録しない。,https://www.kyorin-net.co.jp/product/index.html,false,要確認,該当なし,該当なし,official_catalog_series,content_variants_collapsed,false,,not_found_official,https://www.kyorin-net.co.jp/bird/index.html,公式現行名称はキラピピ インコ小粒でありセキセイインコは対象種。別プロダクト名としては確認できないため重複候補。,2026-07-19
bird,pet_0194,,キラピピ オカメインコ,キラピピ オカメインコ,brand_bird_,キョーリン,キョーリン,bird_food,鳥用フード,bird_pellet,bird・pellet,シリーズ,容量違いは統合,A,公式カタログを参照した初期商品マスタ候補。内容量別SKUは登録しない。,https://www.kyorin-net.co.jp/product/index.html,false,要確認,該当なし,該当なし,official_catalog_series,content_variants_collapsed,false,,not_found_official,https://www.kyorin-net.co.jp/bird/index.html,公式現行名称はキラピピ インコ中粒でありオカメインコは対象種。別プロダクト名としては確認できないため重複候補。,2026-07-19
bird,pet_0195,,キラピピ コザクラインコ,キラピピ コザクラインコ,brand_bird_,キョーリン,キョーリン,bird_food,鳥用フード,bird_pellet,bird・pellet,シリーズ,容量違いは統合,A,公式カタログを参照した初期商品マスタ候補。内容量別SKUは登録しない。,https://www.kyorin-net.co.jp/product/index.html,false,要確認,該当なし,該当なし,official_catalog_series,content_variants_collapsed,false,,not_found_official,https://www.kyorin-net.co.jp/bird/index.html,公式現行名称はキラピピ インコ小粒でありコザクラインコは対象種。別プロダクト名としては確認できないため重複候補。,2026-07-19
bird,pet_0196,,ひかり 鳥のエサ,ひかり 鳥のエサ,brand_bird_,キョーリン,キョーリン,bird_food,鳥用フード,bird_pellet,bird・pellet,シリーズ,容量違いは統合,A,公式カタログを参照した初期商品マスタ候補。内容量別SKUは登録しない。,https://www.kyorin-net.co.jp/product/index.html,false,要確認,該当なし,該当なし,official_catalog_series,content_variants_collapsed,false,,not_found_official,https://www.kyorin-net.co.jp/product/index.html,キョーリン公式現行商品一覧にひかり 鳥のエサを確認できない。,2026-07-19
bird,pet_0197,,ひかり 鳥のエサ 皮つき,ひかり 鳥のエサ 皮つき,brand_bird_,キョーリン,キョーリン,bird_food,鳥用フード,bird_pellet,bird・pellet,シリーズ,容量違いは統合,A,公式カタログを参照した初期商品マスタ候補。内容量別SKUは登録しない。,https://www.kyorin-net.co.jp/product/index.html,false,要確認,該当なし,該当なし,official_catalog_series,content_variants_collapsed,false,,not_found_official,https://www.kyorin-net.co.jp/product/index.html,キョーリン公式現行商品一覧にひかり 鳥のエサ 皮つきを確認できない。,2026-07-19
bird,pet_0198,,エクセル 十姉妹,エクセル 十姉妹,brand_bird_,日本ペットフード,日本ペットフード,bird_food,鳥用フード,bird_seed_food,bird・seed・food,シリーズ,容量違いは統合,A,公式カタログを参照した初期商品マスタ候補。内容量別SKUは登録しない。,https://www.npf.co.jp/products/smallfood/,false,要確認,該当なし,該当なし,official_catalog_series,content_variants_collapsed,false,,not_found_official,https://www.npf.co.jp/smallanimal-products/birdfood,日本ペットフード公式現行鳥フード一覧にエクセル 十姉妹を確認できない。,2026-07-19
bird,pet_0199,,エクセル オカメインコ,エクセル オカメインコ,brand_bird_,日本ペットフード,日本ペットフード,bird_food,鳥用フード,bird_seed_food,bird・seed・food,シリーズ,容量違いは統合,A,公式カタログを参照した初期商品マスタ候補。内容量別SKUは登録しない。,https://www.npf.co.jp/products/smallfood/,false,要確認,該当なし,該当なし,official_catalog_series,content_variants_collapsed,false,,not_found_official,https://www.npf.co.jp/smallanimal-products/birdfood,日本ペットフード公式現行鳥フード一覧にエクセル オカメインコを確認できない。,2026-07-19
bird,pet_0200,,エクセル 中型インコ,エクセル 中型インコ,brand_bird_,日本ペットフード,日本ペットフード,bird_food,鳥用フード,bird_seed_food,bird・seed・food,シリーズ,容量違いは統合,A,公式カタログを参照した初期商品マスタ候補。内容量別SKUは登録しない。,https://www.npf.co.jp/products/smallfood/,false,要確認,該当なし,該当なし,official_catalog_series,content_variants_collapsed,false,,not_found_official,https://www.npf.co.jp/smallanimal-products/birdfood,日本ペットフード公式現行鳥フード一覧にエクセル 中型インコを確認できない。,2026-07-19
bird,pet_0201,,エクセル 大型インコ,エクセル 大型インコ,brand_bird_,日本ペットフード,日本ペットフード,bird_food,鳥用フード,bird_seed_food,bird・seed・food,シリーズ,容量違いは統合,A,公式カタログを参照した初期商品マスタ候補。内容量別SKUは登録しない。,https://www.npf.co.jp/products/smallfood/,false,要確認,該当なし,該当なし,official_catalog_series,content_variants_collapsed,false,,not_found_official,https://www.npf.co.jp/smallanimal-products/birdfood,日本ペットフード公式現行鳥フード一覧にエクセル 大型インコを確認できない。,2026-07-19
bird,pet_0202,,エクセル カナリア,エクセル カナリア,brand_bird_,日本ペットフード,日本ペットフード,bird_food,鳥用フード,bird_seed_food,bird・seed・food,シリーズ,容量違いは統合,A,公式カタログを参照した初期商品マスタ候補。内容量別SKUは登録しない。,https://www.npf.co.jp/products/smallfood/,false,要確認,該当なし,該当なし,official_catalog_series,content_variants_collapsed,false,,not_found_official,https://www.npf.co.jp/smallanimal-products/birdfood,日本ペットフード公式現行鳥フード一覧にエクセル カナリアを確認できない。,2026-07-19
bird,pet_0203,,エクセル 鳩,エクセル 鳩,brand_bird_,日本ペットフード,日本ペットフード,bird_food,鳥用フード,bird_seed_food,bird・seed・food,シリーズ,容量違いは統合,A,公式カタログを参照した初期商品マスタ候補。内容量別SKUは登録しない。,https://www.npf.co.jp/products/smallfood/,false,要確認,該当なし,該当なし,official_catalog_series,content_variants_collapsed,false,,not_found_official,https://www.npf.co.jp/smallanimal-products/birdfood,日本ペットフード公式現行鳥フード一覧にエクセル 鳩を確認できない。,2026-07-19
bird,pet_0204,,エクセル バードフード,エクセル バードフード,brand_bird_,日本ペットフード,日本ペットフード,bird_food,鳥用フード,bird_seed_food,bird・seed・food,シリーズ,容量違いは統合,A,公式カタログを参照した初期商品マスタ候補。内容量別SKUは登録しない。,https://www.npf.co.jp/products/smallfood/,false,要確認,該当なし,該当なし,official_catalog_series,content_variants_collapsed,false,,not_found_official,https://www.npf.co.jp/smallanimal-products/birdfood,日本ペットフード公式現行鳥フード一覧にエクセル バードフードを確認できない。,2026-07-19
bird,pet_0205,,エクセル 皮つき餌,エクセル 皮つき餌,brand_bird_,日本ペットフード,日本ペットフード,bird_food,鳥用フード,bird_seed_food,bird・seed・food,シリーズ,容量違いは統合,A,公式カタログを参照した初期商品マスタ候補。内容量別SKUは登録しない。,https://www.npf.co.jp/products/smallfood/,false,要確認,該当なし,該当なし,official_catalog_series,content_variants_collapsed,false,,not_found_official,https://www.npf.co.jp/smallanimal-products/birdfood,日本ペットフード公式現行鳥フード一覧にエクセル 皮つき餌を確認できない。,2026-07-19
bird,pet_0206,,小鳥の主食 セキセイインコ,小鳥の主食 セキセイインコ,brand_bird_,マルカン,マルカン,bird_food,鳥用フード,bird_treat,bird・treat,シリーズ,容量違いは統合,A,公式カタログを参照した初期商品マスタ候補。内容量別SKUは登録しない。,https://www.marukan.org/,false,要確認,該当なし,該当なし,official_catalog_series,content_variants_collapsed,false,,not_found_official,https://page.mkgr.jp/product/bird/category-1341/,マルカン公式現行小鳥フード一覧に小鳥の主食 セキセイインコを確認できない。,2026-07-19
bird,pet_0207,,小鳥の主食 文鳥,小鳥の主食 文鳥,brand_bird_,マルカン,マルカン,bird_food,鳥用フード,bird_treat,bird・treat,シリーズ,容量違いは統合,A,公式カタログを参照した初期商品マスタ候補。内容量別SKUは登録しない。,https://www.marukan.org/,false,要確認,該当なし,該当なし,official_catalog_series,content_variants_collapsed,false,,not_found_official,https://page.mkgr.jp/product/bird/category-1341/,マルカン公式現行小鳥フード一覧に小鳥の主食 文鳥を確認できない。,2026-07-19
bird,pet_0208,,小鳥の主食 オカメインコ,小鳥の主食 オカメインコ,brand_bird_,マルカン,マルカン,bird_food,鳥用フード,bird_treat,bird・treat,シリーズ,容量違いは統合,A,公式カタログを参照した初期商品マスタ候補。内容量別SKUは登録しない。,https://www.marukan.org/,false,要確認,該当なし,該当なし,official_catalog_series,content_variants_collapsed,false,,not_found_official,https://page.mkgr.jp/product/bird/category-1341/,マルカン公式現行小鳥フード一覧に小鳥の主食 オカメインコを確認できない。,2026-07-19
bird,pet_0209,,小鳥の主食 中型インコ,小鳥の主食 中型インコ,brand_bird_,マルカン,マルカン,bird_food,鳥用フード,bird_treat,bird・treat,シリーズ,容量違いは統合,A,公式カタログを参照した初期商品マスタ候補。内容量別SKUは登録しない。,https://www.marukan.org/,false,要確認,該当なし,該当なし,official_catalog_series,content_variants_collapsed,false,,not_found_official,https://page.mkgr.jp/product/bird/category-1341/,マルカン公式現行小鳥フード一覧に小鳥の主食 中型インコを確認できない。,2026-07-19
bird,pet_0210,,小鳥の主食 大型インコ,小鳥の主食 大型インコ,brand_bird_,マルカン,マルカン,bird_food,鳥用フード,bird_treat,bird・treat,シリーズ,容量違いは統合,A,公式カタログを参照した初期商品マスタ候補。内容量別SKUは登録しない。,https://www.marukan.org/,false,要確認,該当なし,該当なし,official_catalog_series,content_variants_collapsed,false,,not_found_official,https://page.mkgr.jp/product/bird/category-1341/,マルカン公式現行小鳥フード一覧に小鳥の主食 大型インコを確認できない。,2026-07-19
bird,pet_0211,,小鳥のおやつ 粟の穂,小鳥のおやつ 粟の穂,brand_bird_,マルカン,マルカン,bird_food,鳥用フード,bird_treat,bird・treat,シリーズ,容量違いは統合,A,公式カタログを参照した初期商品マスタ候補。内容量別SKUは登録しない。,https://www.marukan.org/,false,要確認,該当なし,該当なし,official_catalog_series,content_variants_collapsed,false,,not_found_official,https://page.mkgr.jp/product/bird/category-1341/,マルカン公式現行小鳥フード一覧に小鳥のおやつ 粟の穂を確認できない。,2026-07-19
bird,pet_0212,,小鳥のおやつ 青菜,小鳥のおやつ 青菜,brand_bird_,マルカン,マルカン,bird_food,鳥用フード,bird_treat,bird・treat,シリーズ,容量違いは統合,A,公式カタログを参照した初期商品マスタ候補。内容量別SKUは登録しない。,https://www.marukan.org/,false,要確認,該当なし,該当なし,official_catalog_series,content_variants_collapsed,false,,not_found_official,https://page.mkgr.jp/product/bird/category-1341/,マルカン公式現行小鳥フード一覧に小鳥のおやつ 青菜を確認できない。,2026-07-19
bird,pet_0213,,小鳥のおやつ ボレー粉,小鳥のおやつ ボレー粉,brand_bird_,マルカン,マルカン,bird_food,鳥用フード,bird_treat,bird・treat,シリーズ,容量違いは統合,A,公式カタログを参照した初期商品マスタ候補。内容量別SKUは登録しない。,https://www.marukan.org/,false,要確認,該当なし,該当なし,official_catalog_series,content_variants_collapsed,false,,not_found_official,https://page.mkgr.jp/product/bird/category-1341/,マルカン公式現行小鳥フード一覧に小鳥のおやつ ボレー粉を確認できない。,2026-07-19
aquarium_fish,pet_0214,,ひかりチャッピー,ひかりチャッピー,brand_aquarium_fish_,キョーリン,キョーリン,fish_supplies,観賞魚用品,goldfish_food,goldfish・food,シリーズ,容量違いは統合,A,公式カタログを参照した初期商品マスタ候補。内容量別SKUは登録しない。,https://www.kyorin-net.co.jp/product/index.html,true,要確認,該当なし,該当なし,official_catalog_series,content_variants_collapsed,false,,verified_active,https://www.kyorin-net.co.jp/gold/index.html,公式金魚用飼料一覧でひかりチャッピーを確認。,2026-07-19
aquarium_fish,pet_0215,,リュウキンゴールド,リュウキンゴールド,brand_aquarium_fish_,キョーリン,キョーリン,fish_supplies,観賞魚用品,goldfish_food,goldfish・food,シリーズ,容量違いは統合,A,公式カタログを参照した初期商品マスタ候補。内容量別SKUは登録しない。,https://www.kyorin-net.co.jp/product/index.html,true,要確認,該当なし,該当なし,official_catalog_series,content_variants_collapsed,false,,verified_active,https://www.kyorin-net.co.jp/gold/index.html,公式金魚用飼料一覧でリュウキンゴールドを確認。,2026-07-19
aquarium_fish,pet_0216,,アイドル,アイドル,brand_aquarium_fish_,キョーリン,キョーリン,fish_supplies,観賞魚用品,goldfish_food,goldfish・food,シリーズ,容量違いは統合,A,公式カタログを参照した初期商品マスタ候補。内容量別SKUは登録しない。,https://www.kyorin-net.co.jp/product/index.html,true,要確認,該当なし,該当なし,official_catalog_series,content_variants_collapsed,false,,verified_active,https://www.kyorin-net.co.jp/gold/index.html,公式金魚用飼料一覧でアイドルを確認。,2026-07-19
aquarium_fish,pet_0217,,ベビーゴールド,ベビーゴールド,brand_aquarium_fish_,キョーリン,キョーリン,fish_supplies,観賞魚用品,goldfish_food,goldfish・food,シリーズ,容量違いは統合,A,公式カタログを参照した初期商品マスタ候補。内容量別SKUは登録しない。,https://www.kyorin-net.co.jp/product/index.html,true,要確認,該当なし,該当なし,official_catalog_series,content_variants_collapsed,false,,verified_active,https://www.kyorin-net.co.jp/gold/go11.html,公式商品ページでベビーゴールドを確認。,2026-07-19
aquarium_fish,pet_0218,,プロリア,プロリア,brand_aquarium_fish_,キョーリン,キョーリン,fish_supplies,観賞魚用品,goldfish_food,goldfish・food,シリーズ,容量違いは統合,A,公式カタログを参照した初期商品マスタ候補。内容量別SKUは登録しない。,https://www.kyorin-net.co.jp/product/index.html,true,要確認,該当なし,該当なし,official_catalog_series,content_variants_collapsed,false,,verified_active,https://www.kyorin-net.co.jp/gold/index.html,公式金魚用飼料一覧でプロリアを確認。,2026-07-19
aquarium_fish,pet_0219,,プロリア 色揚,プロリア 色揚,brand_aquarium_fish_,キョーリン,キョーリン,fish_supplies,観賞魚用品,goldfish_food,goldfish・food,シリーズ,容量違いは統合,A,公式カタログを参照した初期商品マスタ候補。内容量別SKUは登録しない。,https://www.kyorin-net.co.jp/product/index.html,true,要確認,該当なし,該当なし,official_catalog_series,content_variants_collapsed,false,,verified_active,https://www.kyorin-net.co.jp/gold/index.html,公式金魚用飼料一覧でプロリア 色揚を確認。,2026-07-19
aquarium_fish,pet_0220,,咲ひかり金魚 色揚用,咲ひかり金魚 色揚用,brand_aquarium_fish_,キョーリン,キョーリン,fish_supplies,観賞魚用品,goldfish_food,goldfish・food,シリーズ,容量違いは統合,A,公式カタログを参照した初期商品マスタ候補。内容量別SKUは登録しない。,https://www.kyorin-net.co.jp/product/index.html,true,要確認,該当なし,該当なし,official_catalog_series,content_variants_collapsed,false,,verified_active,https://www.kyorin-net.co.jp/product/index.html,キョーリン公式商品一覧で咲ひかり金魚 色揚用を確認。,2026-07-19
aquarium_fish,pet_0221,,咲ひかり金魚 艶姿,咲ひかり金魚 艶姿,brand_aquarium_fish_,キョーリン,キョーリン,fish_supplies,観賞魚用品,goldfish_food,goldfish・food,シリーズ,容量違いは統合,A,公式カタログを参照した初期商品マスタ候補。内容量別SKUは登録しない。,https://www.kyorin-net.co.jp/product/index.html,true,要確認,該当なし,該当なし,official_catalog_series,content_variants_collapsed,false,,verified_active,https://www.kyorin-net.co.jp/product/index.html,キョーリン公式商品一覧で咲ひかり金魚 艶姿を確認。,2026-07-19
aquarium_fish,pet_0222,,咲ひかり金魚 育成用,咲ひかり金魚 育成用,brand_aquarium_fish_,キョーリン,キョーリン,fish_supplies,観賞魚用品,goldfish_food,goldfish・food,シリーズ,容量違いは統合,A,公式カタログを参照した初期商品マスタ候補。内容量別SKUは登録しない。,https://www.kyorin-net.co.jp/product/index.html,true,要確認,該当なし,該当なし,official_catalog_series,content_variants_collapsed,false,,verified_active,https://www.kyorin-net.co.jp/product/index.html,キョーリン公式商品一覧で咲ひかり金魚 育成用を確認。,2026-07-19
aquarium_fish,pet_0223,,パラクリア ディスク,パラクリア ディスク,brand_aquarium_fish_,キョーリン,キョーリン,fish_supplies,観賞魚用品,goldfish_food,goldfish・food,シリーズ,容量違いは統合,A,公式カタログを参照した初期商品マスタ候補。内容量別SKUは登録しない。,https://www.kyorin-net.co.jp/product/index.html,true,要確認,該当なし,該当なし,official_catalog_series,content_variants_collapsed,false,,verified_active,https://www.kyorin-net.co.jp/product/index.html,キョーリン公式商品一覧でパラクリア ディスクを確認。,2026-07-19
aquarium_fish,pet_0224,,ひかりクレスト テトラ,ひかりクレスト テトラ,brand_aquarium_fish_,キョーリン,キョーリン,fish_supplies,観賞魚用品,tropical_fish_food,tropical・fish・food,シリーズ,容量違いは統合,A,公式カタログを参照した初期商品マスタ候補。内容量別SKUは登録しない。,https://www.kyorin-net.co.jp/product/index.html,false,要確認,該当なし,該当なし,official_catalog_series,content_variants_collapsed,false,,not_found_official,https://www.kyorin-net.co.jp/product/index.html,キョーリン公式現行商品一覧にひかりクレスト テトラを確認できない。,2026-07-19
aquarium_fish,pet_0225,,ひかりクレスト コリドラス,ひかりクレスト コリドラス,brand_aquarium_fish_,キョーリン,キョーリン,fish_supplies,観賞魚用品,tropical_fish_food,tropical・fish・food,シリーズ,容量違いは統合,A,公式カタログを参照した初期商品マスタ候補。内容量別SKUは登録しない。,https://www.kyorin-net.co.jp/product/index.html,true,要確認,該当なし,該当なし,official_catalog_series,content_variants_collapsed,false,,verified_active,https://www.kyorin-net.co.jp/product/index.html,キョーリン公式商品一覧でひかりクレスト コリドラスを確認。,2026-07-19
aquarium_fish,pet_0226,,ひかりクレスト プレコ,ひかりクレスト プレコ,brand_aquarium_fish_,キョーリン,キョーリン,fish_supplies,観賞魚用品,tropical_fish_food,tropical・fish・food,シリーズ,容量違いは統合,A,公式カタログを参照した初期商品マスタ候補。内容量別SKUは登録しない。,https://www.kyorin-net.co.jp/product/index.html,true,要確認,該当なし,該当なし,official_catalog_series,content_variants_collapsed,false,,verified_active,https://www.kyorin-net.co.jp/product/index.html,キョーリン公式商品一覧でひかりクレスト プレコを確認。,2026-07-19
aquarium_fish,pet_0227,,ひかりクレスト ディスカス,ひかりクレスト ディスカス,brand_aquarium_fish_,キョーリン,キョーリン,fish_supplies,観賞魚用品,tropical_fish_food,tropical・fish・food,シリーズ,容量違いは統合,A,公式カタログを参照した初期商品マスタ候補。内容量別SKUは登録しない。,https://www.kyorin-net.co.jp/product/index.html,true,要確認,該当なし,該当なし,official_catalog_series,content_variants_collapsed,false,,verified_active,https://www.kyorin-net.co.jp/product/index.html,キョーリン公式商品一覧でひかりクレスト ディスカスを確認。,2026-07-19
aquarium_fish,pet_0228,,ひかりクレスト グッピー,ひかりクレスト グッピー,brand_aquarium_fish_,キョーリン,キョーリン,fish_supplies,観賞魚用品,tropical_fish_food,tropical・fish・food,シリーズ,容量違いは統合,A,公式カタログを参照した初期商品マスタ候補。内容量別SKUは登録しない。,https://www.kyorin-net.co.jp/product/index.html,true,要確認,該当なし,該当なし,official_catalog_series,content_variants_collapsed,false,,verified_active,https://www.kyorin-net.co.jp/product/index.html,キョーリン公式商品一覧でひかりクレスト グッピーを確認。,2026-07-19
aquarium_fish,pet_0229,,ひかりクレスト キャット,ひかりクレスト キャット,brand_aquarium_fish_,キョーリン,キョーリン,fish_supplies,観賞魚用品,tropical_fish_food,tropical・fish・food,シリーズ,容量違いは統合,A,公式カタログを参照した初期商品マスタ候補。内容量別SKUは登録しない。,https://www.kyorin-net.co.jp/product/index.html,true,要確認,該当なし,該当なし,official_catalog_series,content_variants_collapsed,false,,verified_active,https://www.kyorin-net.co.jp/product/index.html,キョーリン公式商品一覧でひかりクレスト キャットを確認。,2026-07-19
aquarium_fish,pet_0230,,ひかりクレスト シクリッド,ひかりクレスト シクリッド,brand_aquarium_fish_,キョーリン,キョーリン,fish_supplies,観賞魚用品,tropical_fish_food,tropical・fish・food,シリーズ,容量違いは統合,A,公式カタログを参照した初期商品マスタ候補。内容量別SKUは登録しない。,https://www.kyorin-net.co.jp/product/index.html,false,要確認,該当なし,該当なし,official_catalog_series,content_variants_collapsed,false,,not_found_official,https://www.kyorin-net.co.jp/product/index.html,キョーリン公式現行商品一覧にひかりクレスト シクリッドを確認できない。,2026-07-19
aquarium_fish,pet_0231,,ひかりクレスト ミニキャット,ひかりクレスト ミニキャット,brand_aquarium_fish_,キョーリン,キョーリン,fish_supplies,観賞魚用品,tropical_fish_food,tropical・fish・food,シリーズ,容量違いは統合,A,公式カタログを参照した初期商品マスタ候補。内容量別SKUは登録しない。,https://www.kyorin-net.co.jp/product/index.html,true,要確認,該当なし,該当なし,official_catalog_series,content_variants_collapsed,false,,verified_active,https://www.kyorin-net.co.jp/product/index.html,キョーリン公式商品一覧でひかりクレスト ミニキャットを確認。,2026-07-19
aquarium_fish,pet_0232,,ひかりクレスト フレーク,ひかりクレスト フレーク,brand_aquarium_fish_,キョーリン,キョーリン,fish_supplies,観賞魚用品,tropical_fish_food,tropical・fish・food,シリーズ,容量違いは統合,A,公式カタログを参照した初期商品マスタ候補。内容量別SKUは登録しない。,https://www.kyorin-net.co.jp/product/index.html,false,要確認,該当なし,該当なし,official_catalog_series,content_variants_collapsed,false,,not_found_official,https://www.kyorin-net.co.jp/product/index.html,キョーリン公式現行商品一覧にひかりクレスト フレークを確認できない。,2026-07-19
aquarium_fish,pet_0233,,シクリッドエクセル,シクリッドエクセル,brand_aquarium_fish_,キョーリン,キョーリン,fish_supplies,観賞魚用品,tropical_fish_food,tropical・fish・food,シリーズ,容量違いは統合,A,公式カタログを参照した初期商品マスタ候補。内容量別SKUは登録しない。,https://www.kyorin-net.co.jp/product/index.html,true,要確認,該当なし,該当なし,official_catalog_series,content_variants_collapsed,false,,verified_active,https://www.kyorin-net.co.jp/product/index.html,キョーリン公式商品一覧でシクリッドエクセルを確認。,2026-07-19
aquarium_fish,pet_0234,,シクリッドバイオゴールド,シクリッドバイオゴールド,brand_aquarium_fish_,キョーリン,キョーリン,fish_supplies,観賞魚用品,tropical_fish_food,tropical・fish・food,シリーズ,容量違いは統合,A,公式カタログを参照した初期商品マスタ候補。内容量別SKUは登録しない。,https://www.kyorin-net.co.jp/product/index.html,true,要確認,該当なし,該当なし,official_catalog_series,content_variants_collapsed,false,,verified_active,https://www.kyorin-net.co.jp/product/index.html,キョーリン公式商品一覧でシクリッドバイオゴールドを確認。,2026-07-19
aquarium_fish,pet_0235,,ブラッドレッドパロットプラス,ブラッドレッドパロットプラス,brand_aquarium_fish_,キョーリン,キョーリン,fish_supplies,観賞魚用品,tropical_fish_food,tropical・fish・food,シリーズ,容量違いは統合,A,公式カタログを参照した初期商品マスタ候補。内容量別SKUは登録しない。,https://www.kyorin-net.co.jp/product/index.html,false,要確認,該当なし,該当なし,official_catalog_series,content_variants_collapsed,false,,not_found_official,https://www.kyorin-net.co.jp/product/index.html,キョーリン公式現行商品一覧にブラッドレッドパロットプラスを確認できない。,2026-07-19
aquarium_fish,pet_0236,,ネオプロス,ネオプロス,brand_aquarium_fish_,キョーリン,キョーリン,fish_supplies,観賞魚用品,tropical_fish_food,tropical・fish・food,シリーズ,容量違いは統合,A,公式カタログを参照した初期商品マスタ候補。内容量別SKUは登録しない。,https://www.kyorin-net.co.jp/product/index.html,true,要確認,該当なし,該当なし,official_catalog_series,content_variants_collapsed,false,,verified_active,https://www.kyorin-net.co.jp/product/index.html,キョーリン公式商品一覧でネオプロスを確認。,2026-07-19
aquarium_fish,pet_0237,,すくすくメダカ,すくすくメダカ,brand_aquarium_fish_,キョーリン,キョーリン,fish_supplies,観賞魚用品,medaka_food,medaka・food,シリーズ,容量違いは統合,A,公式カタログを参照した初期商品マスタ候補。内容量別SKUは登録しない。,https://www.kyorin-net.co.jp/product/index.html,true,要確認,該当なし,該当なし,official_catalog_series,content_variants_collapsed,false,,verified_active,https://www.kyorin-net.co.jp/product/index.html,公式メダカ・川魚用飼料一覧ですくすくメダカを確認。,2026-07-19
aquarium_fish,pet_0238,,教材メダカのエサ,教材メダカのエサ,brand_aquarium_fish_,キョーリン,キョーリン,fish_supplies,観賞魚用品,medaka_food,medaka・food,シリーズ,容量違いは統合,A,公式カタログを参照した初期商品マスタ候補。内容量別SKUは登録しない。,https://www.kyorin-net.co.jp/product/index.html,true,要確認,該当なし,該当なし,official_catalog_series,content_variants_collapsed,false,,verified_active,https://www.kyorin-net.co.jp/product/index.html,公式メダカ・川魚用飼料一覧で教材メダカのエサを確認。,2026-07-19
aquarium_fish,pet_0239,,メダカのエサ うきうきフレーク,メダカのエサ うきうきフレーク,brand_aquarium_fish_,キョーリン,キョーリン,fish_supplies,観賞魚用品,medaka_food,medaka・food,シリーズ,容量違いは統合,A,公式カタログを参照した初期商品マスタ候補。内容量別SKUは登録しない。,https://www.kyorin-net.co.jp/product/index.html,true,要確認,該当なし,該当なし,official_catalog_series,content_variants_collapsed,false,,verified_active,https://www.kyorin-net.co.jp/product/index.html,公式メダカ・川魚用飼料一覧でメダカのエサ うきうきフレークを確認。,2026-07-19
aquarium_fish,pet_0240,,教材ちびっこメダカのエサ,教材ちびっこメダカのエサ,brand_aquarium_fish_,キョーリン,キョーリン,fish_supplies,観賞魚用品,medaka_food,medaka・food,シリーズ,容量違いは統合,A,公式カタログを参照した初期商品マスタ候補。内容量別SKUは登録しない。,https://www.kyorin-net.co.jp/product/index.html,true,要確認,該当なし,該当なし,official_catalog_series,content_variants_collapsed,false,,verified_active,https://www.kyorin-net.co.jp/product/index.html,公式メダカ・川魚用飼料一覧で教材ちびっこメダカのエサを確認。,2026-07-19
aquarium_fish,pet_0241,,メダカプロス ベビー,メダカプロス ベビー,brand_aquarium_fish_,キョーリン,キョーリン,fish_supplies,観賞魚用品,medaka_food,medaka・food,シリーズ,容量違いは統合,A,公式カタログを参照した初期商品マスタ候補。内容量別SKUは登録しない。,https://www.kyorin-net.co.jp/product/index.html,true,要確認,該当なし,該当なし,official_catalog_series,content_variants_collapsed,false,,verified_active,https://www.kyorin-net.co.jp/product/index.html,公式メダカ・川魚用飼料一覧でメダカプロスベビーを確認。,2026-07-19
aquarium_fish,pet_0242,,メダカプロス,メダカプロス,brand_aquarium_fish_,キョーリン,キョーリン,fish_supplies,観賞魚用品,medaka_food,medaka・food,シリーズ,容量違いは統合,A,公式カタログを参照した初期商品マスタ候補。内容量別SKUは登録しない。,https://www.kyorin-net.co.jp/product/index.html,true,要確認,該当なし,該当なし,official_catalog_series,content_variants_collapsed,false,,verified_active,https://www.kyorin-net.co.jp/fresh/fr12.html,公式商品ページでメダカプロスを確認。,2026-07-19
aquarium_fish,pet_0243,,メダカプロス 産卵繁殖,メダカプロス 産卵繁殖,brand_aquarium_fish_,キョーリン,キョーリン,fish_supplies,観賞魚用品,medaka_food,medaka・food,シリーズ,容量違いは統合,A,公式カタログを参照した初期商品マスタ候補。内容量別SKUは登録しない。,https://www.kyorin-net.co.jp/product/index.html,true,要確認,該当なし,該当なし,official_catalog_series,content_variants_collapsed,false,,verified_active,https://www.kyorin-net.co.jp/product/index.html,公式メダカ・川魚用飼料一覧でメダカプロス 産卵繁殖を確認。,2026-07-19
aquarium_fish,pet_0244,,メダカプロス 色揚,メダカプロス 色揚,brand_aquarium_fish_,キョーリン,キョーリン,fish_supplies,観賞魚用品,medaka_food,medaka・food,シリーズ,容量違いは統合,A,公式カタログを参照した初期商品マスタ候補。内容量別SKUは登録しない。,https://www.kyorin-net.co.jp/product/index.html,true,要確認,該当なし,該当なし,official_catalog_series,content_variants_collapsed,false,,verified_active,https://www.kyorin-net.co.jp/product/index.html,公式メダカ・川魚用飼料一覧でメダカプロス色揚を確認。,2026-07-19
aquarium_fish,pet_0245,,ひかりメダカフレーク,ひかりメダカフレーク,brand_aquarium_fish_,キョーリン,キョーリン,fish_supplies,観賞魚用品,medaka_food,medaka・food,シリーズ,容量違いは統合,A,公式カタログを参照した初期商品マスタ候補。内容量別SKUは登録しない。,https://www.kyorin-net.co.jp/product/index.html,true,要確認,該当なし,該当なし,official_catalog_series,content_variants_collapsed,false,,verified_active,https://www.kyorin-net.co.jp/product/index.html,公式メダカ・川魚用飼料一覧でひかりメダカフレークを確認。,2026-07-19
aquarium_fish,pet_0246,,メダカベビー 稚魚のエサ ハイパー育成,メダカベビー 稚魚のエサ ハイパー育成,brand_aquarium_fish_,キョーリン,キョーリン,fish_supplies,観賞魚用品,medaka_food,medaka・food,シリーズ,容量違いは統合,A,公式カタログを参照した初期商品マスタ候補。内容量別SKUは登録しない。,https://www.kyorin-net.co.jp/product/index.html,true,要確認,該当なし,該当なし,official_catalog_series,content_variants_collapsed,false,,verified_active,https://www.kyorin-net.co.jp/product/index.html,公式メダカ・川魚用飼料一覧でメダカベビー・稚魚のエサ ハイパー育成を確認。,2026-07-19
aquarium_fish,pet_0247,,メダカ幼魚 ハイパー育成,メダカ幼魚 ハイパー育成,brand_aquarium_fish_,キョーリン,キョーリン,fish_supplies,観賞魚用品,medaka_food,medaka・food,シリーズ,容量違いは統合,A,公式カタログを参照した初期商品マスタ候補。内容量別SKUは登録しない。,https://www.kyorin-net.co.jp/product/index.html,true,要確認,該当なし,該当なし,official_catalog_series,content_variants_collapsed,false,,verified_active,https://www.kyorin-net.co.jp/product/index.html,公式メダカ・川魚用飼料一覧でメダカ幼魚 ハイパー育成を確認。,2026-07-19
aquarium_fish,pet_0248,,メダカのエサ 産卵繁殖用,メダカのエサ 産卵繁殖用,brand_aquarium_fish_,キョーリン,キョーリン,fish_supplies,観賞魚用品,medaka_food,medaka・food,シリーズ,容量違いは統合,A,公式カタログを参照した初期商品マスタ候補。内容量別SKUは登録しない。,https://www.kyorin-net.co.jp/product/index.html,true,要確認,該当なし,該当なし,official_catalog_series,content_variants_collapsed,false,,verified_active,https://www.kyorin-net.co.jp/product/index.html,公式メダカ・川魚用飼料一覧でメダカのエサ 産卵繁殖用を確認。,2026-07-19
aquarium_fish,pet_0249,,メダカのエサ ハイパー色揚,メダカのエサ ハイパー色揚,brand_aquarium_fish_,キョーリン,キョーリン,fish_supplies,観賞魚用品,medaka_food,medaka・food,シリーズ,容量違いは統合,A,公式カタログを参照した初期商品マスタ候補。内容量別SKUは登録しない。,https://www.kyorin-net.co.jp/product/index.html,true,要確認,該当なし,該当なし,official_catalog_series,content_variants_collapsed,false,,verified_active,https://www.kyorin-net.co.jp/product/index.html,公式メダカ・川魚用飼料一覧でメダカのエサ ハイパー色揚を確認。,2026-07-19
aquarium_fish,pet_0250,,メダカのエサ ハイパー良消化,メダカのエサ ハイパー良消化,brand_aquarium_fish_,キョーリン,キョーリン,fish_supplies,観賞魚用品,medaka_food,medaka・food,シリーズ,容量違いは統合,A,公式カタログを参照した初期商品マスタ候補。内容量別SKUは登録しない。,https://www.kyorin-net.co.jp/product/index.html,true,要確認,該当なし,該当なし,official_catalog_series,content_variants_collapsed,false,,verified_active,https://www.kyorin-net.co.jp/product/index.html,公式メダカ・川魚用飼料一覧でメダカのエサ ハイパー良消化を確認。,2026-07-19
aquarium_fish,pet_0251,,メダカの舞 ベビー,メダカの舞 ベビー,brand_aquarium_fish_,キョーリン,キョーリン,fish_supplies,観賞魚用品,medaka_food,medaka・food,シリーズ,容量違いは統合,A,公式カタログを参照した初期商品マスタ候補。内容量別SKUは登録しない。,https://www.kyorin-net.co.jp/product/index.html,true,要確認,該当なし,該当なし,official_catalog_series,content_variants_collapsed,false,,verified_active,https://www.kyorin-net.co.jp/product/index.html,公式メダカ・川魚用飼料一覧でメダカの舞ベビーを確認。,2026-07-19
aquarium_fish,pet_0252,,メダカの舞 ネクスト,メダカの舞 ネクスト,brand_aquarium_fish_,キョーリン,キョーリン,fish_supplies,観賞魚用品,medaka_food,medaka・food,シリーズ,容量違いは統合,A,公式カタログを参照した初期商品マスタ候補。内容量別SKUは登録しない。,https://www.kyorin-net.co.jp/product/index.html,true,要確認,該当なし,該当なし,official_catalog_series,content_variants_collapsed,false,,verified_active,https://www.kyorin-net.co.jp/product/index.html,公式メダカ・川魚用飼料一覧でメダカの舞ネクストを確認。,2026-07-19
aquarium_fish,pet_0253,,メダカの舞 コンプリート,メダカの舞 コンプリート,brand_aquarium_fish_,キョーリン,キョーリン,fish_supplies,観賞魚用品,medaka_food,medaka・food,シリーズ,容量違いは統合,A,公式カタログを参照した初期商品マスタ候補。内容量別SKUは登録しない。,https://www.kyorin-net.co.jp/product/index.html,true,要確認,該当なし,該当なし,official_catalog_series,content_variants_collapsed,false,,verified_active,https://www.kyorin-net.co.jp/product/index.html,公式メダカ・川魚用飼料一覧でメダカの舞コンプリートを確認。,2026-07-19
aquarium_fish,pet_0254,,メダカの舞 ブリード,メダカの舞 ブリード,brand_aquarium_fish_,キョーリン,キョーリン,fish_supplies,観賞魚用品,medaka_food,medaka・food,シリーズ,容量違いは統合,A,公式カタログを参照した初期商品マスタ候補。内容量別SKUは登録しない。,https://www.kyorin-net.co.jp/product/index.html,true,要確認,該当なし,該当なし,official_catalog_series,content_variants_collapsed,false,,verified_active,https://www.kyorin-net.co.jp/product/index.html,公式メダカ・川魚用飼料一覧でメダカの舞ブリードを確認。,2026-07-19
aquarium_fish,pet_0255,,メダカの舞 スーパーオレンジ,メダカの舞 スーパーオレンジ,brand_aquarium_fish_,キョーリン,キョーリン,fish_supplies,観賞魚用品,medaka_food,medaka・food,シリーズ,容量違いは統合,A,公式カタログを参照した初期商品マスタ候補。内容量別SKUは登録しない。,https://www.kyorin-net.co.jp/product/index.html,true,要確認,該当なし,該当なし,official_catalog_series,content_variants_collapsed,false,,verified_active,https://www.kyorin-net.co.jp/product/index.html,公式メダカ・川魚用飼料一覧でメダカの舞スーパーオレンジを確認。,2026-07-19
aquarium_fish,pet_0256,,メダカの舞 メンテナンス,メダカの舞 メンテナンス,brand_aquarium_fish_,キョーリン,キョーリン,fish_supplies,観賞魚用品,medaka_food,medaka・food,シリーズ,容量違いは統合,A,公式カタログを参照した初期商品マスタ候補。内容量別SKUは登録しない。,https://www.kyorin-net.co.jp/product/index.html,true,要確認,該当なし,該当なし,official_catalog_series,content_variants_collapsed,false,,verified_active,https://www.kyorin-net.co.jp/product/index.html,公式メダカ・川魚用飼料一覧でメダカの舞メンテナンスを確認。,2026-07-19
aquarium_fish,pet_0257,,パラクリア パウダー,パラクリア パウダー,brand_aquarium_fish_,キョーリン,キョーリン,fish_supplies,観賞魚用品,aquarium_water_care,aquarium・water・care,シリーズ,容量違いは統合,A,公式カタログを参照した初期商品マスタ候補。内容量別SKUは登録しない。,https://www.kyorin-net.co.jp/product/index.html,true,要確認,該当なし,該当なし,official_catalog_series,content_variants_collapsed,false,,verified_active,https://www.kyorin-net.co.jp/product/index.html,キョーリン公式商品一覧でパラクリア パウダーを確認。,2026-07-19
aquarium_fish,pet_0258,,パラクリア 顆粒,パラクリア 顆粒,brand_aquarium_fish_,キョーリン,キョーリン,fish_supplies,観賞魚用品,aquarium_water_care,aquarium・water・care,シリーズ,容量違いは統合,A,公式カタログを参照した初期商品マスタ候補。内容量別SKUは登録しない。,https://www.kyorin-net.co.jp/product/index.html,true,要確認,該当なし,該当なし,official_catalog_series,content_variants_collapsed,false,,verified_active,https://www.kyorin-net.co.jp/product/index.html,キョーリン公式商品一覧でパラクリア 顆粒を確認。,2026-07-19
aquarium_fish,pet_0259,,ひかりプランクトン,ひかりプランクトン,brand_aquarium_fish_,キョーリン,キョーリン,fish_supplies,観賞魚用品,aquarium_water_care,aquarium・water・care,シリーズ,容量違いは統合,A,公式カタログを参照した初期商品マスタ候補。内容量別SKUは登録しない。,https://www.kyorin-net.co.jp/product/index.html,true,要確認,該当なし,該当なし,official_catalog_series,content_variants_collapsed,false,,verified_active,https://www.kyorin-net.co.jp/product/index.html,公式商品一覧でひかりプランクトンを確認。,2026-07-19
aquarium_fish,pet_0260,,イージーブライン,イージーブライン,brand_aquarium_fish_,キョーリン,キョーリン,fish_supplies,観賞魚用品,aquarium_water_care,aquarium・water・care,シリーズ,容量違いは統合,A,公式カタログを参照した初期商品マスタ候補。内容量別SKUは登録しない。,https://www.kyorin-net.co.jp/product/index.html,true,要確認,該当なし,該当なし,official_catalog_series,content_variants_collapsed,false,,verified_active,https://www.kyorin-net.co.jp/product/index.html,公式商品一覧でイージーブラインを確認。,2026-07-19
aquarium_fish,pet_0261,,観賞魚用メチレンブルー液,観賞魚用メチレンブルー液,brand_aquarium_fish_,キョーリン,キョーリン,fish_supplies,観賞魚用品,aquarium_water_care,aquarium・water・care,シリーズ,容量違いは統合,A,公式カタログを参照した初期商品マスタ候補。内容量別SKUは登録しない。,https://www.kyorin-net.co.jp/product/index.html,true,要確認,該当なし,該当なし,official_catalog_series,content_variants_collapsed,false,,verified_active,https://www.kyorin-net.co.jp/product/index.html,キョーリン公式商品一覧で観賞魚用メチレンブルー液を確認。,2026-07-19
aquarium_fish,pet_0262,,ニューグリーンF,ニューグリーンF,brand_aquarium_fish_,キョーリン,キョーリン,fish_supplies,観賞魚用品,aquarium_water_care,aquarium・water・care,シリーズ,容量違いは統合,A,公式カタログを参照した初期商品マスタ候補。内容量別SKUは登録しない。,https://www.kyorin-net.co.jp/product/index.html,false,要確認,該当なし,該当なし,official_catalog_series,content_variants_collapsed,false,,not_found_official,https://www.kyorin-net.co.jp/product/index.html,キョーリン公式現行商品一覧にニューグリーンFを確認できない。,2026-07-19
aquarium_fish,pet_0263,,グリーンFゴールド顆粒,グリーンFゴールド顆粒,brand_aquarium_fish_,キョーリン,キョーリン,fish_supplies,観賞魚用品,aquarium_water_care,aquarium・water・care,シリーズ,容量違いは統合,A,公式カタログを参照した初期商品マスタ候補。内容量別SKUは登録しない。,https://www.kyorin-net.co.jp/product/index.html,false,要確認,該当なし,該当なし,official_catalog_series,content_variants_collapsed,false,,not_found_official,https://www.kyorin-net.co.jp/product/index.html,キョーリン公式現行商品一覧にグリーンFゴールド顆粒を確認できない。,2026-07-19
aquarium_fish,pet_0264,,アグテン,アグテン,brand_aquarium_fish_,キョーリン,キョーリン,fish_supplies,観賞魚用品,aquarium_water_care,aquarium・water・care,シリーズ,容量違いは統合,A,公式カタログを参照した初期商品マスタ候補。内容量別SKUは登録しない。,https://www.kyorin-net.co.jp/product/index.html,false,要確認,該当なし,該当なし,official_catalog_series,content_variants_collapsed,false,,not_found_official,https://www.kyorin-net.co.jp/product/index.html,キョーリン公式現行商品一覧にアグテンを確認できない。,2026-07-19
aquarium_fish,pet_0265,,カミハタ カルキ抜き,カミハタ カルキ抜き,brand_aquarium_fish_,キョーリン,キョーリン,fish_supplies,観賞魚用品,aquarium_water_care,aquarium・water・care,シリーズ,容量違いは統合,A,公式カタログを参照した初期商品マスタ候補。内容量別SKUは登録しない。,https://www.kyorin-net.co.jp/product/index.html,false,要確認,該当なし,該当なし,official_catalog_series,content_variants_collapsed,false,,not_found_official,https://www.kyorin-net.co.jp/product/index.html,キョーリン公式現行商品一覧にカミハタ カルキ抜きを確認できない。メーカー不整合候補。,2026-07-19
aquarium_fish,pet_0266,,ひかりウェーブ 濾材,ひかりウェーブ 濾材,brand_aquarium_fish_,キョーリン,キョーリン,fish_supplies,観賞魚用品,aquarium_water_care,aquarium・water・care,シリーズ,容量違いは統合,A,公式カタログを参照した初期商品マスタ候補。内容量別SKUは登録しない。,https://www.kyorin-net.co.jp/product/index.html,false,要確認,該当なし,該当なし,official_catalog_series,content_variants_collapsed,false,,not_found_official,https://www.kyorin-net.co.jp/product/index.html,キョーリン公式現行商品一覧にひかりウェーブ 濾材を確認できない。,2026-07-19
reptile_amphibian,pet_0267,,カメプロス,カメプロス,brand_reptile_amphibian_,キョーリン,キョーリン,reptile_amphibian_supplies,爬虫類・両生類用品,reptile_food,reptile・food,シリーズ,容量違いは統合,A,公式カタログを参照した初期商品マスタ候補。内容量別SKUは登録しない。,https://www.kyorin-net.co.jp/product/index.html,true,要確認,該当なし,該当なし,official_catalog_series,content_variants_collapsed,false,,verified_active,https://www.kyorin-net.co.jp/turtle/index.html,公式両生類・爬虫類用飼料一覧でカメプロスを確認。,2026-07-19
reptile_amphibian,pet_0268,,カメプロス プレミアム,カメプロス プレミアム,brand_reptile_amphibian_,キョーリン,キョーリン,reptile_amphibian_supplies,爬虫類・両生類用品,reptile_food,reptile・food,シリーズ,容量違いは統合,A,公式カタログを参照した初期商品マスタ候補。内容量別SKUは登録しない。,https://www.kyorin-net.co.jp/product/index.html,true,要確認,該当なし,該当なし,official_catalog_series,content_variants_collapsed,false,,verified_active,https://www.kyorin-net.co.jp/turtle/index.html,公式両生類・爬虫類用飼料一覧でカメプロス プレミアムを確認。,2026-07-19
reptile_amphibian,pet_0269,,カメプロス 沈下性,カメプロス 沈下性,brand_reptile_amphibian_,キョーリン,キョーリン,reptile_amphibian_supplies,爬虫類・両生類用品,reptile_food,reptile・food,シリーズ,容量違いは統合,A,公式カタログを参照した初期商品マスタ候補。内容量別SKUは登録しない。,https://www.kyorin-net.co.jp/product/index.html,true,要確認,該当なし,該当なし,official_catalog_series,content_variants_collapsed,false,,verified_active,https://www.kyorin-net.co.jp/turtle/index.html,公式両生類・爬虫類用飼料一覧でカメプロス 沈下性を確認。,2026-07-19
reptile_amphibian,pet_0270,,超おおきなカメのエサ,超おおきなカメのエサ,brand_reptile_amphibian_,キョーリン,キョーリン,reptile_amphibian_supplies,爬虫類・両生類用品,reptile_food,reptile・food,シリーズ,容量違いは統合,A,公式カタログを参照した初期商品マスタ候補。内容量別SKUは登録しない。,https://www.kyorin-net.co.jp/product/index.html,true,要確認,該当なし,該当なし,official_catalog_series,content_variants_collapsed,false,,verified_active,https://www.kyorin-net.co.jp/turtle/index.html,公式現行名称は超おおきなカメのエサ ハイパークリア。容量を除くプロダクトとして確認。,2026-07-19
reptile_amphibian,pet_0271,,レオパゲル,レオパゲル,brand_reptile_amphibian_,キョーリン,キョーリン,reptile_amphibian_supplies,爬虫類・両生類用品,reptile_food,reptile・food,シリーズ,容量違いは統合,A,公式カタログを参照した初期商品マスタ候補。内容量別SKUは登録しない。,https://www.kyorin-net.co.jp/product/index.html,true,要確認,該当なし,該当なし,official_catalog_series,content_variants_collapsed,false,,verified_active,https://www.kyorin-net.co.jp/extra/ex12.html,公式商品ページでレオパゲルを確認。ヒョウモントカゲモドキ向け総合栄養食。,2026-07-19
reptile_amphibian,pet_0272,,ひかりクレスト フトアゴ,ひかりクレスト フトアゴ,brand_reptile_amphibian_,キョーリン,キョーリン,reptile_amphibian_supplies,爬虫類・両生類用品,reptile_food,reptile・food,シリーズ,容量違いは統合,A,公式カタログを参照した初期商品マスタ候補。内容量別SKUは登録しない。,https://www.kyorin-net.co.jp/product/index.html,false,要確認,該当なし,該当なし,official_catalog_series,content_variants_collapsed,false,,not_found_official,https://www.kyorin-net.co.jp/turtle/index.html,公式現行名称はフトアゴゲルでありひかりクレスト フトアゴは確認できない。名称変更・重複候補。,2026-07-19
reptile_amphibian,pet_0273,,ひかりクレスト レオパ,ひかりクレスト レオパ,brand_reptile_amphibian_,キョーリン,キョーリン,reptile_amphibian_supplies,爬虫類・両生類用品,reptile_food,reptile・food,シリーズ,容量違いは統合,A,公式カタログを参照した初期商品マスタ候補。内容量別SKUは登録しない。,https://www.kyorin-net.co.jp/product/index.html,false,要確認,該当なし,該当なし,official_catalog_series,content_variants_collapsed,false,,not_found_official,https://www.kyorin-net.co.jp/turtle/index.html,公式現行名称はレオパゲルまたはレオパドライでありひかりクレスト レオパは確認できない。名称変更・重複候補。,2026-07-19
reptile_amphibian,pet_0274,,ひかりクレスト タートル,ひかりクレスト タートル,brand_reptile_amphibian_,キョーリン,キョーリン,reptile_amphibian_supplies,爬虫類・両生類用品,reptile_food,reptile・food,シリーズ,容量違いは統合,A,公式カタログを参照した初期商品マスタ候補。内容量別SKUは登録しない。,https://www.kyorin-net.co.jp/product/index.html,true,要確認,該当なし,該当なし,official_catalog_series,content_variants_collapsed,false,,verified_active,https://www.kyorin-net.co.jp/turtle/index.html,公式両生類・爬虫類用飼料一覧でひかりクレストタートルを確認。,2026-07-19
reptile_amphibian,pet_0275,,ひかりベルツノ,ひかりベルツノ,brand_reptile_amphibian_,キョーリン,キョーリン,reptile_amphibian_supplies,爬虫類・両生類用品,reptile_food,reptile・food,シリーズ,容量違いは統合,A,公式カタログを参照した初期商品マスタ候補。内容量別SKUは登録しない。,https://www.kyorin-net.co.jp/product/index.html,true,要確認,該当なし,該当なし,official_catalog_series,content_variants_collapsed,false,,verified_active,https://www.kyorin-net.co.jp/turtle/index.html,公式両生類・爬虫類用飼料一覧でひかりベルツノを確認。,2026-07-19
reptile_amphibian,pet_0276,,ひかりウーパールーパー,ひかりウーパールーパー,brand_reptile_amphibian_,キョーリン,キョーリン,reptile_amphibian_supplies,爬虫類・両生類用品,reptile_food,reptile・food,シリーズ,容量違いは統合,A,公式カタログを参照した初期商品マスタ候補。内容量別SKUは登録しない。,https://www.kyorin-net.co.jp/product/index.html,true,要確認,該当なし,該当なし,official_catalog_series,content_variants_collapsed,false,,verified_active,https://www.kyorin-net.co.jp/turtle/index.html,公式両生類・爬虫類用飼料一覧でひかりウーパールーパーを確認。,2026-07-19
reptile_amphibian,pet_0277,,レプタイルヒート,レプタイルヒート,brand_reptile_amphibian_EXOTERRA,EXO TERRA,ジェックス,reptile_amphibian_supplies,爬虫類・両生類用品,reptile_heating_lighting,reptile・heating・lighting,シリーズ,容量違いは統合,A,公式カタログを参照した初期商品マスタ候補。内容量別SKUは登録しない。,https://product.gex-fp.co.jp/exoterra/?m=Product,true,要確認,該当なし,該当なし,official_catalog_series,content_variants_collapsed,false,,verified_active,https://product.gex-fp.co.jp/p_manuals/987/ReptileHeat2024.pdf,ジェックス公式取扱説明書でレプタイルヒートを確認。,2026-07-19
reptile_amphibian,pet_0278,,ヒートグロー,ヒートグロー,brand_reptile_amphibian_EXOTERRA,EXO TERRA,ジェックス,reptile_amphibian_supplies,爬虫類・両生類用品,reptile_heating_lighting,reptile・heating・lighting,シリーズ,容量違いは統合,A,公式カタログを参照した初期商品マスタ候補。内容量別SKUは登録しない。,https://product.gex-fp.co.jp/exoterra/?m=Product,true,要確認,該当なし,該当なし,official_catalog_series,content_variants_collapsed,false,,verified_active,https://product.gex-fp.co.jp/exoterra/?cid=404&m=ProductList,GEX公式ライティング一覧でヒートグローを確認。ワット数違いは統合。,2026-07-19
reptile_amphibian,pet_0279,,サングロー,サングロー,brand_reptile_amphibian_EXOTERRA,EXO TERRA,ジェックス,reptile_amphibian_supplies,爬虫類・両生類用品,reptile_heating_lighting,reptile・heating・lighting,シリーズ,容量違いは統合,A,公式カタログを参照した初期商品マスタ候補。内容量別SKUは登録しない。,https://product.gex-fp.co.jp/exoterra/?m=Product,true,要確認,該当なし,該当なし,official_catalog_series,content_variants_collapsed,false,,verified_active,https://product.gex-fp.co.jp/exoterra/?cid=404&m=ProductList,GEX公式ライティング一覧でサングローシリーズを確認。ワット数違いは統合。,2026-07-19
reptile_amphibian,pet_0280,,ナチュラルライト,ナチュラルライト,brand_reptile_amphibian_EXOTERRA,EXO TERRA,ジェックス,reptile_amphibian_supplies,爬虫類・両生類用品,reptile_heating_lighting,reptile・heating・lighting,シリーズ,容量違いは統合,A,公式カタログを参照した初期商品マスタ候補。内容量別SKUは登録しない。,https://product.gex-fp.co.jp/exoterra/?m=Product,true,要確認,該当なし,該当なし,official_catalog_series,content_variants_collapsed,false,,verified_active,https://product.gex-fp.co.jp/exoterra/?cid=402&m=ProductList,GEX公式UV球一覧でナチュラルライトを確認。ワット数違いは統合。,2026-07-19
reptile_amphibian,pet_0281,,レプティグロー,レプティグロー,brand_reptile_amphibian_EXOTERRA,EXO TERRA,ジェックス,reptile_amphibian_supplies,爬虫類・両生類用品,reptile_heating_lighting,reptile・heating・lighting,シリーズ,容量違いは統合,A,公式カタログを参照した初期商品マスタ候補。内容量別SKUは登録しない。,https://product.gex-fp.co.jp/exoterra/?m=Product,false,要確認,該当なし,該当なし,official_catalog_series,content_variants_collapsed,false,,not_found_official,https://product.gex-fp.co.jp/exoterra/?cid=402&m=ProductList,GEX公式現行UV球一覧にレプティグローを確認できない。現行掲載はレプタイルUVB。,2026-07-19
reptile_amphibian,pet_0282,,レプティソーラー,レプティソーラー,brand_reptile_amphibian_EXOTERRA,EXO TERRA,ジェックス,reptile_amphibian_supplies,爬虫類・両生類用品,reptile_heating_lighting,reptile・heating・lighting,シリーズ,容量違いは統合,A,公式カタログを参照した初期商品マスタ候補。内容量別SKUは登録しない。,https://product.gex-fp.co.jp/exoterra/?m=Product,false,要確認,該当なし,該当なし,official_catalog_series,content_variants_collapsed,false,,not_found_official,https://product.gex-fp.co.jp/exoterra/?cid=402&m=ProductList,GEX公式現行UV球一覧にレプティソーラーを確認できない。現行掲載はソーラーグローUV。,2026-07-19
reptile_amphibian,pet_0283,,ヒーティングトップ,ヒーティングトップ,brand_reptile_amphibian_EXOTERRA,EXO TERRA,ジェックス,reptile_amphibian_supplies,爬虫類・両生類用品,reptile_heating_lighting,reptile・heating・lighting,シリーズ,容量違いは統合,A,公式カタログを参照した初期商品マスタ候補。内容量別SKUは登録しない。,https://product.gex-fp.co.jp/exoterra/?m=Product,true,要確認,該当なし,該当なし,official_catalog_series,content_variants_collapsed,false,,verified_active,https://product.gex-fp.co.jp/exoterra/?cid=406&m=ProductList,GEX公式保温器具一覧でヒーティングトップを確認。サイズ違いは統合。,2026-07-19
reptile_amphibian,pet_0284,,ライトドーム,ライトドーム,brand_reptile_amphibian_EXOTERRA,EXO TERRA,ジェックス,reptile_amphibian_supplies,爬虫類・両生類用品,reptile_heating_lighting,reptile・heating・lighting,シリーズ,容量違いは統合,A,公式カタログを参照した初期商品マスタ候補。内容量別SKUは登録しない。,https://product.gex-fp.co.jp/exoterra/?m=Product,true,要確認,該当なし,該当なし,official_catalog_series,content_variants_collapsed,false,,verified_active,https://product.gex-fp.co.jp/exoterra/?cid=405&m=ProductList,GEX公式照明器具一覧でライトドームを確認。サイズ違いは統合。,2026-07-19
reptile_amphibian,pet_0285,,グロースタンド,グロースタンド,brand_reptile_amphibian_EXOTERRA,EXO TERRA,ジェックス,reptile_amphibian_supplies,爬虫類・両生類用品,reptile_heating_lighting,reptile・heating・lighting,シリーズ,容量違いは統合,A,公式カタログを参照した初期商品マスタ候補。内容量別SKUは登録しない。,https://product.gex-fp.co.jp/exoterra/?m=Product,true,要確認,該当なし,該当なし,official_catalog_series,content_variants_collapsed,false,,verified_active,https://product.gex-fp.co.jp/exoterra/?cid=405&m=ProductList,GEX公式照明器具一覧でクリップスタンド グロースタンドを確認。,2026-07-19
reptile_amphibian,pet_0286,,サーモスタット,サーモスタット,brand_reptile_amphibian_EXOTERRA,EXO TERRA,ジェックス,reptile_amphibian_supplies,爬虫類・両生類用品,reptile_heating_lighting,reptile・heating・lighting,シリーズ,容量違いは統合,A,公式カタログを参照した初期商品マスタ候補。内容量別SKUは登録しない。,https://product.gex-fp.co.jp/exoterra/?m=Product,false,要確認,該当なし,該当なし,official_catalog_series,content_variants_collapsed,false,,not_found_official,https://product.gex-fp.co.jp/exoterra/?cid=406&m=ProductList,GEX公式現行保温器具一覧にサーモスタットを商品名として確認できない。現行掲載はイージーグローサーモとタイマーサーモ。,2026-07-19
reptile_amphibian,pet_0287,,デザートサンド,デザートサンド,brand_reptile_amphibian_EXOTERRA,EXO TERRA,ジェックス,reptile_amphibian_supplies,爬虫類・両生類用品,reptile_substrate_care,reptile・substrate・care,シリーズ,容量違いは統合,A,公式カタログを参照した初期商品マスタ候補。内容量別SKUは登録しない。,https://product.gex-fp.co.jp/exoterra/?m=Product,true,要確認,該当なし,該当なし,official_catalog_series,content_variants_collapsed,false,,verified_active,https://product.gex-fp.co.jp/exoterra/?m=ProductList&cid=417,GEX公式床材一覧でデザートサンド レッドを確認。色を除くプロダクトとして統合。,2026-07-19
reptile_amphibian,pet_0288,,サンドマット,サンドマット,brand_reptile_amphibian_EXOTERRA,EXO TERRA,ジェックス,reptile_amphibian_supplies,爬虫類・両生類用品,reptile_substrate_care,reptile・substrate・care,シリーズ,容量違いは統合,A,公式カタログを参照した初期商品マスタ候補。内容量別SKUは登録しない。,https://product.gex-fp.co.jp/exoterra/?m=Product,false,要確認,該当なし,該当なし,official_catalog_series,content_variants_collapsed,false,,not_found_official,https://product.gex-fp.co.jp/exoterra/?cid=417&m=ProductList,GEX公式現行床材一覧にサンドマットを確認できない。,2026-07-19
reptile_amphibian,pet_0289,,フォレストバーク,フォレストバーク,brand_reptile_amphibian_EXOTERRA,EXO TERRA,ジェックス,reptile_amphibian_supplies,爬虫類・両生類用品,reptile_substrate_care,reptile・substrate・care,シリーズ,容量違いは統合,A,公式カタログを参照した初期商品マスタ候補。内容量別SKUは登録しない。,https://product.gex-fp.co.jp/exoterra/?m=Product,true,要確認,該当なし,該当なし,official_catalog_series,content_variants_collapsed,false,,verified_active,https://www.gex-fp.co.jp/exoterra/blog/products/rainforest-forestbark/,Exo Terra公式記事でフォレストバークを確認。,2026-07-19
reptile_amphibian,pet_0290,,ココナッツチップ,ココナッツチップ,brand_reptile_amphibian_EXOTERRA,EXO TERRA,ジェックス,reptile_amphibian_supplies,爬虫類・両生類用品,reptile_substrate_care,reptile・substrate・care,シリーズ,容量違いは統合,A,公式カタログを参照した初期商品マスタ候補。内容量別SKUは登録しない。,https://product.gex-fp.co.jp/exoterra/?m=Product,false,要確認,該当なし,該当なし,official_catalog_series,content_variants_collapsed,false,,not_found_official,https://product.gex-fp.co.jp/exoterra/?cid=417&m=ProductList,GEX公式現行床材一覧にココナッツチップを確認できない。現行掲載はテラリウムハスク。,2026-07-19
reptile_amphibian,pet_0291,,テラリウムソイル,テラリウムソイル,brand_reptile_amphibian_EXOTERRA,EXO TERRA,ジェックス,reptile_amphibian_supplies,爬虫類・両生類用品,reptile_substrate_care,reptile・substrate・care,シリーズ,容量違いは統合,A,公式カタログを参照した初期商品マスタ候補。内容量別SKUは登録しない。,https://product.gex-fp.co.jp/exoterra/?m=Product,true,要確認,該当なし,該当なし,official_catalog_series,content_variants_collapsed,false,,verified_active,https://product.gex-fp.co.jp/exoterra/?m=ProductList&cid=417,GEX公式床材一覧でテラリウムソイルを確認。,2026-07-19
reptile_amphibian,pet_0292,,レプティボウル,レプティボウル,brand_reptile_amphibian_EXOTERRA,EXO TERRA,ジェックス,reptile_amphibian_supplies,爬虫類・両生類用品,reptile_substrate_care,reptile・substrate・care,シリーズ,容量違いは統合,A,公式カタログを参照した初期商品マスタ候補。内容量別SKUは登録しない。,https://product.gex-fp.co.jp/exoterra/?m=Product,false,要確認,該当なし,該当なし,official_catalog_series,content_variants_collapsed,false,,not_found_official,https://product.gex-fp.co.jp/exoterra/?cid=412&m=ProductList,GEX公式現行えさ皿一覧にレプティボウルを確認できない。現行掲載はフィーディングディッシュ。,2026-07-19
reptile_amphibian,pet_0293,,ウォーターディッシュ,ウォーターディッシュ,brand_reptile_amphibian_EXOTERRA,EXO TERRA,ジェックス,reptile_amphibian_supplies,爬虫類・両生類用品,reptile_substrate_care,reptile・substrate・care,シリーズ,容量違いは統合,A,公式カタログを参照した初期商品マスタ候補。内容量別SKUは登録しない。,https://product.gex-fp.co.jp/exoterra/?m=Product,true,要確認,該当なし,該当なし,official_catalog_series,content_variants_collapsed,false,,verified_active,https://product.gex-fp.co.jp/exoterra/?cid=413&m=ProductList,GEX公式水のみ皿一覧でウォーターディッシュを確認。サイズ違いは統合。,2026-07-19
reptile_amphibian,pet_0294,,カルシウムパウダー,カルシウムパウダー,brand_reptile_amphibian_EXOTERRA,EXO TERRA,ジェックス,reptile_amphibian_supplies,爬虫類・両生類用品,reptile_substrate_care,reptile・substrate・care,シリーズ,容量違いは統合,A,公式カタログを参照した初期商品マスタ候補。内容量別SKUは登録しない。,https://product.gex-fp.co.jp/exoterra/?m=Product,true,要確認,該当なし,該当なし,official_catalog_series,content_variants_collapsed,false,,verified_active,https://product.gex-fp.co.jp/exoterra/?cid=410&m=ProductList,GEX公式栄養補助食品一覧でカルシウムを確認。容量違いは統合。,2026-07-19
reptile_amphibian,pet_0295,,ビタミンパウダー,ビタミンパウダー,brand_reptile_amphibian_EXOTERRA,EXO TERRA,ジェックス,reptile_amphibian_supplies,爬虫類・両生類用品,reptile_substrate_care,reptile・substrate・care,シリーズ,容量違いは統合,A,公式カタログを参照した初期商品マスタ候補。内容量別SKUは登録しない。,https://product.gex-fp.co.jp/exoterra/?m=Product,true,要確認,該当なし,該当なし,official_catalog_series,content_variants_collapsed,false,,verified_active,https://product.gex-fp.co.jp/exoterra/?cid=410&m=ProductList,GEX公式栄養補助食品一覧でマルチビタミンを確認。ビタミンパウダーとして統合。,2026-07-19
reptile_amphibian,pet_0296,,モンスーン,モンスーン,brand_reptile_amphibian_EXOTERRA,EXO TERRA,ジェックス,reptile_amphibian_supplies,爬虫類・両生類用品,reptile_substrate_care,reptile・substrate・care,シリーズ,容量違いは統合,A,公式カタログを参照した初期商品マスタ候補。内容量別SKUは登録しない。,https://product.gex-fp.co.jp/exoterra/?m=Product,true,要確認,該当なし,該当なし,official_catalog_series,content_variants_collapsed,false,,verified_active,https://product.gex-fp.co.jp/exoterra/?cid=408&m=ProductList,GEX公式湿度管理用品一覧でモンスーンナノとモンスーンソロを確認。,2026-07-19
insect,pet_0297,,すこやかゼリー,すこやかゼリー,brand_insect_KB,KBファーム,KBファーム,insect_supplies,昆虫用品,insect_jelly,insect・jelly,シリーズ,容量違いは統合,A,公式カタログを参照した初期商品マスタ候補。内容量別SKUは登録しない。,https://www.topcreate.jp/,false,要確認,該当なし,該当なし,official_catalog_series,content_variants_collapsed,false,,not_found_official,https://wraios.co.jp/kbfarm.htm,KBファーム公式現行商品一覧にすこやかゼリーを確認できない。現行掲載はプロゼリー。,2026-07-19
insect,pet_0298,,昆虫ゼリー 高タンパク,昆虫ゼリー 高タンパク,brand_insect_KB,KBファーム,KBファーム,insect_supplies,昆虫用品,insect_jelly,insect・jelly,シリーズ,容量違いは統合,A,公式カタログを参照した初期商品マスタ候補。内容量別SKUは登録しない。,https://www.topcreate.jp/,false,要確認,該当なし,該当なし,official_catalog_series,content_variants_collapsed,false,,not_found_official,https://wraios.co.jp/kbfarm.htm,KBファーム公式現行商品一覧に昆虫ゼリー 高タンパクを確認できない。現行掲載はプロゼリー。,2026-07-19
insect,pet_0299,,昆虫ゼリー カブトムシ用,昆虫ゼリー カブトムシ用,brand_insect_KB,KBファーム,KBファーム,insect_supplies,昆虫用品,insect_jelly,insect・jelly,シリーズ,容量違いは統合,A,公式カタログを参照した初期商品マスタ候補。内容量別SKUは登録しない。,https://www.topcreate.jp/,false,要確認,該当なし,該当なし,official_catalog_series,content_variants_collapsed,false,,not_found_official,https://wraios.co.jp/kbfarm.htm,KBファーム公式現行商品一覧に昆虫ゼリー カブトムシ用を確認できない。,2026-07-19
insect,pet_0300,,昆虫ゼリー クワガタ用,昆虫ゼリー クワガタ用,brand_insect_KB,KBファーム,KBファーム,insect_supplies,昆虫用品,insect_jelly,insect・jelly,シリーズ,容量違いは統合,A,公式カタログを参照した初期商品マスタ候補。内容量別SKUは登録しない。,https://www.topcreate.jp/,false,要確認,該当なし,該当なし,official_catalog_series,content_variants_collapsed,false,,not_found_official,https://wraios.co.jp/kbfarm.htm,KBファーム公式現行商品一覧に昆虫ゼリー クワガタ用を確認できない。,2026-07-19
insect,pet_0301,,バイオ発酵マット,バイオ発酵マット,brand_insect_,フジコン,フジコン,insect_supplies,昆虫用品,insect_bedding,insect・bedding,シリーズ,容量違いは統合,A,公式カタログを参照した初期商品マスタ候補。内容量別SKUは登録しない。,https://www.topcreate.jp/,false,要確認,該当なし,該当なし,official_catalog_series,content_variants_collapsed,false,,not_found_official,https://www.fujikon.net/04mat.htm,フジコン公式現行昆虫マット一覧にバイオ発酵マットを確認できない。現行掲載はデブロPro発酵マット等。,2026-07-19
insect,pet_0302,,くぬぎマット,くぬぎマット,brand_insect_,フジコン,フジコン,insect_supplies,昆虫用品,insect_bedding,insect・bedding,シリーズ,容量違いは統合,A,公式カタログを参照した初期商品マスタ候補。内容量別SKUは登録しない。,https://www.topcreate.jp/,false,要確認,該当なし,該当なし,official_catalog_series,content_variants_collapsed,false,,not_found_official,https://www.fujikon.net/04mat.htm,フジコン公式現行昆虫マット一覧にくぬぎマットを確認できない。,2026-07-19
insect,pet_0303,,昆虫育成マット,昆虫育成マット,brand_insect_,フジコン,フジコン,insect_supplies,昆虫用品,insect_bedding,insect・bedding,シリーズ,容量違いは統合,A,公式カタログを参照した初期商品マスタ候補。内容量別SKUは登録しない。,https://www.topcreate.jp/,false,要確認,該当なし,該当なし,official_catalog_series,content_variants_collapsed,false,,not_found_official,https://www.fujikon.net/04mat.htm,フジコン公式現行昆虫マット一覧に昆虫育成マットを確認できない。,2026-07-19
insect,pet_0304,,カブトムシ育成マット,カブトムシ育成マット,brand_insect_,フジコン,フジコン,insect_supplies,昆虫用品,insect_bedding,insect・bedding,シリーズ,容量違いは統合,A,公式カタログを参照した初期商品マスタ候補。内容量別SKUは登録しない。,https://www.topcreate.jp/,false,要確認,該当なし,該当なし,official_catalog_series,content_variants_collapsed,false,,not_found_official,https://www.fujikon.net/04mat.htm,フジコン公式現行昆虫マット一覧にカブトムシ育成マットを確認できない。,2026-07-19
insect,pet_0305,,クワガタ育成マット,クワガタ育成マット,brand_insect_,フジコン,フジコン,insect_supplies,昆虫用品,insect_bedding,insect・bedding,シリーズ,容量違いは統合,A,公式カタログを参照した初期商品マスタ候補。内容量別SKUは登録しない。,https://www.topcreate.jp/,false,要確認,該当なし,該当なし,official_catalog_series,content_variants_collapsed,false,,not_found_official,https://www.fujikon.net/04mat02.htm,フジコン公式現行昆虫マット一覧にクワガタ育成マットを確認できない。,2026-07-19
insect,pet_0306,,昆虫飼育用朽木,昆虫飼育用朽木,brand_insect_,フジコン,フジコン,insect_supplies,昆虫用品,insect_bedding,insect・bedding,シリーズ,容量違いは統合,A,公式カタログを参照した初期商品マスタ候補。内容量別SKUは登録しない。,https://www.topcreate.jp/,false,要確認,該当なし,該当なし,official_catalog_series,content_variants_collapsed,false,,not_found_official,https://fujikon.net/,フジコン公式現行商品一覧に昆虫飼育用朽木を確認できない。現行掲載は用途別の産卵材。,2026-07-19
insect,pet_0307,,産卵木,産卵木,brand_insect_,フジコン,フジコン,insect_supplies,昆虫用品,insect_bedding,insect・bedding,シリーズ,容量違いは統合,A,公式カタログを参照した初期商品マスタ候補。内容量別SKUは登録しない。,https://www.topcreate.jp/,false,要確認,該当なし,該当なし,official_catalog_series,content_variants_collapsed,false,,not_found_official,https://fujikon.net/,フジコン公式現行商品一覧に産卵木を確認できない。現行掲載は用途別の産卵材。,2026-07-19
insect,pet_0308,,昆虫ゼリー フルーツ,昆虫ゼリー フルーツ,brand_insect_,マルカン,マルカン,insect_supplies,昆虫用品,insect_care,insect・care,シリーズ,容量違いは統合,A,公式カタログを参照した初期商品マスタ候補。内容量別SKUは登録しない。,https://www.marukan.org/,false,要確認,該当なし,該当なし,official_catalog_series,content_variants_collapsed,false,,not_found_official,https://page.mkgr.jp/product/insect/category-1359/,マルカン公式現行昆虫フード一覧に昆虫ゼリー フルーツを確認できない。現行掲載はフルーツ農園フラット。,2026-07-19
insect,pet_0309,,昆虫ゼリー 昆虫飼育用,昆虫ゼリー 昆虫飼育用,brand_insect_,マルカン,マルカン,insect_supplies,昆虫用品,insect_care,insect・care,シリーズ,容量違いは統合,A,公式カタログを参照した初期商品マスタ候補。内容量別SKUは登録しない。,https://www.marukan.org/,false,要確認,該当なし,該当なし,official_catalog_series,content_variants_collapsed,false,,not_found_official,https://page.mkgr.jp/product/insect/category-1359/,マルカン公式現行昆虫フード一覧に昆虫ゼリー 昆虫飼育用を確認できない。,2026-07-19
insect,pet_0310,,カブトムシの蜜,カブトムシの蜜,brand_insect_,マルカン,マルカン,insect_supplies,昆虫用品,insect_care,insect・care,シリーズ,容量違いは統合,A,公式カタログを参照した初期商品マスタ候補。内容量別SKUは登録しない。,https://www.marukan.org/,false,要確認,該当なし,該当なし,official_catalog_series,content_variants_collapsed,false,,not_found_official,https://page.mkgr.jp/product/insect/category-1359/,マルカン公式現行昆虫フード一覧にカブトムシの蜜を確認できない。,2026-07-19
insect,pet_0311,,昆虫用保湿スプレー,昆虫用保湿スプレー,brand_insect_,マルカン,マルカン,insect_supplies,昆虫用品,insect_care,insect・care,シリーズ,容量違いは統合,A,公式カタログを参照した初期商品マスタ候補。内容量別SKUは登録しない。,https://www.marukan.org/,false,要確認,該当なし,該当なし,official_catalog_series,content_variants_collapsed,false,,not_found_official,https://page.mkgr.jp/product/insect/,マルカン公式現行昆虫用品一覧に昆虫用保湿スプレーを確認できない。,2026-07-19
insect,pet_0312,,昆虫飼育用止まり木,昆虫飼育用止まり木,brand_insect_,マルカン,マルカン,insect_supplies,昆虫用品,insect_care,insect・care,シリーズ,容量違いは統合,A,公式カタログを参照した初期商品マスタ候補。内容量別SKUは登録しない。,https://www.marukan.org/,false,要確認,該当なし,該当なし,official_catalog_series,content_variants_collapsed,false,,not_found_official,https://page.mkgr.jp/product/insect/,マルカン公式現行昆虫用品一覧に昆虫飼育用止まり木を確認できない。,2026-07-19
dog,pet_coverage_0001,,デオシート,デオシート,brand_ユニ・チャーム,ユニ・チャーム,ユニ・チャーム,pet_sheets,ペットシーツ,pet_sheets,ペットシーツ,プロダクト,容量違いは統合,B,必須カテゴリ網羅のためメーカー公式カタログから追加。,https://jp.unicharmpet.com/ja/dog/toilet-sheets.html,true,該当なし,該当なし,該当なし,official_catalog,content_variants_collapsed,false,,verified_active,https://jp.unicharmpet.com/ja/dog/toilet-sheets.html,ユニ・チャーム公式犬用トイレシーツ一覧で確認。,2026-07-19
dog,pet_coverage_0002,,マナーウェア,マナーウェア,brand_ユニ・チャーム,ユニ・チャーム,ユニ・チャーム,diapers,マナーウェア・おむつ,diapers,マナーウェア・おむつ,プロダクト,容量違いは統合,B,必須カテゴリ網羅のためメーカー公式カタログから追加。,https://jp.unicharmpet.com/ja/dog/diaper.html,true,該当なし,該当なし,該当なし,official_catalog,content_variants_collapsed,false,,verified_active,https://jp.unicharmpet.com/ja/dog/diaper.html,ユニ・チャーム公式犬用マナーウェア一覧で確認。,2026-07-19
dog,pet_coverage_0003,,デオクリーン,デオクリーン,brand_ユニ・チャーム,ユニ・チャーム,ユニ・チャーム,deodorizer,消臭用品,deodorizer,消臭用品,プロダクト,容量違いは統合,B,必須カテゴリ網羅のためメーカー公式カタログから追加。,https://jp.unicharmpet.com/ja/dog/toilet.html,true,該当なし,該当なし,該当なし,official_catalog,content_variants_collapsed,false,,verified_active,https://jp.unicharmpet.com/ja/dog/toilet.html,ユニ・チャーム公式犬用トイレ・消臭用品一覧で確認。,2026-07-19
dog,pet_coverage_0004,,ジョイペット 薬用スキンケアシャンプー,ジョイペット 薬用スキンケアシャンプー,brand_ジョンソントレーディング,ジョンソントレーディング,ジョンソントレーディング,shampoo,シャンプー,shampoo,シャンプー,プロダクト,容量違いは統合,B,必須カテゴリ網羅のためメーカー公式カタログから追加。,https://www.joypet.jp/dog/,true,該当なし,該当なし,該当なし,official_catalog,content_variants_collapsed,false,,verified_active,https://www.joypet.jp/dog/,公式犬用ケア用品カタログで確認。,2026-07-19
dog,pet_coverage_0005,,ジョイペット 涙やけクリーナー,ジョイペット 涙やけクリーナー,brand_ジョンソントレーディング,ジョンソントレーディング,ジョンソントレーディング,eye_care,目元ケア,eye_care,目元ケア,プロダクト,容量違いは統合,B,必須カテゴリ網羅のためメーカー公式カタログから追加。,https://www.joypet.jp/dog/,true,該当なし,該当なし,該当なし,official_catalog,content_variants_collapsed,false,,verified_active,https://www.joypet.jp/dog/,公式犬用ケア用品カタログで確認。,2026-07-19
dog,pet_coverage_0006,,ジョイペット 耳そうじシート,ジョイペット 耳そうじシート,brand_ジョンソントレーディング,ジョンソントレーディング,ジョンソントレーディング,ear_care,耳ケア,ear_care,耳ケア,プロダクト,容量違いは統合,B,必須カテゴリ網羅のためメーカー公式カタログから追加。,https://www.joypet.jp/dog/,true,該当なし,該当なし,該当なし,official_catalog,content_variants_collapsed,false,,verified_active,https://www.joypet.jp/dog/,公式犬用ケア用品カタログで確認。,2026-07-19
dog,pet_coverage_0007,,ジョイペット 肉球ケアジェル,ジョイペット 肉球ケアジェル,brand_ジョンソントレーディング,ジョンソントレーディング,ジョンソントレーディング,paw_care,肉球ケア,paw_care,肉球ケア,プロダクト,容量違いは統合,B,必須カテゴリ網羅のためメーカー公式カタログから追加。,https://www.joypet.jp/dog/,true,該当なし,該当なし,該当なし,official_catalog,content_variants_collapsed,false,,verified_active,https://www.joypet.jp/dog/,公式犬用ケア用品カタログで確認。,2026-07-19
dog,pet_coverage_0008,,デントレーナー,デントレーナー,brand_ペティオ,ペティオ,ペティオ,dental_care,デンタルケア用品,dental_care,デンタルケア用品,プロダクト,容量違いは統合,B,必須カテゴリ網羅のためメーカー公式カタログから追加。,https://www.petio.com/products/dog/,true,該当なし,該当なし,該当なし,official_catalog,content_variants_collapsed,false,,verified_active,https://www.petio.com/products/dog/,ペティオ公式犬用用品カタログで確認。,2026-07-19
dog,pet_coverage_0009,,犬用ミルク,犬用ミルク,brand_森乳サンワールド,森乳サンワールド,森乳サンワールド,milk,ミルク,milk,ミルク,プロダクト,容量違いは統合,B,必須カテゴリ網羅のためメーカー公式カタログから追加。,https://www.morinyu.co.jp/pet/,true,該当なし,該当なし,該当なし,official_catalog,content_variants_collapsed,false,,verified_active,https://www.morinyu.co.jp/pet/,森乳サンワールド公式ペット用品カタログで確認。,2026-07-19
dog,pet_coverage_0010,,ペットキレイ ウェットティッシュ,ペットキレイ ウェットティッシュ,brand_ライオンペット,ライオンペット,ライオンペット,wet_tissues,ウェットティッシュ,wet_tissues,ウェットティッシュ,プロダクト,容量違いは統合,B,必須カテゴリ網羅のためメーカー公式カタログから追加。,https://www.lion-pet.co.jp/products/dog/,true,該当なし,該当なし,該当なし,official_catalog,content_variants_collapsed,false,,verified_active,https://www.lion-pet.co.jp/products/dog/,ライオンペット公式犬用用品カタログで確認。,2026-07-19
dog,pet_coverage_0011,,シュシュット お散歩用うんち袋,シュシュット お散歩用うんち袋,brand_ライオンペット,ライオンペット,ライオンペット,waste_bags,うんち袋,waste_bags,うんち袋,プロダクト,容量違いは統合,B,必須カテゴリ網羅のためメーカー公式カタログから追加。,https://www.lion-pet.co.jp/products/dog/,true,該当なし,該当なし,該当なし,official_catalog,content_variants_collapsed,false,,verified_active,https://www.lion-pet.co.jp/products/dog/,ライオンペット公式犬用用品カタログで確認。,2026-07-19
dog,pet_coverage_0012,,ペットキレイ ノミ・ダニクリーナー,ペットキレイ ノミ・ダニクリーナー,brand_ライオンペット,ライオンペット,ライオンペット,flea_tick_care,ノミ・ダニ対策用品,flea_tick_care,ノミ・ダニ対策用品,プロダクト,容量違いは統合,B,必須カテゴリ網羅のためメーカー公式カタログから追加。,https://www.lion-pet.co.jp/products/dog/,true,該当なし,該当なし,該当なし,official_catalog,content_variants_collapsed,false,,verified_active,https://www.lion-pet.co.jp/products/dog/,ライオンペット公式犬用用品カタログで確認。,2026-07-19
rabbit,pet_coverage_0013,,ラビットプレミアムフード,ラビットプレミアムフード,brand_ジェックス,ジェックス,ジェックス,main_pellet,主食用ペレット,main_pellet,主食用ペレット,プロダクト,容量違いは統合,B,必須カテゴリ網羅のためメーカー公式カタログから追加。,https://www.gex-fp.co.jp/animal/,true,該当なし,該当なし,該当なし,official_catalog,content_variants_collapsed,false,,verified_active,https://www.gex-fp.co.jp/animal/,ジェックス公式小動物用品カタログで確認。,2026-07-19
rabbit,pet_coverage_0014,,ラビットプレミアムチモシー,ラビットプレミアムチモシー,brand_ジェックス,ジェックス,ジェックス,timothy,チモシー,timothy,チモシー,プロダクト,容量違いは統合,B,必須カテゴリ網羅のためメーカー公式カタログから追加。,https://www.gex-fp.co.jp/animal/,true,該当なし,該当なし,該当なし,official_catalog,content_variants_collapsed,false,,verified_active,https://www.gex-fp.co.jp/animal/,ジェックス公式小動物用品カタログで確認。,2026-07-19
rabbit,pet_coverage_0015,,ラビットプレミアムアルファルファ,ラビットプレミアムアルファルファ,brand_ジェックス,ジェックス,ジェックス,alfalfa,アルファルファ,alfalfa,アルファルファ,プロダクト,容量違いは統合,B,必須カテゴリ網羅のためメーカー公式カタログから追加。,https://www.gex-fp.co.jp/animal/,true,該当なし,該当なし,該当なし,official_catalog,content_variants_collapsed,false,,verified_active,https://www.gex-fp.co.jp/animal/,ジェックス公式小動物用品カタログで確認。,2026-07-19
rabbit,pet_coverage_0016,,ラビットプレミアムサプリ,ラビットプレミアムサプリ,brand_ジェックス,ジェックス,ジェックス,supplement,サプリメント,supplement,サプリメント,プロダクト,容量違いは統合,B,必須カテゴリ網羅のためメーカー公式カタログから追加。,https://www.gex-fp.co.jp/animal/,true,該当なし,該当なし,該当なし,official_catalog,content_variants_collapsed,false,,verified_active,https://www.gex-fp.co.jp/animal/,ジェックス公式小動物用品カタログで確認。,2026-07-19
rabbit,pet_coverage_0017,,ラビットプレミアムかじり木,ラビットプレミアムかじり木,brand_ジェックス,ジェックス,ジェックス,chew_toy,かじり木,chew_toy,かじり木,プロダクト,容量違いは統合,B,必須カテゴリ網羅のためメーカー公式カタログから追加。,https://www.gex-fp.co.jp/animal/,true,該当なし,該当なし,該当なし,official_catalog,content_variants_collapsed,false,,verified_active,https://www.gex-fp.co.jp/animal/,ジェックス公式小動物用品カタログで確認。,2026-07-19
rabbit,pet_coverage_0018,,ラビットトイレ砂,ラビットトイレ砂,brand_ジェックス,ジェックス,ジェックス,toilet_litter,トイレ砂,toilet_litter,トイレ砂,プロダクト,容量違いは統合,B,必須カテゴリ網羅のためメーカー公式カタログから追加。,https://www.gex-fp.co.jp/animal/,true,該当なし,該当なし,該当なし,official_catalog,content_variants_collapsed,false,,verified_active,https://www.gex-fp.co.jp/animal/,ジェックス公式小動物用品カタログで確認。,2026-07-19
rabbit,pet_coverage_0019,,ラビットトイレシーツ,ラビットトイレシーツ,brand_ジェックス,ジェックス,ジェックス,toilet_sheets,トイレシーツ,toilet_sheets,トイレシーツ,プロダクト,容量違いは統合,B,必須カテゴリ網羅のためメーカー公式カタログから追加。,https://www.gex-fp.co.jp/animal/,true,該当なし,該当なし,該当なし,official_catalog,content_variants_collapsed,false,,verified_active,https://www.gex-fp.co.jp/animal/,ジェックス公式小動物用品カタログで確認。,2026-07-19
rabbit,pet_coverage_0020,,うさピカ消臭剤,うさピカ消臭剤,brand_ジェックス,ジェックス,ジェックス,deodorizer,消臭用品,deodorizer,消臭用品,プロダクト,容量違いは統合,B,必須カテゴリ網羅のためメーカー公式カタログから追加。,https://www.gex-fp.co.jp/animal/,true,該当なし,該当なし,該当なし,official_catalog,content_variants_collapsed,false,,verified_active,https://www.gex-fp.co.jp/animal/,ジェックス公式小動物用品カタログで確認。,2026-07-19
small_mammal,pet_coverage_0021,,ハムスター用ペレット,ハムスター用ペレット,brand_マルカン,マルカン,マルカン,pellet,ペレット,pellet,ペレット,プロダクト,容量違いは統合,B,必須カテゴリ網羅のためメーカー公式カタログから追加。,https://page.mkgr.jp/product/small_animals/category-1342/,true,該当なし,該当なし,該当なし,official_catalog,content_variants_collapsed,false,,verified_active,https://page.mkgr.jp/product/small_animals/category-1342/,マルカン公式小動物フード一覧で確認。,2026-07-19
small_mammal,pet_coverage_0022,,ハムスター用ミルク,ハムスター用ミルク,brand_マルカン,マルカン,マルカン,milk,ミルク,milk,ミルク,プロダクト,容量違いは統合,B,必須カテゴリ網羅のためメーカー公式カタログから追加。,https://page.mkgr.jp/product/small_animals/,true,該当なし,該当なし,該当なし,official_catalog,content_variants_collapsed,false,,verified_active,https://page.mkgr.jp/product/small_animals/,マルカン公式小動物用品カタログで確認。,2026-07-19
small_mammal,pet_coverage_0023,,ハムスター用かじり木,ハムスター用かじり木,brand_マルカン,マルカン,マルカン,chew_toy,かじり木,chew_toy,かじり木,プロダクト,容量違いは統合,B,必須カテゴリ網羅のためメーカー公式カタログから追加。,https://page.mkgr.jp/product/small_animals/,true,該当なし,該当なし,該当なし,official_catalog,content_variants_collapsed,false,,verified_active,https://page.mkgr.jp/product/small_animals/,マルカン公式小動物用品カタログで確認。,2026-07-19
small_mammal,pet_coverage_0024,,ハムスター用巣材,ハムスター用巣材,brand_マルカン,マルカン,マルカン,nesting_material,巣材,nesting_material,巣材,プロダクト,容量違いは統合,B,必須カテゴリ網羅のためメーカー公式カタログから追加。,https://page.mkgr.jp/product/small_animals/,true,該当なし,該当なし,該当なし,official_catalog,content_variants_collapsed,false,,verified_active,https://page.mkgr.jp/product/small_animals/,マルカン公式小動物用品カタログで確認。,2026-07-19
small_mammal,pet_coverage_0025,,ハムスター用浴び砂,ハムスター用浴び砂,brand_マルカン,マルカン,マルカン,bathing_sand,浴び砂,bathing_sand,浴び砂,プロダクト,容量違いは統合,B,必須カテゴリ網羅のためメーカー公式カタログから追加。,https://page.mkgr.jp/product/small_animals/,true,該当なし,該当なし,該当なし,official_catalog,content_variants_collapsed,false,,verified_active,https://page.mkgr.jp/product/small_animals/,マルカン公式小動物用品カタログで確認。,2026-07-19
small_mammal,pet_coverage_0026,,ハムスター用床材,ハムスター用床材,brand_マルカン,マルカン,マルカン,bedding,床材,bedding,床材,プロダクト,容量違いは統合,B,必須カテゴリ網羅のためメーカー公式カタログから追加。,https://page.mkgr.jp/product/small_animals/,true,該当なし,該当なし,該当なし,official_catalog,content_variants_collapsed,false,,verified_active,https://page.mkgr.jp/product/small_animals/,マルカン公式小動物用品カタログで確認。,2026-07-19
small_mammal,pet_coverage_0027,,小動物用消臭剤,小動物用消臭剤,brand_マルカン,マルカン,マルカン,deodorizer,消臭用品,deodorizer,消臭用品,プロダクト,容量違いは統合,B,必須カテゴリ網羅のためメーカー公式カタログから追加。,https://page.mkgr.jp/product/small_animals/,true,該当なし,該当なし,該当なし,official_catalog,content_variants_collapsed,false,,verified_active,https://page.mkgr.jp/product/small_animals/,マルカン公式小動物用品カタログで確認。,2026-07-19
small_mammal,pet_coverage_0028,,小動物用毛球ケア,小動物用毛球ケア,brand_マルカン,マルカン,マルカン,hairball_care,毛球ケア用品,hairball_care,毛球ケア用品,プロダクト,容量違いは統合,B,必須カテゴリ網羅のためメーカー公式カタログから追加。,https://page.mkgr.jp/product/small_animals/,true,該当なし,該当なし,該当なし,official_catalog,content_variants_collapsed,false,,verified_active,https://page.mkgr.jp/product/small_animals/,マルカン公式小動物用品カタログで確認。,2026-07-19
small_mammal,pet_coverage_0029,,小動物用デンタルケア,小動物用デンタルケア,brand_マルカン,マルカン,マルカン,dental_care,デンタルケア用品,dental_care,デンタルケア用品,プロダクト,容量違いは統合,B,必須カテゴリ網羅のためメーカー公式カタログから追加。,https://page.mkgr.jp/product/small_animals/,true,該当なし,該当なし,該当なし,official_catalog,content_variants_collapsed,false,,verified_active,https://page.mkgr.jp/product/small_animals/,マルカン公式小動物用品カタログで確認。,2026-07-19
bird,pet_coverage_0030,,セキセイインコ用シード,セキセイインコ用シード,brand_マルカン,マルカン,マルカン,seed,シード,seed,シード,プロダクト,容量違いは統合,B,必須カテゴリ網羅のためメーカー公式カタログから追加。,https://page.mkgr.jp/product/bird/category-1341/,true,該当なし,該当なし,該当なし,official_catalog,content_variants_collapsed,false,,verified_active,https://page.mkgr.jp/product/bird/category-1341/,マルカン公式小鳥フード一覧で確認。,2026-07-19
bird,pet_coverage_0031,,オカメインコ用ペレット,オカメインコ用ペレット,brand_マルカン,マルカン,マルカン,pellet,ペレット,pellet,ペレット,プロダクト,容量違いは統合,B,必須カテゴリ網羅のためメーカー公式カタログから追加。,https://page.mkgr.jp/product/bird/category-1341/,true,該当なし,該当なし,該当なし,official_catalog,content_variants_collapsed,false,,verified_active,https://page.mkgr.jp/product/bird/category-1341/,マルカン公式小鳥フード一覧で確認。,2026-07-19
bird,pet_coverage_0032,,小鳥用フォーミュラ,小鳥用フォーミュラ,brand_マルカン,マルカン,マルカン,formula,フォーミュラ,formula,フォーミュラ,プロダクト,容量違いは統合,B,必須カテゴリ網羅のためメーカー公式カタログから追加。,https://page.mkgr.jp/product/bird/category-1341/,true,該当なし,該当なし,該当なし,official_catalog,content_variants_collapsed,false,,verified_active,https://page.mkgr.jp/product/bird/category-1341/,マルカン公式小鳥フード一覧で確認。,2026-07-19
bird,pet_coverage_0033,,ひな鳥用さし餌,ひな鳥用さし餌,brand_マルカン,マルカン,マルカン,chick_food,手乗り・雛用フード,chick_food,手乗り・雛用フード,プロダクト,容量違いは統合,B,必須カテゴリ網羅のためメーカー公式カタログから追加。,https://page.mkgr.jp/product/bird/category-1341/,true,該当なし,該当なし,該当なし,official_catalog,content_variants_collapsed,false,,verified_active,https://page.mkgr.jp/product/bird/category-1341/,マルカン公式小鳥フード一覧で確認。,2026-07-19
bird,pet_coverage_0034,,小鳥用カルシウム,小鳥用カルシウム,brand_マルカン,マルカン,マルカン,calcium,カルシウム,calcium,カルシウム,プロダクト,容量違いは統合,B,必須カテゴリ網羅のためメーカー公式カタログから追加。,https://page.mkgr.jp/product/bird/category-1341/,true,該当なし,該当なし,該当なし,official_catalog,content_variants_collapsed,false,,verified_active,https://page.mkgr.jp/product/bird/category-1341/,マルカン公式小鳥フード一覧で確認。,2026-07-19
bird,pet_coverage_0035,,小鳥用ボレー粉,小鳥用ボレー粉,brand_マルカン,マルカン,マルカン,grit,ボレー粉,grit,ボレー粉,プロダクト,容量違いは統合,B,必須カテゴリ網羅のためメーカー公式カタログから追加。,https://page.mkgr.jp/product/bird/category-1341/,true,該当なし,該当なし,該当なし,official_catalog,content_variants_collapsed,false,,verified_active,https://page.mkgr.jp/product/bird/category-1341/,マルカン公式小鳥フード一覧で確認。,2026-07-19
bird,pet_coverage_0036,,小鳥用カトルボーン,小鳥用カトルボーン,brand_マルカン,マルカン,マルカン,cuttlebone,カトルボーン,cuttlebone,カトルボーン,プロダクト,容量違いは統合,B,必須カテゴリ網羅のためメーカー公式カタログから追加。,https://page.mkgr.jp/product/bird/,true,該当なし,該当なし,該当なし,official_catalog,content_variants_collapsed,false,,verified_active,https://page.mkgr.jp/product/bird/,マルカン公式小鳥用品カタログで確認。,2026-07-19
bird,pet_coverage_0037,,小鳥用塩土,小鳥用塩土,brand_マルカン,マルカン,マルカン,mineral,塩土・ミネラル用品,mineral,塩土・ミネラル用品,プロダクト,容量違いは統合,B,必須カテゴリ網羅のためメーカー公式カタログから追加。,https://page.mkgr.jp/product/bird/,true,該当なし,該当なし,該当なし,official_catalog,content_variants_collapsed,false,,verified_active,https://page.mkgr.jp/product/bird/,マルカン公式小鳥用品カタログで確認。,2026-07-19
bird,pet_coverage_0038,,小鳥用敷紙,小鳥用敷紙,brand_マルカン,マルカン,マルカン,bedding,床材・敷紙,bedding,床材・敷紙,プロダクト,容量違いは統合,B,必須カテゴリ網羅のためメーカー公式カタログから追加。,https://page.mkgr.jp/product/bird/,true,該当なし,該当なし,該当なし,official_catalog,content_variants_collapsed,false,,verified_active,https://page.mkgr.jp/product/bird/,マルカン公式小鳥用品カタログで確認。,2026-07-19
bird,pet_coverage_0039,,小鳥用水浴び用品,小鳥用水浴び用品,brand_マルカン,マルカン,マルカン,bath,水浴び用品,bath,水浴び用品,プロダクト,容量違いは統合,B,必須カテゴリ網羅のためメーカー公式カタログから追加。,https://page.mkgr.jp/product/bird/,true,該当なし,該当なし,該当なし,official_catalog,content_variants_collapsed,false,,verified_active,https://page.mkgr.jp/product/bird/,マルカン公式小鳥用品カタログで確認。,2026-07-19
aquarium_fish,pet_coverage_0040,,テトラミン フレーク,テトラミン フレーク,brand_スペクトラム ブランズ ジャパン,スペクトラム ブランズ ジャパン,スペクトラム ブランズ ジャパン,flake_food,フレークフード,flake_food,フレークフード,プロダクト,容量違いは統合,B,必須カテゴリ網羅のためメーカー公式カタログから追加。,https://spectrumbrands.jp/product-category/aquarium/,true,該当なし,該当なし,該当なし,official_catalog,content_variants_collapsed,false,,verified_active,https://spectrumbrands.jp/product-category/aquarium/,テトラ公式観賞魚用品カタログで確認。,2026-07-19
aquarium_fish,pet_coverage_0041,,テトラミン グラニュール,テトラミン グラニュール,brand_スペクトラム ブランズ ジャパン,スペクトラム ブランズ ジャパン,スペクトラム ブランズ ジャパン,granule_food,顆粒フード,granule_food,顆粒フード,プロダクト,容量違いは統合,B,必須カテゴリ網羅のためメーカー公式カタログから追加。,https://spectrumbrands.jp/product-category/aquarium/,true,該当なし,該当なし,該当なし,official_catalog,content_variants_collapsed,false,,verified_active,https://spectrumbrands.jp/product-category/aquarium/,テトラ公式観賞魚用品カタログで確認。,2026-07-19
aquarium_fish,pet_coverage_0042,,テトラタブレット,テトラタブレット,brand_スペクトラム ブランズ ジャパン,スペクトラム ブランズ ジャパン,スペクトラム ブランズ ジャパン,tablet_food,タブレットフード,tablet_food,タブレットフード,プロダクト,容量違いは統合,B,必須カテゴリ網羅のためメーカー公式カタログから追加。,https://spectrumbrands.jp/product-category/aquarium/,true,該当なし,該当なし,該当なし,official_catalog,content_variants_collapsed,false,,verified_active,https://spectrumbrands.jp/product-category/aquarium/,テトラ公式観賞魚用品カタログで確認。,2026-07-19
aquarium_fish,pet_coverage_0043,,テトラキリミン ベビー,テトラキリミン ベビー,brand_スペクトラム ブランズ ジャパン,スペクトラム ブランズ ジャパン,スペクトラム ブランズ ジャパン,fry_food,稚魚用フード,fry_food,稚魚用フード,プロダクト,容量違いは統合,B,必須カテゴリ網羅のためメーカー公式カタログから追加。,https://spectrumbrands.jp/product-category/aquarium/,true,該当なし,該当なし,該当なし,official_catalog,content_variants_collapsed,false,,verified_active,https://spectrumbrands.jp/product-category/aquarium/,テトラ公式観賞魚用品カタログで確認。,2026-07-19
aquarium_fish,pet_coverage_0044,,テトラベタ,テトラベタ,brand_スペクトラム ブランズ ジャパン,スペクトラム ブランズ ジャパン,スペクトラム ブランズ ジャパン,betta_food,ベタ用フード,betta_food,ベタ用フード,プロダクト,容量違いは統合,B,必須カテゴリ網羅のためメーカー公式カタログから追加。,https://spectrumbrands.jp/product-category/aquarium/,true,該当なし,該当なし,該当なし,official_catalog,content_variants_collapsed,false,,verified_active,https://spectrumbrands.jp/product-category/aquarium/,テトラ公式観賞魚用品カタログで確認。,2026-07-19
aquarium_fish,pet_coverage_0045,,テトラマリン,テトラマリン,brand_スペクトラム ブランズ ジャパン,スペクトラム ブランズ ジャパン,スペクトラム ブランズ ジャパン,marine_food,海水魚用フード,marine_food,海水魚用フード,プロダクト,容量違いは統合,B,必須カテゴリ網羅のためメーカー公式カタログから追加。,https://spectrumbrands.jp/product-category/aquarium/,true,該当なし,該当なし,該当なし,official_catalog,content_variants_collapsed,false,,verified_active,https://spectrumbrands.jp/product-category/aquarium/,テトラ公式観賞魚用品カタログで確認。,2026-07-19
aquarium_fish,pet_coverage_0046,,テトラコントラコロライン,テトラコントラコロライン,brand_スペクトラム ブランズ ジャパン,スペクトラム ブランズ ジャパン,スペクトラム ブランズ ジャパン,water_conditioner,水質調整剤,water_conditioner,水質調整剤,プロダクト,容量違いは統合,B,必須カテゴリ網羅のためメーカー公式カタログから追加。,https://spectrumbrands.jp/product-category/aquarium/,true,該当なし,該当なし,該当なし,official_catalog,content_variants_collapsed,false,,verified_active,https://spectrumbrands.jp/product-category/aquarium/,テトラ公式観賞魚用品カタログで確認。,2026-07-19
aquarium_fish,pet_coverage_0047,,テトラアクアセイフ,テトラアクアセイフ,brand_スペクトラム ブランズ ジャパン,スペクトラム ブランズ ジャパン,スペクトラム ブランズ ジャパン,dechlorinator,カルキ抜き,dechlorinator,カルキ抜き,プロダクト,容量違いは統合,B,必須カテゴリ網羅のためメーカー公式カタログから追加。,https://spectrumbrands.jp/product-category/aquarium/,true,該当なし,該当なし,該当なし,official_catalog,content_variants_collapsed,false,,verified_active,https://spectrumbrands.jp/product-category/aquarium/,テトラ公式観賞魚用品カタログで確認。,2026-07-19
aquarium_fish,pet_coverage_0048,,テトラセイフスタート,テトラセイフスタート,brand_スペクトラム ブランズ ジャパン,スペクトラム ブランズ ジャパン,スペクトラム ブランズ ジャパン,bacteria,バクテリア剤,bacteria,バクテリア剤,プロダクト,容量違いは統合,B,必須カテゴリ網羅のためメーカー公式カタログから追加。,https://spectrumbrands.jp/product-category/aquarium/,true,該当なし,該当なし,該当なし,official_catalog,content_variants_collapsed,false,,verified_active,https://spectrumbrands.jp/product-category/aquarium/,テトラ公式観賞魚用品カタログで確認。,2026-07-19
aquarium_fish,pet_coverage_0049,,テトラアルゴストップ,テトラアルゴストップ,brand_スペクトラム ブランズ ジャパン,スペクトラム ブランズ ジャパン,スペクトラム ブランズ ジャパン,algae_control,コケ抑制剤,algae_control,コケ抑制剤,プロダクト,容量違いは統合,B,必須カテゴリ網羅のためメーカー公式カタログから追加。,https://spectrumbrands.jp/product-category/aquarium/,true,該当なし,該当なし,該当なし,official_catalog,content_variants_collapsed,false,,verified_active,https://spectrumbrands.jp/product-category/aquarium/,テトラ公式観賞魚用品カタログで確認。,2026-07-19
aquarium_fish,pet_coverage_0050,,テトラ活性炭,テトラ活性炭,brand_スペクトラム ブランズ ジャパン,スペクトラム ブランズ ジャパン,スペクトラム ブランズ ジャパン,activated_carbon,活性炭,activated_carbon,活性炭,プロダクト,容量違いは統合,B,必須カテゴリ網羅のためメーカー公式カタログから追加。,https://spectrumbrands.jp/product-category/aquarium/,true,該当なし,該当なし,該当なし,official_catalog,content_variants_collapsed,false,,verified_active,https://spectrumbrands.jp/product-category/aquarium/,テトラ公式観賞魚用品カタログで確認。,2026-07-19
aquarium_fish,pet_coverage_0051,,テトラバイオバッグ,テトラバイオバッグ,brand_スペクトラム ブランズ ジャパン,スペクトラム ブランズ ジャパン,スペクトラム ブランズ ジャパン,filter_media,フィルター交換材,filter_media,フィルター交換材,プロダクト,容量違いは統合,B,必須カテゴリ網羅のためメーカー公式カタログから追加。,https://spectrumbrands.jp/product-category/aquarium/,true,該当なし,該当なし,該当なし,official_catalog,content_variants_collapsed,false,,verified_active,https://spectrumbrands.jp/product-category/aquarium/,テトラ公式観賞魚用品カタログで確認。,2026-07-19
aquarium_fish,pet_coverage_0052,,テトラテスト 水質検査,テトラテスト 水質検査,brand_スペクトラム ブランズ ジャパン,スペクトラム ブランズ ジャパン,スペクトラム ブランズ ジャパン,water_test,水質検査用品,water_test,水質検査用品,プロダクト,容量違いは統合,B,必須カテゴリ網羅のためメーカー公式カタログから追加。,https://spectrumbrands.jp/product-category/aquarium/,true,該当なし,該当なし,該当なし,official_catalog,content_variants_collapsed,false,,verified_active,https://spectrumbrands.jp/product-category/aquarium/,テトラ公式観賞魚用品カタログで確認。,2026-07-19
aquarium_fish,pet_coverage_0053,,テトラコンプリートサブストレート,テトラコンプリートサブストレート,brand_スペクトラム ブランズ ジャパン,スペクトラム ブランズ ジャパン,スペクトラム ブランズ ジャパン,substrate,底床材,substrate,底床材,プロダクト,容量違いは統合,B,必須カテゴリ網羅のためメーカー公式カタログから追加。,https://spectrumbrands.jp/product-category/aquarium/,true,該当なし,該当なし,該当なし,official_catalog,content_variants_collapsed,false,,verified_active,https://spectrumbrands.jp/product-category/aquarium/,テトラ公式観賞魚用品カタログで確認。,2026-07-19
aquarium_fish,pet_coverage_0054,,テトラ水草肥料,テトラ水草肥料,brand_スペクトラム ブランズ ジャパン,スペクトラム ブランズ ジャパン,スペクトラム ブランズ ジャパン,plant_fertilizer,水草用肥料,plant_fertilizer,水草用肥料,プロダクト,容量違いは統合,B,必須カテゴリ網羅のためメーカー公式カタログから追加。,https://spectrumbrands.jp/product-category/aquarium/,true,該当なし,該当なし,該当なし,official_catalog,content_variants_collapsed,false,,verified_active,https://spectrumbrands.jp/product-category/aquarium/,テトラ公式観賞魚用品カタログで確認。,2026-07-19
aquarium_fish,pet_coverage_0055,,テトラCO2プラス,テトラCO2プラス,brand_スペクトラム ブランズ ジャパン,スペクトラム ブランズ ジャパン,スペクトラム ブランズ ジャパン,co2_consumable,CO2関連消耗品,co2_consumable,CO2関連消耗品,プロダクト,容量違いは統合,B,必須カテゴリ網羅のためメーカー公式カタログから追加。,https://spectrumbrands.jp/product-category/aquarium/,true,該当なし,該当なし,該当なし,official_catalog,content_variants_collapsed,false,,verified_active,https://spectrumbrands.jp/product-category/aquarium/,テトラ公式観賞魚用品カタログで確認。,2026-07-19
reptile_amphibian,pet_coverage_0056,,RepDeli コオロギブースター,RepDeli コオロギブースター,brand_ジェックス,ジェックス,ジェックス,insect_food,昆虫フード,insect_food,昆虫フード,プロダクト,容量違いは統合,B,必須カテゴリ網羅のためメーカー公式カタログから追加。,https://product.gex-fp.co.jp/exoterra/?cid=409&m=ProductList,true,該当なし,該当なし,該当なし,official_catalog,content_variants_collapsed,false,,verified_active,https://product.gex-fp.co.jp/exoterra/?cid=409&m=ProductList,GEX公式フード一覧で確認。,2026-07-19
reptile_amphibian,pet_coverage_0057,,レプタイルカルシウム,レプタイルカルシウム,brand_ジェックス,ジェックス,ジェックス,calcium,カルシウム剤,calcium,カルシウム剤,プロダクト,容量違いは統合,B,必須カテゴリ網羅のためメーカー公式カタログから追加。,https://product.gex-fp.co.jp/exoterra/?cid=410&m=ProductList,true,該当なし,該当なし,該当なし,official_catalog,content_variants_collapsed,false,,verified_active,https://product.gex-fp.co.jp/exoterra/?cid=410&m=ProductList,GEX公式栄養補助食品一覧で確認。,2026-07-19
reptile_amphibian,pet_coverage_0058,,マルチビタミン,マルチビタミン,brand_ジェックス,ジェックス,ジェックス,vitamin,ビタミン剤,vitamin,ビタミン剤,プロダクト,容量違いは統合,B,必須カテゴリ網羅のためメーカー公式カタログから追加。,https://product.gex-fp.co.jp/exoterra/?cid=410&m=ProductList,true,該当なし,該当なし,該当なし,official_catalog,content_variants_collapsed,false,,verified_active,https://product.gex-fp.co.jp/exoterra/?cid=410&m=ProductList,GEX公式栄養補助食品一覧で確認。,2026-07-19
reptile_amphibian,pet_coverage_0059,,ヤシガラ床材,ヤシガラ床材,brand_ジェックス,ジェックス,ジェックス,coconut_substrate,ヤシガラ,coconut_substrate,ヤシガラ,プロダクト,容量違いは統合,B,必須カテゴリ網羅のためメーカー公式カタログから追加。,https://product.gex-fp.co.jp/exoterra/?cid=417&m=ProductList,true,該当なし,該当なし,該当なし,official_catalog,content_variants_collapsed,false,,verified_active,https://product.gex-fp.co.jp/exoterra/?cid=417&m=ProductList,GEX公式床材一覧で確認。,2026-07-19
reptile_amphibian,pet_coverage_0060,,爬虫類用消臭剤,爬虫類用消臭剤,brand_ジェックス,ジェックス,ジェックス,deodorizer,消臭用品,deodorizer,消臭用品,プロダクト,容量違いは統合,B,必須カテゴリ網羅のためメーカー公式カタログから追加。,https://product.gex-fp.co.jp/exoterra/?cid=418&m=ProductList,true,該当なし,該当なし,該当なし,official_catalog,content_variants_collapsed,false,,verified_active,https://product.gex-fp.co.jp/exoterra/?cid=418&m=ProductList,GEX公式メンテナンス用品一覧で確認。,2026-07-19
reptile_amphibian,pet_coverage_0061,,爬虫類用脱皮ケア,爬虫類用脱皮ケア,brand_ジェックス,ジェックス,ジェックス,shedding_care,脱皮ケア用品,shedding_care,脱皮ケア用品,プロダクト,容量違いは統合,B,必須カテゴリ網羅のためメーカー公式カタログから追加。,https://product.gex-fp.co.jp/exoterra/,true,該当なし,該当なし,該当なし,official_catalog,content_variants_collapsed,false,,verified_active,https://product.gex-fp.co.jp/exoterra/,GEX公式爬虫類用品カタログで確認。,2026-07-19
reptile_amphibian,pet_coverage_0062,,カメ用冷凍餌,カメ用冷凍餌,brand_キョーリン,キョーリン,キョーリン,frozen_food,冷凍餌,frozen_food,冷凍餌,プロダクト,容量違いは統合,B,必須カテゴリ網羅のためメーカー公式カタログから追加。,https://www.kyorin-net.co.jp/turtle/index.html,true,該当なし,該当なし,該当なし,official_catalog,content_variants_collapsed,false,,verified_active,https://www.kyorin-net.co.jp/turtle/index.html,キョーリン公式爬虫類・両生類用品カタログで確認。,2026-07-19
reptile_amphibian,pet_coverage_0063,,カエル用乾燥餌,カエル用乾燥餌,brand_キョーリン,キョーリン,キョーリン,dried_food,乾燥餌,dried_food,乾燥餌,プロダクト,容量違いは統合,B,必須カテゴリ網羅のためメーカー公式カタログから追加。,https://www.kyorin-net.co.jp/turtle/index.html,true,該当なし,該当なし,該当なし,official_catalog,content_variants_collapsed,false,,verified_active,https://www.kyorin-net.co.jp/turtle/index.html,キョーリン公式爬虫類・両生類用品カタログで確認。,2026-07-19
reptile_amphibian,pet_coverage_0064,,爬虫類用フィルター交換材,爬虫類用フィルター交換材,brand_ジェックス,ジェックス,ジェックス,filter_media,フィルター交換材,filter_media,フィルター交換材,プロダクト,容量違いは統合,B,必須カテゴリ網羅のためメーカー公式カタログから追加。,https://product.gex-fp.co.jp/exoterra/,true,該当なし,該当なし,該当なし,official_catalog,content_variants_collapsed,false,,verified_active,https://product.gex-fp.co.jp/exoterra/,GEX公式爬虫類用品カタログで確認。,2026-07-19
insect,pet_coverage_0065,,デブロPro発酵マット,デブロPro発酵マット,brand_フジコン,フジコン,フジコン,fermented_mat,発酵マット,fermented_mat,発酵マット,プロダクト,容量違いは統合,B,必須カテゴリ網羅のためメーカー公式カタログから追加。,https://www.fujikon.net/04mat.htm,true,該当なし,該当なし,該当なし,official_catalog,content_variants_collapsed,false,,verified_active,https://www.fujikon.net/04mat.htm,フジコン公式昆虫マット一覧で確認。,2026-07-19
insect,pet_coverage_0066,,クワガタ用菌糸ビン,クワガタ用菌糸ビン,brand_フジコン,フジコン,フジコン,kinshi_bottle,菌糸ビン,kinshi_bottle,菌糸ビン,プロダクト,容量違いは統合,B,必須カテゴリ網羅のためメーカー公式カタログから追加。,https://fujikon.net/,true,該当なし,該当なし,該当なし,official_catalog,content_variants_collapsed,false,,verified_active,https://fujikon.net/,フジコン公式商品一覧で確認。,2026-07-19
insect,pet_coverage_0067,,昆虫用埋め込みマット,昆虫用埋め込みマット,brand_フジコン,フジコン,フジコン,burial_mat,埋め込みマット,burial_mat,埋め込みマット,プロダクト,容量違いは統合,B,必須カテゴリ網羅のためメーカー公式カタログから追加。,https://www.fujikon.net/04mat.htm,true,該当なし,該当なし,該当なし,official_catalog,content_variants_collapsed,false,,verified_active,https://www.fujikon.net/04mat.htm,フジコン公式昆虫マット一覧で確認。,2026-07-19
insect,pet_coverage_0068,,昆虫用腐葉土,昆虫用腐葉土,brand_フジコン,フジコン,フジコン,leaf_mold,腐葉土,leaf_mold,腐葉土,プロダクト,容量違いは統合,B,必須カテゴリ網羅のためメーカー公式カタログから追加。,https://www.fujikon.net/04mat.htm,true,該当なし,該当なし,該当なし,official_catalog,content_variants_collapsed,false,,verified_active,https://www.fujikon.net/04mat.htm,フジコン公式昆虫マット一覧で確認。,2026-07-19
insect,pet_coverage_0069,,コオロギフード,コオロギフード,brand_フジコン,フジコン,フジコン,cricket_food,コオロギフード,cricket_food,コオロギフード,プロダクト,容量違いは統合,B,必須カテゴリ網羅のためメーカー公式カタログから追加。,https://fujikon.net/,true,該当なし,該当なし,該当なし,official_catalog,content_variants_collapsed,false,,verified_active,https://fujikon.net/,フジコン公式商品一覧で確認。,2026-07-19
insect,pet_coverage_0070,,鈴虫フード,鈴虫フード,brand_フジコン,フジコン,フジコン,bell_cricket_food,鈴虫フード,bell_cricket_food,鈴虫フード,プロダクト,容量違いは統合,B,必須カテゴリ網羅のためメーカー公式カタログから追加。,https://fujikon.net/,true,該当なし,該当なし,該当なし,official_catalog,content_variants_collapsed,false,,verified_active,https://fujikon.net/,フジコン公式商品一覧で確認。,2026-07-19
insect,pet_coverage_0071,,昆虫用給水ゼリー,昆虫用給水ゼリー,brand_フジコン,フジコン,フジコン,hydration,給水用品,hydration,給水用品,プロダクト,容量違いは統合,B,必須カテゴリ網羅のためメーカー公式カタログから追加。,https://fujikon.net/,true,該当なし,該当なし,該当なし,official_catalog,content_variants_collapsed,false,,verified_active,https://fujikon.net/,フジコン公式商品一覧で確認。,2026-07-19
insect,pet_coverage_0072,,昆虫用保湿用品,昆虫用保湿用品,brand_フジコン,フジコン,フジコン,humidity,保湿用品,humidity,保湿用品,プロダクト,容量違いは統合,B,必須カテゴリ網羅のためメーカー公式カタログから追加。,https://fujikon.net/,true,該当なし,該当なし,該当なし,official_catalog,content_variants_collapsed,false,,verified_active,https://fujikon.net/,フジコン公式商品一覧で確認。,2026-07-19
insect,pet_coverage_0073,,昆虫用消臭剤,昆虫用消臭剤,brand_フジコン,フジコン,フジコン,deodorizer,消臭用品,deodorizer,消臭用品,プロダクト,容量違いは統合,B,必須カテゴリ網羅のためメーカー公式カタログから追加。,https://fujikon.net/,true,該当なし,該当なし,該当なし,official_catalog,content_variants_collapsed,false,,verified_active,https://fujikon.net/,フジコン公式商品一覧で確認。,2026-07-19
dog,pet_coverage_0074,,デビフ 犬用ウェットフード,デビフ 犬用ウェットフード,brand_デビフペット,デビフペット,デビフペット,wet_food,ウェットフード,wet_food,ウェットフード,プロダクト,容量違いは統合,B,必須カテゴリ網羅のためメーカー公式カタログから追加。,https://www.dbfpet.co.jp/product-info/,true,該当なし,該当なし,該当なし,official_catalog,content_variants_collapsed,false,,verified_active,https://www.dbfpet.co.jp/product-info/,デビフ公式犬用商品一覧で確認。,2026-07-19
dog,pet_coverage_0075,,半生タイプ犬用フード,半生タイプ犬用フード,brand_日本ペットフード,日本ペットフード,日本ペットフード,semi_moist_food,セミモイストフード,semi_moist_food,セミモイストフード,プロダクト,容量違いは統合,B,必須カテゴリ網羅のためメーカー公式カタログから追加。,https://www.npf.co.jp/dog-products,true,該当なし,該当なし,該当なし,official_catalog,content_variants_collapsed,false,,verified_active,https://www.npf.co.jp/dog-products,日本ペットフード公式犬用フード一覧で確認。,2026-07-19
dog,pet_coverage_0076,,犬用療法食,犬用療法食,brand_ロイヤルカナン ジャポン,ロイヤルカナン ジャポン,ロイヤルカナン ジャポン,therapeutic_food,療法食,therapeutic_food,療法食,プロダクト,容量違いは統合,B,必須カテゴリ網羅のためメーカー公式カタログから追加。,https://www.royalcanin.com/jp/dogs/products/vet-products,true,該当なし,該当なし,該当なし,official_catalog,content_variants_collapsed,false,,verified_active,https://www.royalcanin.com/jp/dogs/products/vet-products,ロイヤルカナン公式犬用療法食一覧で確認。,2026-07-19
dog,pet_coverage_0077,,犬用おやつ,犬用おやつ,brand_ペティオ,ペティオ,ペティオ,treat,おやつ,treat,おやつ,プロダクト,容量違いは統合,B,必須カテゴリ網羅のためメーカー公式カタログから追加。,https://www.petio.com/products/dog/,true,該当なし,該当なし,該当なし,official_catalog,content_variants_collapsed,false,,verified_active,https://www.petio.com/products/dog/,ペティオ公式犬用用品カタログで確認。,2026-07-19
dog,pet_coverage_0078,,ペットキレイ トリートメント,ペットキレイ トリートメント,brand_ライオンペット,ライオンペット,ライオンペット,conditioner,トリートメント,conditioner,トリートメント,プロダクト,容量違いは統合,B,必須カテゴリ網羅のためメーカー公式カタログから追加。,https://www.lion-pet.co.jp/products/dog/,true,該当なし,該当なし,該当なし,official_catalog,content_variants_collapsed,false,,verified_active,https://www.lion-pet.co.jp/products/dog/,ライオンペット公式犬用用品カタログで確認。,2026-07-19
dog,pet_coverage_0079,,犬用トイレトレー,犬用トイレトレー,brand_リッチェル,リッチェル,リッチェル,toilet,トイレ用品,toilet,トイレ用品,プロダクト,容量違いは統合,B,必須カテゴリ網羅のためメーカー公式カタログから追加。,https://www.richell.co.jp/shop/pet/dog/,true,該当なし,該当なし,該当なし,official_catalog,content_variants_collapsed,false,,verified_active,https://www.richell.co.jp/shop/pet/dog/,リッチェル公式犬用用品カタログで確認。,2026-07-19
rabbit,pet_coverage_0080,,うさぎ用補助食,うさぎ用補助食,brand_ハイペット,ハイペット,ハイペット,supplementary_food,補助食,supplementary_food,補助食,プロダクト,容量違いは統合,B,必須カテゴリ網羅のためメーカー公式カタログから追加。,https://www.hipet.co.jp/product/,true,該当なし,該当なし,該当なし,official_catalog,content_variants_collapsed,false,,verified_active,https://www.hipet.co.jp/product/,ハイペット公式小動物商品一覧で確認。,2026-07-19
rabbit,pet_coverage_0081,,うさぎ用おやつ,うさぎ用おやつ,brand_ハイペット,ハイペット,ハイペット,treat,おやつ,treat,おやつ,プロダクト,容量違いは統合,B,必須カテゴリ網羅のためメーカー公式カタログから追加。,https://www.hipet.co.jp/product/,true,該当なし,該当なし,該当なし,official_catalog,content_variants_collapsed,false,,verified_active,https://www.hipet.co.jp/product/,ハイペット公式小動物商品一覧で確認。,2026-07-19
rabbit,pet_coverage_0082,,うさぎ用毛球ケア,うさぎ用毛球ケア,brand_ハイペット,ハイペット,ハイペット,hairball_care,毛球ケア用品,hairball_care,毛球ケア用品,プロダクト,容量違いは統合,B,必須カテゴリ網羅のためメーカー公式カタログから追加。,https://www.hipet.co.jp/product/,true,該当なし,該当なし,該当なし,official_catalog,content_variants_collapsed,false,,verified_active,https://www.hipet.co.jp/product/,ハイペット公式小動物商品一覧で確認。,2026-07-19
rabbit,pet_coverage_0083,,うさぎ用床材,うさぎ用床材,brand_ジェックス,ジェックス,ジェックス,bedding,床材,bedding,床材,プロダクト,容量違いは統合,B,必須カテゴリ網羅のためメーカー公式カタログから追加。,https://www.gex-fp.co.jp/animal/,true,該当なし,該当なし,該当なし,official_catalog,content_variants_collapsed,false,,verified_active,https://www.gex-fp.co.jp/animal/,ジェックス公式小動物用品カタログで確認。,2026-07-19
rabbit,pet_coverage_0084,,うさぎ用グルーミング用品,うさぎ用グルーミング用品,brand_ジェックス,ジェックス,ジェックス,grooming,グルーミング用品,grooming,グルーミング用品,プロダクト,容量違いは統合,B,必須カテゴリ網羅のためメーカー公式カタログから追加。,https://www.gex-fp.co.jp/animal/,true,該当なし,該当なし,該当なし,official_catalog,content_variants_collapsed,false,,verified_active,https://www.gex-fp.co.jp/animal/,ジェックス公式小動物用品カタログで確認。,2026-07-19
rabbit,pet_coverage_0085,,うさぎ用シャンプータオル,うさぎ用シャンプータオル,brand_ジェックス,ジェックス,ジェックス,shampoo_towel,シャンプータオル,shampoo_towel,シャンプータオル,プロダクト,容量違いは統合,B,必須カテゴリ網羅のためメーカー公式カタログから追加。,https://www.gex-fp.co.jp/animal/,true,該当なし,該当なし,該当なし,official_catalog,content_variants_collapsed,false,,verified_active,https://www.gex-fp.co.jp/animal/,ジェックス公式小動物用品カタログで確認。,2026-07-19
rabbit,pet_coverage_0086,,うさぎ用給水ボトル交換品,うさぎ用給水ボトル交換品,brand_ジェックス,ジェックス,ジェックス,water_replacement,給水関連の交換品,water_replacement,給水関連の交換品,プロダクト,容量違いは統合,B,必須カテゴリ網羅のためメーカー公式カタログから追加。,https://www.gex-fp.co.jp/animal/,true,該当なし,該当なし,該当なし,official_catalog,content_variants_collapsed,false,,verified_active,https://www.gex-fp.co.jp/animal/,ジェックス公式小動物用品カタログで確認。,2026-07-19
small_mammal,pet_coverage_0087,,小動物用おやつ,小動物用おやつ,brand_マルカン,マルカン,マルカン,treat,おやつ,treat,おやつ,プロダクト,容量違いは統合,B,必須カテゴリ網羅のためメーカー公式カタログから追加。,https://page.mkgr.jp/product/small_animals/category-1342/,true,該当なし,該当なし,該当なし,official_catalog,content_variants_collapsed,false,,verified_active,https://page.mkgr.jp/product/small_animals/category-1342/,マルカン公式小動物フード一覧で確認。,2026-07-19
small_mammal,pet_coverage_0088,,小動物用サプリメント,小動物用サプリメント,brand_マルカン,マルカン,マルカン,supplement,サプリメント,supplement,サプリメント,プロダクト,容量違いは統合,B,必須カテゴリ網羅のためメーカー公式カタログから追加。,https://page.mkgr.jp/product/small_animals/,true,該当なし,該当なし,該当なし,official_catalog,content_variants_collapsed,false,,verified_active,https://page.mkgr.jp/product/small_animals/,マルカン公式小動物用品カタログで確認。,2026-07-19
small_mammal,pet_coverage_0089,,小動物用トイレ砂,小動物用トイレ砂,brand_マルカン,マルカン,マルカン,toilet_litter,トイレ砂,toilet_litter,トイレ砂,プロダクト,容量違いは統合,B,必須カテゴリ網羅のためメーカー公式カタログから追加。,https://page.mkgr.jp/product/small_animals/,true,該当なし,該当なし,該当なし,official_catalog,content_variants_collapsed,false,,verified_active,https://page.mkgr.jp/product/small_animals/,マルカン公式小動物用品カタログで確認。,2026-07-19
small_mammal,pet_coverage_0090,,小動物用グルーミング用品,小動物用グルーミング用品,brand_マルカン,マルカン,マルカン,grooming,グルーミング用品,grooming,グルーミング用品,プロダクト,容量違いは統合,B,必須カテゴリ網羅のためメーカー公式カタログから追加。,https://page.mkgr.jp/product/small_animals/,true,該当なし,該当なし,該当なし,official_catalog,content_variants_collapsed,false,,verified_active,https://page.mkgr.jp/product/small_animals/,マルカン公式小動物用品カタログで確認。,2026-07-19
bird,pet_coverage_0091,,小鳥用混合フード,小鳥用混合フード,brand_マルカン,マルカン,マルカン,mixed_food,混合フード,mixed_food,混合フード,プロダクト,容量違いは統合,B,必須カテゴリ網羅のためメーカー公式カタログから追加。,https://page.mkgr.jp/product/bird/category-1341/,true,該当なし,該当なし,該当なし,official_catalog,content_variants_collapsed,false,,verified_active,https://page.mkgr.jp/product/bird/category-1341/,マルカン公式小鳥フード一覧で確認。,2026-07-19
bird,pet_coverage_0092,,小鳥用おやつ,小鳥用おやつ,brand_マルカン,マルカン,マルカン,treat,おやつ,treat,おやつ,プロダクト,容量違いは統合,B,必須カテゴリ網羅のためメーカー公式カタログから追加。,https://page.mkgr.jp/product/bird/category-1341/,true,該当なし,該当なし,該当なし,official_catalog,content_variants_collapsed,false,,verified_active,https://page.mkgr.jp/product/bird/category-1341/,マルカン公式小鳥フード一覧で確認。,2026-07-19
bird,pet_coverage_0093,,小鳥用サプリメント,小鳥用サプリメント,brand_マルカン,マルカン,マルカン,supplement,サプリメント,supplement,サプリメント,プロダクト,容量違いは統合,B,必須カテゴリ網羅のためメーカー公式カタログから追加。,https://page.mkgr.jp/product/bird/category-1341/,true,該当なし,該当なし,該当なし,official_catalog,content_variants_collapsed,false,,verified_active,https://page.mkgr.jp/product/bird/category-1341/,マルカン公式小鳥フード一覧で確認。,2026-07-19
bird,pet_coverage_0094,,小鳥用砂,小鳥用砂,brand_マルカン,マルカン,マルカン,sand,砂,sand,砂,プロダクト,容量違いは統合,B,必須カテゴリ網羅のためメーカー公式カタログから追加。,https://page.mkgr.jp/product/bird/,true,該当なし,該当なし,該当なし,official_catalog,content_variants_collapsed,false,,verified_active,https://page.mkgr.jp/product/bird/,マルカン公式小鳥用品カタログで確認。,2026-07-19
bird,pet_coverage_0095,,小鳥用消臭用品,小鳥用消臭用品,brand_マルカン,マルカン,マルカン,deodorizer,消臭用品,deodorizer,消臭用品,プロダクト,容量違いは統合,B,必須カテゴリ網羅のためメーカー公式カタログから追加。,https://page.mkgr.jp/product/bird/,true,該当なし,該当なし,該当なし,official_catalog,content_variants_collapsed,false,,verified_active,https://page.mkgr.jp/product/bird/,マルカン公式小鳥用品カタログで確認。,2026-07-19
aquarium_fish,pet_coverage_0096,,冷凍赤虫,冷凍赤虫,brand_キョーリン,キョーリン,キョーリン,frozen_food,冷凍餌,frozen_food,冷凍餌,プロダクト,容量違いは統合,B,必須カテゴリ網羅のためメーカー公式カタログから追加。,https://www.kyorin-net.co.jp/product/index.html,true,該当なし,該当なし,該当なし,official_catalog,content_variants_collapsed,false,,verified_active,https://www.kyorin-net.co.jp/product/index.html,キョーリン公式観賞魚用品カタログで確認。,2026-07-19
aquarium_fish,pet_coverage_0097,,乾燥イトミミズ,乾燥イトミミズ,brand_キョーリン,キョーリン,キョーリン,dried_food,乾燥餌,dried_food,乾燥餌,プロダクト,容量違いは統合,B,必須カテゴリ網羅のためメーカー公式カタログから追加。,https://www.kyorin-net.co.jp/product/index.html,true,該当なし,該当なし,該当なし,official_catalog,content_variants_collapsed,false,,verified_active,https://www.kyorin-net.co.jp/product/index.html,キョーリン公式観賞魚用品カタログで確認。,2026-07-19
aquarium_fish,pet_coverage_0098,,生体餌ブラインシュリンプ,生体餌ブラインシュリンプ,brand_キョーリン,キョーリン,キョーリン,live_food,生体餌,live_food,生体餌,プロダクト,容量違いは統合,B,必須カテゴリ網羅のためメーカー公式カタログから追加。,https://www.kyorin-net.co.jp/product/index.html,true,該当なし,該当なし,該当なし,official_catalog,content_variants_collapsed,false,,verified_active,https://www.kyorin-net.co.jp/product/index.html,キョーリン公式観賞魚用品カタログで確認。,2026-07-19
aquarium_fish,pet_coverage_0099,,エビ用フード,エビ用フード,brand_キョーリン,キョーリン,キョーリン,shrimp_food,エビ用フード,shrimp_food,エビ用フード,プロダクト,容量違いは統合,B,必須カテゴリ網羅のためメーカー公式カタログから追加。,https://www.kyorin-net.co.jp/product/index.html,true,該当なし,該当なし,該当なし,official_catalog,content_variants_collapsed,false,,verified_active,https://www.kyorin-net.co.jp/product/index.html,キョーリン公式観賞魚用品カタログで確認。,2026-07-19
aquarium_fish,pet_coverage_0100,,観賞魚用塩,観賞魚用塩,brand_ジェックス,ジェックス,ジェックス,aquarium_salt,塩,aquarium_salt,塩,プロダクト,容量違いは統合,B,必須カテゴリ網羅のためメーカー公式カタログから追加。,https://www.gex-fp.co.jp/fish/,true,該当なし,該当なし,該当なし,official_catalog,content_variants_collapsed,false,,verified_active,https://www.gex-fp.co.jp/fish/,ジェックス公式観賞魚用品カタログで確認。,2026-07-19
aquarium_fish,pet_coverage_0101,,観賞魚用ウールマット,観賞魚用ウールマット,brand_ジェックス,ジェックス,ジェックス,wool_mat,ウールマット,wool_mat,ウールマット,プロダクト,容量違いは統合,B,必須カテゴリ網羅のためメーカー公式カタログから追加。,https://www.gex-fp.co.jp/fish/,true,該当なし,該当なし,該当なし,official_catalog,content_variants_collapsed,false,,verified_active,https://www.gex-fp.co.jp/fish/,ジェックス公式観賞魚用品カタログで確認。,2026-07-19
aquarium_fish,pet_coverage_0102,,観賞魚用砂利,観賞魚用砂利,brand_ジェックス,ジェックス,ジェックス,gravel,砂利,gravel,砂利,プロダクト,容量違いは統合,B,必須カテゴリ網羅のためメーカー公式カタログから追加。,https://www.gex-fp.co.jp/fish/,true,該当なし,該当なし,該当なし,official_catalog,content_variants_collapsed,false,,verified_active,https://www.gex-fp.co.jp/fish/,ジェックス公式観賞魚用品カタログで確認。,2026-07-19
aquarium_fish,pet_coverage_0103,,観賞魚用ソイル,観賞魚用ソイル,brand_ジェックス,ジェックス,ジェックス,soil,ソイル,soil,ソイル,プロダクト,容量違いは統合,B,必須カテゴリ網羅のためメーカー公式カタログから追加。,https://www.gex-fp.co.jp/fish/,true,該当なし,該当なし,該当なし,official_catalog,content_variants_collapsed,false,,verified_active,https://www.gex-fp.co.jp/fish/,ジェックス公式観賞魚用品カタログで確認。,2026-07-19
reptile_amphibian,pet_coverage_0104,,爬虫類用ペレット,爬虫類用ペレット,brand_ジェックス,ジェックス,ジェックス,pellet,ペレット,pellet,ペレット,プロダクト,容量違いは統合,B,必須カテゴリ網羅のためメーカー公式カタログから追加。,https://product.gex-fp.co.jp/exoterra/?cid=409&m=ProductList,true,該当なし,該当なし,該当なし,official_catalog,content_variants_collapsed,false,,verified_active,https://product.gex-fp.co.jp/exoterra/?cid=409&m=ProductList,GEX公式フード一覧で確認。,2026-07-19
reptile_amphibian,pet_coverage_0105,,爬虫類用活餌,爬虫類用活餌,brand_ジェックス,ジェックス,ジェックス,live_food,活餌,live_food,活餌,プロダクト,容量違いは統合,B,必須カテゴリ網羅のためメーカー公式カタログから追加。,https://product.gex-fp.co.jp/exoterra/,true,該当なし,該当なし,該当なし,official_catalog,content_variants_collapsed,false,,verified_active,https://product.gex-fp.co.jp/exoterra/,GEX公式爬虫類用品カタログで確認。,2026-07-19
reptile_amphibian,pet_coverage_0106,,爬虫類用ゼリー,爬虫類用ゼリー,brand_ジェックス,ジェックス,ジェックス,reptile_jelly,爬虫類用ゼリー,reptile_jelly,爬虫類用ゼリー,プロダクト,容量違いは統合,B,必須カテゴリ網羅のためメーカー公式カタログから追加。,https://product.gex-fp.co.jp/exoterra/?cid=409&m=ProductList,true,該当なし,該当なし,該当なし,official_catalog,content_variants_collapsed,false,,verified_active,https://product.gex-fp.co.jp/exoterra/?cid=409&m=ProductList,GEX公式フード一覧で確認。,2026-07-19
reptile_amphibian,pet_coverage_0107,,カメ用フィルター交換材,カメ用フィルター交換材,brand_ジェックス,ジェックス,ジェックス,filter_media,フィルター交換材,filter_media,フィルター交換材,プロダクト,容量違いは統合,B,必須カテゴリ網羅のためメーカー公式カタログから追加。,https://www.gex-fp.co.jp/,true,該当なし,該当なし,該当なし,official_catalog,content_variants_collapsed,false,,verified_active,https://www.gex-fp.co.jp/,ジェックス公式用品カタログで確認。,2026-07-19
reptile_amphibian,pet_coverage_0108,,爬虫類用紫外線ライト,爬虫類用紫外線ライト,brand_ジェックス,ジェックス,ジェックス,uv_lighting,紫外線ライトの交換用品,uv_lighting,紫外線ライトの交換用品,プロダクト,容量違いは統合,B,必須カテゴリ網羅のためメーカー公式カタログから追加。,https://product.gex-fp.co.jp/exoterra/?cid=402&m=ProductList,true,該当なし,該当なし,該当なし,official_catalog,content_variants_collapsed,false,,verified_active,https://product.gex-fp.co.jp/exoterra/?cid=402&m=ProductList,GEX公式UV球一覧で確認。,2026-07-19
reptile_amphibian,pet_coverage_0109,,爬虫類用保温球,爬虫類用保温球,brand_ジェックス,ジェックス,ジェックス,heat_lamp,保温球,heat_lamp,保温球,プロダクト,容量違いは統合,B,必須カテゴリ網羅のためメーカー公式カタログから追加。,https://product.gex-fp.co.jp/exoterra/?cid=404&m=ProductList,true,該当なし,該当なし,該当なし,official_catalog,content_variants_collapsed,false,,verified_active,https://product.gex-fp.co.jp/exoterra/?cid=404&m=ProductList,GEX公式ライティング一覧で確認。,2026-07-19
insect,pet_coverage_0110,,カブトムシ用成虫マット,カブトムシ用成虫マット,brand_フジコン,フジコン,フジコン,adult_mat,成虫用マット,adult_mat,成虫用マット,プロダクト,容量違いは統合,B,必須カテゴリ網羅のためメーカー公式カタログから追加。,https://www.fujikon.net/04mat.htm,true,該当なし,該当なし,該当なし,official_catalog,content_variants_collapsed,false,,verified_active,https://www.fujikon.net/04mat.htm,フジコン公式昆虫マット一覧で確認。,2026-07-19
insect,pet_coverage_0111,,カブトムシ用蜜,カブトムシ用蜜,brand_マルカン,マルカン,マルカン,insect_honey,昆虫用蜜,insect_honey,昆虫用蜜,プロダクト,容量違いは統合,B,必須カテゴリ網羅のためメーカー公式カタログから追加。,https://page.mkgr.jp/product/insect/category-1359/,true,該当なし,該当なし,該当なし,official_catalog,content_variants_collapsed,false,,verified_active,https://page.mkgr.jp/product/insect/category-1359/,マルカン公式昆虫フード一覧で確認。,2026-07-19
insect,pet_coverage_0112,,昆虫用カルシウム,昆虫用カルシウム,brand_フジコン,フジコン,フジコン,calcium,カルシウム剤,calcium,カルシウム剤,プロダクト,容量違いは統合,B,必須カテゴリ網羅のためメーカー公式カタログから追加。,https://fujikon.net/,true,該当なし,該当なし,該当なし,official_catalog,content_variants_collapsed,false,,verified_active,https://fujikon.net/,フジコン公式商品一覧で確認。,2026-07-19
insect,pet_coverage_0113,,昆虫ケース用床材,昆虫ケース用床材,brand_フジコン,フジコン,フジコン,case_bedding,飼育ケース用床材,case_bedding,飼育ケース用床材,プロダクト,容量違いは統合,B,必須カテゴリ網羅のためメーカー公式カタログから追加。,https://www.fujikon.net/04mat.htm,true,該当なし,該当なし,該当なし,official_catalog,content_variants_collapsed,false,,verified_active,https://www.fujikon.net/04mat.htm,フジコン公式昆虫マット一覧で確認。,2026-07-19
